id                                  , web_series_id                       , season_number, title                         , description                                                                                                                                                                                                                                                                                                                                                                                                                                                                                                                                                                                                                                                                                                                                                                                                                         , poster_url                                                                                                                    , release_year, download_url_complete                     , file_size_complete, created_at                   , updated_at                   , download_url_720p                                      , download_url_1080p                                     , file_size_720p, file_size_1080p
01db9383-89b8-49f1-9848-cfb3e02e6b92, a80c60e7-50bc-4441-9674-ba8c498042b8,             2, Season 2                      ," ""This time", Janta is the ASLI BOSS! High-octane multi-camera 24 hours LIVE channel," action-packed latest episodes and get to make crucial decisions for the housemates – all this and more on this season of Bigg Boss OTT. Get ready to experience Bigg Boss OTT Like Never Before!""                                                                                                                                                                                                                                                                                                                                                                                                                                                                                                                                               ", https://image.tmdb.org/t/p/w500/sYrQoN38sJ2LqMN698Nwljh4Hbe.jpg                                                               ,         2023,                                           ,                   , 2026-09-12 17:00:32.965996+00, 2026-09-12 17:00:32.965996+00,                                                        ,                                                        
02180286-3711-4856-815e-35be7b26f2bb, b24c6629-7baa-4b92-8a9b-d8547aa85134,             1, Season 1                      ," ""Disoriented travelers find themselves trapped in a mysterious town with no exit"," where malevolent forces toy with their minds and hunt them by night.""                                                                                                                                                                                                                                                                                                                                                                                                                                                                                                                                                                                                                                                                             ", https://image.tmdb.org/t/p/w500/ps46NdLlH70ptDD8ailTL8TCZU3.jpg                                                               ,         2022,                                           ,                   , 2026-04-20 10:05:05.16577+00 , 2026-04-29 23:40:14.477279+00, https://hubcloud.foo/drive/c_k_cevcm5mi4qe             , https://hubcloud.foo/drive/dmf1whdfkmvwqee             , 4.12 GB       
039661cd-3c47-44c5-8816-9921d1112599, 041a15c8-e06c-48a1-ab3b-c7533f7e1032,             2, Stranger Things 2             , It's been nearly a year since Will's strange disappearance. But life's hardly back to normal in Hawkins. Not even close.                                                                                                                                                                                                                                                                                                                                                                                                                                                                                                                                                                                                                                                                                                            , https://image.tmdb.org/t/p/w500/74nFJmiapxKuUBXRbSu6VqGGcuo.jpg                                                               ,         2017,                                           ,                   , 2025-12-30 02:10:12.914579+00, 2026-01-03 02:56:06.433415+00, https://hubcloud.foo/drive/3gdwkm34hkwkikk             , https://hubcloud.foo/drive/nlnlj4fhwhp1xdd             , 4.27 GB       , 9.29 GB
0499419e-93ec-42f8-9e3f-00286460e97a, 03a9531b-221e-459a-8464-815356d5cd03,             1, Season 1                      ,                                                                                                                                                                                                                                                                                                                                                                                                                                                                                                                                                                                                                                                                                                                                                                                                                                     , https://image.tmdb.org/t/p/w500/xLRRbb3mYGxmp05XTJjO2qFyGI1.jpg                                                               ,         2025,                                           ,                   , 2025-12-30 02:37:10.753226+00, 2025-12-30 02:37:10.753226+00,                                                        ,                                                        ,               , 
05721b17-7e61-4aff-b018-3df397905884, 7c0c52f6-abd7-4758-8888-07166a291a05,             2, Season 2                      , The struggle for power becomes tougher than ever as the McLuskys work to keep order on all sides of the gate.                                                                                                                                                                                                                                                                                                                                                                                                                                                                                                                                                                                                                                                                                                                       , https://image.tmdb.org/t/p/w500/d9JSilY7nM3J7LtBMXXNqJ03aDY.jpg                                                               ,         2023,                                           ,                   , 2025-12-30 02:41:47.784596+00, 2026-01-10 10:16:44.226775+00, https://hubcloud.foo/drive/9x9xfhdt6tulzch             , https://hubcloud.foo/drive/c1xcj29w1vfi1jj             , 3.32 GB       , 8.22 GB
05adc71a-02b9-4ab6-9ce3-cc635fa16027, 35836d0d-3a19-42e0-a73d-ddec43b115c5,             2, Season 2                      ," ""The cold winds of winter are rising in Westeros...war is coming...and five kings continue their savage quest for control of the all-powerful Iron Throne. With winter fast approaching", the coveted Iron Throne is occupied by the cruel Joffrey, counseled by his conniving mother Cersei and uncle Tyrion. But the Lannister hold on the Throne is under assault on many fronts. Meanwhile, a new leader is rising among the wildings outside the Great Wall," adding new perils for Jon Snow and the order of the Night's Watch.""                                                                                                                                                                                                                                                                                                ", https://image.tmdb.org/t/p/w500/9xfNkPwDOqyeUvfNhs1XlWA0esP.jpg                                                               ,         2012,                                           ,                   , 2026-05-14 07:33:50.483127+00, 2026-05-14 07:39:12.900425+00
05bcc482-43a3-4e80-a513-e962cafad68d, dee61461-85ff-476a-96e4-06739f167c96,             1, Season 1                      ," ""Centuries ago", mankind was slaughtered to near extinction by monstrous humanoid creatures called titans, forcing humans to hide in fear behind enormous concentric walls. What makes these giants truly terrifying is that their taste for human flesh is not born out of hunger but what appears to be out of pleasure. To ensure their survival, the remnants of humanity began living within defensive barriers, resulting in one hundred years without a single titan encounter. However, that fragile calm is soon shattered when a colossal titan manages to breach the supposedly impregnable outer wall," reigniting the fight for survival against the man-eating abominations.""                                                                                                                                           ", https://image.tmdb.org/t/p/w500/3Npd9yTdy76kHzoFpL0SOIxE6Uv.jpg                                                               ,         2013,                                           ,                   
063f7a85-8b8d-4aa5-ab41-149bb158a648, 30100030-4b0f-4b90-8caa-84491a782c2b,             1, Season 1                      ,                                                                                                                                                                                                                                                                                                                                                                                                                                                                                                                                                                                                                                                                                                                                                                                                                                     ,                                                                                                                               ,         2026,                                           ,                   , 2026-03-06 13:23:49.890928+00, 2026-03-13 12:20:47.035418+00, https://hubcloud.foo/drive/f1sdgfyy2xd11sw             , https://hubcloud.foo/drive/e81s0a19atvttv9             , 2.09 GB       , 4.75 GB
06640198-75c1-482b-9a18-6b6dce9b8837, ec1aeb7d-6836-4e79-8dec-3df86bfbf8de,             1, Season 1                      ," ""In a tight-knit Punjabi household", Ghuppi a stammering teen, secretly chases his dream of football while being forced by his revered Ragi singer father to uphold the family tradition. As tensions rise," both father and son must confront.""                                                                                                                                                                                                                                                                                                                                                                                                                                                                                                                                                                                      ",                                                                                                                               ,         2026,                                           ,                   , 2026-02-06 18:46:05.70554+00 , 2026-02-10 06:11:04.918047+00,                                                        
06d55eb8-cd10-4279-8cb4-8cd847fbd5c1, 8971172c-b776-4497-90fc-dd3edfade329,             3, season_3.0                    ," ""Picking up immediately following the season two cliffhanger"," season three explores each character’s motivations and the disintegration between Elliot and Mr. Robot.""                                                                                                                                                                                                                                                                                                                                                                                                                                                                                                                                                                                                                                                              ", https://image.tmdb.org/t/p/w500/AmRhiyXwFvcoqm8DpZCPkFs6vqK.jpg                                                               ,         2017,                                           ,                   , 2026-03-22 19:35:16.198227+00, 2026-04-27 09:32:42.49546+00 , https://hubcloud.foo/drive/rfmr49lafujtmal             , https://hubcloud.foo/drive/c33w7hy91su899j             , 4.63 GB       
06e72a2d-3c67-41a8-9dcc-6eb821635aee, a44e4c25-ae19-442c-94e8-47b4246121f8,             2, Season 2                      ,                                                                                                                                                                                                                                                                                                                                                                                                                                                                                                                                                                                                                                                                                                                                                                                                                                     , https://image.tmdb.org/t/p/w500/2w8S33Q71rpRrl57tq3I1gRPHb6.jpg                                                               ,         2026,                                           ,                   , 2026-08-13 14:11:29.788859+00, 2026-08-13 14:11:29.788859+00,                                                        ,                                                        ,               , 
07a8a776-3386-4cee-9b47-268969f67305, 689d4081-7e07-43b3-8a50-d65e0008c788,             1, Season 1                      ," ""A death on live TV. A culprit who turns to gas. Behind it"," a secret project that used and discarded the vulnerable. One detective pursues the dark truth.""                                                                                                                                                                                                                                                                                                                                                                                                                                                                                                                                                                                                                                                                         ", https://image.tmdb.org/t/p/w500/76loS8kJ5DPpWSX22zbCdJNc7A4.jpg                                                               ,         2026,                                           ,                   , 2026-07-07 14:33:01.644982+00, 2026-07-07 14:33:01.644982+00,                                                        ,                                                        ,               
0875a33d-c3d4-4f32-8c8a-9851f70df0a7, 5dab850c-9a16-4a75-aaa7-987fb18f1890,             1, Season 1                      ," ""Save the Tigers is an Indian Telugu-language comedy drama thriller television series written by Pradeep Advaitham and Mahi V Raghav and directed by Teja Kakumanu. The series produced by Mahi V Raghav and Chinna Vasudeva Reddy under Three Autumn Leaves. It stars Priyadarshi Pulikonda", Abhinav Gomatam, Krishna Chaitanya, Srikanth Iyengar, Gangavva, Jordar Sujatha," Venu Yeldandi and Harsha Vardhan. It premiered on Disney+ Hotstar on 27 April 2023.""                                                                                                                                                                                                                                                                                                                                                                  ", https://image.tmdb.org/t/p/w500/w7l7PmDgJXaIYEt1KLqEFzHLb6m.jpg                                                               ,         2023,                                           ,                   
09c31c24-6baa-4f6f-8755-1ef0dc65a13d, 87dd60b0-767f-4742-972c-5a6308de8d43,             2, Season 2                      , Doron teams up with his former undercover unit when an old enemy who has targeted him for revenge also launches a more ambitious covert plan.                                                                                                                                                                                                                                                                                                                                                                                                                                                                                                                                                                                                                                                                                       , https://image.tmdb.org/t/p/w500/bRkylTpmZ5tz1zcOkwmKb6SIzJB.jpg                                                               ,         2017,                                           ,                   , 2026-09-13 23:18:05.303072+00, 2026-09-13 23:18:05.303072+00,                                                        ,                                                        ,               , 
0bc6f1ef-2b90-4a7d-b68c-e942e9500409, ba675d13-e1a9-4e4f-b9b9-b2f6df7b1e23,             2, Season 2                      ,                                                                                                                                                                                                                                                                                                                                                                                                                                                                                                                                                                                                                                                                                                                                                                                                                                     , https://image.tmdb.org/t/p/w500/6UXlejas8P2hpFTyXNWTSrRvO9p.jpg                                                               ,         2026,                                           ,                   , 2026-06-25 17:02:12.943973+00, 2026-06-25 17:03:36.731633+00,                                                        ,                                                        ,               , 
0d2e9433-c407-4853-8953-4b297fd10b88, 7626edbf-820e-43da-b390-ba1fcd2e9327,             5, Season 5                      ," ""The assault", narcotics and fraud charges against Patrick Jane have been dropped and it's back to business as usual. Or business as unusual for Jane, who uses mind games, tricks and his super sharp skills of observation to solve the state's most puzzling homocides.,,,,,,,
                                                                                                                           ,,,,,,,,,,,,,,
                                                                                                                           Jane's obsession with finding Red John consumes him every waking moment, drawing him outside the law and closer than ever to the serial killer's true identity. But when Homeland Security and the FBI team up with the CBI on the case," Jane's unorthodox methods antagonize even his most loyal allies. Can Jane's skill and charm continue to see him through? How far is too far?""                                                                                                                                                                                                                                                                                                                                                                                                                                              ", https://image.tmdb.org/t/p/w500/3LsyuIXcNDV1mnyZIiBN64GbNzr.jpg                                                               ,         2012,                                           ,                   , 2026-08-31 19:58:59.469397+00, 2026-08-31 19:58:59.469397+00,                                                        ,                                                        ,               , ,,
0e3551e2-7acb-4fdf-b2dd-4ef62f760100, 1d4c1705-f497-45df-afe3-010f05361758,             2, Season 2                      ," ""In season two", Joe discovers a hunter murdered in the mountains and realizes his is just one of a series of gruesome murders. To solve the case and catch the killer, Joe must navigate a radical anti-hunting activist, a ghoulish set of twins living off the grid and his own tortured past. Joe and his wife, Marybeth, discover that the murdered men weren’t as innocent as they seemed. But when they dig too deep," they are forced to go on the run and fight for their very lives.""                                                                                                                                                                                                                                                                                                                                       ", https://image.tmdb.org/t/p/w500/pWBCwK0lp5RLCyG89JzrhEVny47.jpg                                                               ,         2023,                                           ,                   
0edce5dc-10ac-4a26-a3fd-297619e1c119, ace92904-adb4-454f-ada2-e5ac2469afb3,             1, Season 1                      ,                                                                                                                                                                                                                                                                                                                                                                                                                                                                                                                                                                                                                                                                                                                                                                                                                                     , https://image.tmdb.org/t/p/w500/oWUGSadxC9vQPOCeHDDVfDezmQC.jpg                                                               ,         2026,                                           ,                   , 2026-07-11 20:18:56.156307+00, 2026-07-11 20:18:56.156307+00,                                                        ,                                                        ,               , 
0f246a76-ba2f-42a1-9ab9-5d649acd4ec3, 768e4cc0-a944-42fd-bff0-cb58bde1da23,             1, Limited Series                ,                                                                                                                                                                                                                                                                                                                                                                                                                                                                                                                                                                                                                                                                                                                                                                                                                                     , https://image.tmdb.org/t/p/w500/bdVBDtOuBVaKZqYl5hqf1qVkjQo.jpg                                                               ,         2026,                                           ,                   , 2026-04-28 14:11:17.527876+00, 2026-04-29 02:39:06.041035+00, https://hubcloud.foo/drive/ceeuq5acqn1t1rm             , https://hubcloud.foo/drive/2zrygcnyycyz1n1             , 3.41 GB       , 7.41 GB
10559fa0-a318-4398-852a-3d7bb553c0f2, 45245829-b32d-4c17-a08d-7212c318e7cc,             1, Limited Series                ,                                                                                                                                                                                                                                                                                                                                                                                                                                                                                                                                                                                                                                                                                                                                                                                                                                     , https://image.tmdb.org/t/p/w500/dIVobFB25MT5av3NGFDJbAHTd12.jpg                                                               ,         2026,                                           ,                   , 2026-07-03 16:17:01.566512+00, 2026-07-03 16:17:01.566512+00,                                                        ,                                                        ,               , 
10931841-58e0-4301-86f6-3877ea9c853f, 8e7cc07c-ac93-46f6-8f3c-44c0887f2790,             1, Season 1                      ,                                                                                                                                                                                                                                                                                                                                                                                                                                                                                                                                                                                                                                                                                                                                                                                                                                     ,                                                                                                                               ,         2026,                                           ,                   , 2026-03-12 12:45:42.307265+00, 2026-03-15 00:00:05.870933+00, https://hubcloud.foo/drive/lwlo1z3811n1vmm             , https://hubcloud.foo/drive/meliezl650wir4l             , 4.07 GB       , 9.24 GB
109cbe8d-d037-40a2-9e81-e86271afb261, 5dab850c-9a16-4a75-aaa7-987fb18f1890,             2, Season 2                      ," ""Aaaaaand the Tigers are back. The most awaited show of the year", with more twists, love," laughter and chaos.""                                                                                                                                                                                                                                                                                                                                                                                                                                                                                                                                                                                                                                                                                                                      ", https://image.tmdb.org/t/p/w500/39yf5R9O3cN9JqbFnVNSV9Ur3oo.jpg                                                               ,         2024,                                           ,                   , 2026-08-05 11:53:53.374735+00, 2026-08-06 05:49:56.2651+00  , https://hubcloud.cx/drive/ihu5fwflihoigwf              
1106ef9c-9939-46ea-8eb6-a7a70d459082, 475c49ce-3b40-4268-a366-82f0b97879ca,             1, Limited Series                ,                                                                                                                                                                                                                                                                                                                                                                                                                                                                                                                                                                                                                                                                                                                                                                                                                                     , https://image.tmdb.org/t/p/w500/wcgjZ7koqOYDcKUn6DmnNolqmUS.jpg                                                               ,         2026,                                           ,                   , 2026-07-19 00:06:17.009433+00, 2026-08-06 13:32:47.328915+00, https://hubcloud.cx/drive/ao5xxcchxb5zbxi              , https://hubcloud.cx/drive/qnw7kkd1quwdwuo              , 2.61 GB       , 5.78 GB
12630df7-e01d-4660-aae5-a35041f4ae42, fdb52a6d-45e4-41cd-965d-5727812bb9e0,             1, Season 1                      ,                                                                                                                                                                                                                                                                                                                                                                                                                                                                                                                                                                                                                                                                                                                                                                                                                                     , https://image.tmdb.org/t/p/w500/wvAwkKeIs7bkb6EJAYRzpANhfxM.jpg                                                               ,         2026,                                           ,                   , 2026-01-30 01:49:02.598222+00, 2026-02-01 08:30:53.633408+00, https://hubcloud.foo/drive/j5k3hl5ugjl1pgi             , https://hubcloud.foo/drive/011mmkpmmgkk0us             , 2.07 GB       , 3.78 GB
126b7111-6a8c-4d37-8abb-b4cc36931b3c, bf27f0e2-53c8-4bf3-8edc-403aa03e7f51,             1, Season 1                      ,                                                                                                                                                                                                                                                                                                                                                                                                                                                                                                                                                                                                                                                                                                                                                                                                                                     , https://image.tmdb.org/t/p/w500/o9z5VGhEot4VZlpDxpv0Y0MpkUt.jpg                                                               ,         2026,                                           ,                   , 2026-05-07 14:24:15.24374+00 , 2026-05-07 14:25:27.974601+00, https://hubcloud.foo/drive/xtlexssuna6bsbs             , https://hubcloud.foo/drive/veuchxh7qqzaozv             , 3.33 GB       , 7.3 GB
13426aa5-6a30-454f-8c5c-07aeef240efd, 3abc57e3-cb2e-46fd-8fdb-80ce365ec6e7,             1, Season 1                      ,                                                                                                                                                                                                                                                                                                                                                                                                                                                                                                                                                                                                                                                                                                                                                                                                                                     , https://image.tmdb.org/t/p/w500/cK6Nv1YqbkcfpdwefptpIrQFq1J.jpg                                                               ,         2026,                                           ,                   , 2026-02-02 04:12:52.812562+00, 2026-02-02 04:12:52.812562+00,                                                        ,                                                        ,               , 
13b4d80c-61c0-4101-a39f-304aad47d741, 83136214-8b26-4923-bb19-4f0fec5017b0,             3, Season 3                      ,                                                                                                                                                                                                                                                                                                                                                                                                                                                                                                                                                                                                                                                                                                                                                                                                                                     , https://image.tmdb.org/t/p/w500/lOVxB2gjsbw3oSY7yeo8VliSLY2.jpg                                                               ,         2026,                                           ,                   , 2026-08-09 03:40:45.875985+00, 2026-08-09 03:54:44.059214+00, https://hubcloud.cx/drive/rv6nua4vz1gag5n              , https://hubcloud.cx/drive/vsmi34urhpjzmhu              , 4.45 GB       , 9.58 GB
141deb62-25d6-4e60-b780-aba66c85e6d4, 8971172c-b776-4497-90fc-dd3edfade329,             1, season_1.0                    ," ""Elliot finds himself at a crossroad when the mysterious leader of an underground hacker group recruits him to destroy the firm he is paid to protect. Compelled by his personal beliefs"," Elliot struggles to resist the chance to take down the multinational CEOs he believes are running (and ruining) the world.""                                                                                                                                                                                                                                                                                                                                                                                                                                                                                                               ", https://image.tmdb.org/t/p/w500/1aiNh5Gak36EdpdwhvWHIXzAj50.jpg                                                               ,         2015,                                           ,                   , 2026-03-24 10:51:18.220214+00, 2026-04-27 09:18:24.357547+00, https://hubcloud.foo/drive/pp89ltcaqbyl66c             ,                                                        , 4.58 GB       
148273c2-d995-4316-a924-d9dc1d0d7274, e8c551cf-df8b-421c-a55b-ac661835c0b1,             1, Season 1                      ,                                                                                                                                                                                                                                                                                                                                                                                                                                                                                                                                                                                                                                                                                                                                                                                                                                     , https://image.tmdb.org/t/p/w500/xYrHRnFqY1Feq66w9KuoxAlZdro.jpg                                                               ,         2026,                                           ,                   , 2026-01-28 10:23:21.688628+00, 2026-02-01 05:44:56.437553+00, https://hubcloud.foo/drive/se70nne14c7jl0s             , https://hubcloud.foo/drive/xoao1vodovo4dq6             , 1.35 GB       , 3.06 GB
192d6759-fe48-408e-8480-5e3f559af5fc, 383029f2-f469-4ed3-9590-e07620231896,             1, Season 1                      ,                                                                                                                                                                                                                                                                                                                                                                                                                                                                                                                                                                                                                                                                                                                                                                                                                                     , https://image.tmdb.org/t/p/w500/rJEeYiafPQrtFI3d0bpUP7NOmCL.jpg                                                               ,         2026,                                           ,                   , 2026-02-01 09:06:49.45606+00 , 2026-02-01 09:06:49.45606+00 ,                                                        ,                                                        ,               , 
19bcfab1-d44f-4381-b733-cf2ddfc1baf9, 42ac169a-55a3-4ee7-88f6-60a76beb59ba,             2, Season 2                      ,                                                                                                                                                                                                                                                                                                                                                                                                                                                                                                                                                                                                                                                                                                                                                                                                                                     , https://image.tmdb.org/t/p/w500/yeYejiWl8u6aVd57Y5sDCLscsq1.jpg                                                               ,         2026,                                           ,                   , 2026-01-21 22:11:29.167439+00, 2026-01-31 18:08:02.754341+00, https://hubcloud.foo/drive/2dm85ttqjdaxqed             , https://hubcloud.foo/drive/s62pgdf9iicmyvq             , 2.75 GB       , 6.23 GB
19cd8c02-df49-461b-8859-92455ddfddb8, 8002dc82-168b-4725-a641-edfee096876b,             2, Series 2                      ," ""After solving the Andie Bell case", Pip is determined to fix the fallout - and stay away from any more investigations. But as Max Hastings' trial approaches, Connor's brother Jamie suddenly disappears," and Pip finds herself in a race against time to find him.""                                                                                                                                                                                                                                                                                                                                                                                                                                                                                                                                                                ", https://image.tmdb.org/t/p/w500/1JjckYI0TkaUEXVZHyr52P2yejp.jpg                                                               ,         2026,                                           ,                   , 2026-05-29 15:24:23.519921+00, 2026-06-10 10:08:59.802176+00, https://hubcloud.foo/drive/jgubisjzy7doi3e             
19ddff35-41f9-4088-ba3b-18ebe9977d1f, 81684038-b418-400d-bc24-79cac51ad661,             1, Season 1                      ," ""Chaos collides with the letter of the law at District Court Patparganj"," where quirky employees work to uphold justice — but not without a few objections.""                                                                                                                                                                                                                                                                                                                                                                                                                                                                                                                                                                                                                                                                         ", https://image.tmdb.org/t/p/w500/A9krYovvsiUXcQLOnQ2O53MHVwd.jpg                                                               ,         2024,                                           ,                   , 2026-04-12 04:50:23.267632+00, 2026-04-12 04:50:23.267632+00,                                                        ,                                                        ,               
1c012896-4add-4c2c-bd05-79132130d4eb, dfee6827-1afe-4008-aeb8-ad83491f7da8,             3, The Family Man Season 3 (2025), Download The Family Man S03 All Episodes in Hindi | HD (720p / 1080p)                                                                                                                                                                                                                                                                                                                                                                                                                                                                                                                                                                                                                                                                                                                                                               ,                                                                                                                               ,         2025,                                           ,                   , 2025-11-23 09:44:44.296604+00, 2025-11-23 09:48:10.930626+00, https://hubcloud.foo/drive/yvpgvql11qpmuk5             , https://hubcloud.foo/drive/70oosdpspnksqt8             , 3.22 GB       , 7.45 GB
1d734979-4dfe-43a5-ab02-0e54f37b4cf6, ba675d13-e1a9-4e4f-b9b9-b2f6df7b1e23,             1, Season 1                      ,                                                                                                                                                                                                                                                                                                                                                                                                                                                                                                                                                                                                                                                                                                                                                                                                                                     , https://image.tmdb.org/t/p/w500/dHVBAhJ7jfD4S16ZEJmZbjotAD0.jpg                                                               ,         2024,                                           ,                   , 2026-06-25 17:02:10.236463+00, 2026-06-25 17:02:10.236463+00,                                                        ,                                                        ,               , 
1d77c114-1a00-41ee-bbba-b61a95c75170, 8117df31-7890-4bdf-8997-f3d15833a6a5,             1, Season 1                      ,                                                                                                                                                                                                                                                                                                                                                                                                                                                                                                                                                                                                                                                                                                                                                                                                                                     , https://image.tmdb.org/t/p/w500/aqsPtItJNM1haRiibhmhcQxN1m3.jpg                                                               ,         2026,                                           ,                   , 2026-09-17 00:08:58.734567+00, 2026-09-17 18:09:21.13197+00 , https://hubcloud.ist/drive/vlkhw1d11gpfkdv             , https://hubcloud.ist/drive/pup2pa21vsusle5             , 2.51 GB       , 5.26 GB
1eeda36d-1270-47ad-be43-4897d353155d, 7626edbf-820e-43da-b390-ba1fcd2e9327,             4, Season 4                      ," ""Patrick Jane was arrested for the public murder of the man he believes is the notorious serial killer Red John", who murdered his wife and daughter. Unless, of course, the man Patrick shot is someone else. With an upstart new boss, puzzling new cases, and Red John never far from his mind, the unconventional Patrick will need all his razor-sharp skills of observation," manipulative theatrics and smooth charm to sidestep the system that stands in the way of the truth.""                                                                                                                                                                                                                                                                                                                                              ", https://image.tmdb.org/t/p/w500/w5AZMD6f6zQ9JVOBEUWWcdhfFML.jpg                                                               ,         2011,                                           
1f28ce1b-b8ea-4a1c-9e36-492232cdf5de, 5ae2583b-7181-4a06-9a3a-9843afa742e6,             2, Thousand-Year Blood War       ," ""The final arc of the Bleach series", where Ichigo Kurosaki and the Soul Reapers face off against the powerful Quincy army, led by Yhwach," in a battle that threatens the balance of all worlds.""                                                                                                                                                                                                                                                                                                                                                                                                                                                                                                                                                                                                                                    ", https://image.tmdb.org/t/p/w500/eReMMJnHqDeZUYIkA8bZy8ZZZJD.jpg                                                               ,         2022,                                           ,                   , 2026-01-28 10:25:08.914356+00, 2026-01-28 10:25:08.914356+00,                                                        
200bab05-78b3-44a9-900b-4f3349fa8e40, 69b2d8b2-f874-41ce-bb56-156780abccea,             1, Season 1                      ," ""Set during a fictionalized Joseon Dynasty", it follows Gu-cheon, an arrogant ghost-slayer who can walk between worlds, and Saeng-gang, a lowly court lady who hears the dead," as they team up to save the last royal heir.""                                                                                                                                                                                                                                                                                                                                                                                                                                                                                                                                                                                                         ", https://image.tmdb.org/t/p/w500/mUoFBZvlnmiKBXFsH1Z5JpS6MHr.jpg                                                               ,         2026,                                           ,                   , 2026-07-19 00:08:16.423002+00
208c787c-bbfa-4166-a1fe-76724c5d7e26, b398dddd-f929-4b6f-af71-38b2c44d7828,             1, Season 1                      , A former special forces soldier delivers revenge for victims of injustice while working for a secret organization that fronts as a taxi company.                                                                                                                                                                                                                                                                                                                                                                                                                                                                                                                                                                                                                                                                                    , https://image.tmdb.org/t/p/w500/xnNUmtYA9Hjz4c604MNb7itFmP1.jpg                                                               ,         2021,                                           ,                   , 2026-08-29 05:22:54.973598+00, 2026-08-29 05:25:34.79132+00 , https://hubcloud.cx/drive/kr754zr4lrmm5rg              , https://hubcloud.cx/drive/x9rkt9kqiuk1jfq              , 9.71 GB       , 21.35 GB
20adde2e-01b5-4844-b196-4f3320349df3, 2541320c-757e-470e-b08d-239ff40118be,             2, Season 2                      ,                                                                                                                                                                                                                                                                                                                                                                                                                                                                                                                                                                                                                                                                                                                                                                                                                                     , https://image.tmdb.org/t/p/w500/jLnHNlDyqbLhH3vCprNGpKNpiNN.jpg                                                               ,         2026,                                           ,                   , 2026-05-29 14:37:16.130843+00, 2026-06-04 19:03:15.233615+00, https://hubcloud.foo/drive/dd1b51pnm7dfs2y             , https://hubcloud.foo/drive/b98qlle10rrdsma             , 2.56 GB       , 5.63 GB
215d709a-79af-4a5c-a15c-4b4fa5653ed8, 2a1e25e2-34e6-472b-aa35-2f939b0f5426,             2, Season 2                      ,                                                                                                                                                                                                                                                                                                                                                                                                                                                                                                                                                                                                                                                                                                                                                                                                                                     , https://image.tmdb.org/t/p/w500/pCeCMul8edU1PZTb7x4ijgvKcXF.jpg                                                               ,         2026,                                           ,                   , 2026-05-14 21:02:25.652616+00, 2026-05-15 10:43:58.804415+00, https://hubcloud.foo/drive/dhku3o2lncfrdmw             , https://hubcloud.foo/drive/hsshssvp1gopkbs             , 3.36 GB       , 7.78 GB
219ae61c-7bbd-437b-a607-e992dcb55097, 7408a1ec-8192-46fa-98b0-3756186922b4,             3, Season 3                      ," ""Kitty returns for her final year at KISS with her perfect senior year mapped out. She’s going to make meaningful memories with her friends", grow closer to her relatives in Korea, and make big decisions about her future. And, she’s going to define her relationship with Min Ho. For real this time. But when surprise revelations derail her plans and relationships," Kitty will have to learn to embrace the unexpected.""                                                                                                                                                                                                                                                                                                                                                                                                    ", https://image.tmdb.org/t/p/w500/uRwD19oDM02G2N4dBLJ99mPWDOR.jpg                                                               ,         2026,                                           ,                   , 2026-04-11 20:53:28.774613+00, 2026-04-11 21:01:41.551458+00
22354c33-0f59-417d-aab3-fadad9d20293, 2a1e25e2-34e6-472b-aa35-2f939b0f5426,             1, Season 1                      ,                                                                                                                                                                                                                                                                                                                                                                                                                                                                                                                                                                                                                                                                                                                                                                                                                                     , https://image.tmdb.org/t/p/w500/zoa4hJBfthrE1UEjGZ7ezZaAXUr.jpg                                                               ,         2023,                                           ,                   , 2026-05-14 21:02:25.245134+00, 2026-05-14 21:02:25.245134+00,                                                        ,                                                        ,               , 
23169f26-0831-4e7e-90a9-6342e2996386, aaa65bdd-374f-4199-9299-53e886026431,             2, Season 2                      ," ""As Mumbai’s fate hangs in the balance", Sartaj Singh chases a connection to Ganesh Gaitonde’s third father," an enigmatic guru with a catastrophic plan.""                                                                                                                                                                                                                                                                                                                                                                                                                                                                                                                                                                                                                                                                            ", https://image.tmdb.org/t/p/w500/5Bs2SBg97gaqoYH2c9zRNOEctaz.jpg                                                               ,         2019,                                           ,                   , 2026-08-04 17:56:23.338333+00, 2026-08-04 17:59:33.794141+00, https://hubcloud.cx/drive/tiyiysl9jvorb2l              , https://hubcloud.cx/drive/bxlwd3lwkxmjzzl              
23c21f94-cbf0-4805-9781-274aea30f2a5, 9eca62bc-2bef-417a-930e-97631910eb97,             2, Season 2                      ,                                                                                                                                                                                                                                                                                                                                                                                                                                                                                                                                                                                                                                                                                                                                                                                                                                     , https://image.tmdb.org/t/p/w500/j9sohGHcc89P8yw2lAJMAWllWmB.jpg                                                               ,         2026,                                           ,                   , 2026-06-19 06:55:23.755404+00, 2026-06-19 06:55:23.755404+00,                                                        ,                                                        ,               , 
25902eba-776f-4bca-ac1c-f38a0c80a7a3, def0634a-1ee7-475a-8896-63acd8d19234,             2, Season 2                      ,                                                                                                                                                                                                                                                                                                                                                                                                                                                                                                                                                                                                                                                                                                                                                                                                                                     , https://image.tmdb.org/t/p/w500/j9sohGHcc89P8yw2lAJMAWllWmB.jpg                                                               ,         2026,                                           ,                   , 2026-06-19 06:56:11.215923+00, 2026-06-19 06:56:11.215923+00,                                                        ,                                                        ,               , 
2726c11c-c7d3-45bc-a61c-5b0b14d16dc7, 65ab99df-f311-4919-a5d3-47ae47557d5b,             2, Season 2                      ," ""Belly used to count down the days until she could return to Cousins Beach", but with Conrad and Jeremiah fighting over her heart and the return of Susannah's cancer, she's not sure summer will ever be the same. When an unexpected visitor threatens the future of Susannah's beloved house," Belly has to rally the gang to come together—and to decide once and for all where her heart lies.""                                                                                                                                                                                                                                                                                                                                                                                                                                  ", https://image.tmdb.org/t/p/w500/A7ziP4QaTRAwWqGhHyknN5UULlf.jpg                                                               ,         2023,                                           ,                   , 2026-08-08 08:48:09.490917+00, 2026-08-08 08:55:13.548533+00, https://hubcloud.cx/drive/aooe2rb11ebr17g              
27adc1fd-ef3b-4e08-be09-c1debd51574d, 68960430-8965-4953-88c1-a1c8b1b26722,             2, Season 2                      ," ""Based on """"Bad Luck and Trouble", when members of Reacher's old military unit start turning up dead," Reacher has just one thing on his mind—revenge.""                                                                                                                                                                                                                                                                                                                                                                                                                                                                                                                                                                                                                                                                             ", https://image.tmdb.org/t/p/w500/rQRe3ydBYGoyr1mgxUeGHVs2lw5.jpg                                                               ,         2023,                                           ,                   , 2026-08-13 12:07:27.965921+00, 2026-08-13 14:31:14.836609+00, https://hubcloud.cx/drive/bwh9exg0gtssxxe              , https://hubcloud.cx/drive/g8zsrlosco3nrl3              
28ffee35-32ab-4493-bfbe-0d89bc4b2f47, 4af87265-7b38-42c2-81cf-bdd7de90d139,             1, Season 1                      ," ""In 1960s Mumbai", an enterprising cotton trader who craves legitimacy and respect, starts a new gambling game dubbed 'Matka'," that takes the city by storm and democratizes a terrain previously reserved for the rich and elite.""                                                                                                                                                                                                                                                                                                                                                                                                                                                                                                                                                                                                  ", https://image.tmdb.org/t/p/w500/cAWIMbCmzVBi86kEOHKjHZCKGyo.jpg                                                               ,         2026,                                           ,                   , 2026-04-18 00:34:55.324733+00, 2026-04-18 00:37:11.672465+00, https://hubcloud.foo/drive/dpquz0cpx8lxcbq             
291a65d5-0780-45b3-b44d-a4d3263ccc82, 2541320c-757e-470e-b08d-239ff40118be,             1, Season 1                      ,                                                                                                                                                                                                                                                                                                                                                                                                                                                                                                                                                                                                                                                                                                                                                                                                                                     , https://image.tmdb.org/t/p/w500/rt6SspSLBl5PqWXGstR7HlUM3Nj.jpg                                                               ,         2024,                                           ,                   , 2026-05-31 19:25:21.866112+00, 2026-06-04 19:00:28.585812+00, https://hubcloud.foo/drive/kze21etxaoucoa9             , https://hubcloud.foo/drive/msx7qeldfpir76u             , 2.37 GB       , 5.16 GB
2a2345d5-7100-48c0-be3b-ad029c449df1, 6e93fc6e-d6c5-4ac4-9339-e7f074dfe5ee,             1, Season 1                      ,                                                                                                                                                                                                                                                                                                                                                                                                                                                                                                                                                                                                                                                                                                                                                                                                                                     , https://image.tmdb.org/t/p/w500/3HEtwkS7GVIrUSv3QEFz2EE0yyL.jpg                                                               ,         2023,                                           ,                   , 2026-05-23 19:48:10.970277+00, 2026-05-24 21:59:05.646046+00, https://hubcloud.foo/drive/vwlojlypwjvwipp             , https://hubcloud.foo/drive/zlsg1cc1l1nm313             , 953.35 MB     , 2.12 GB
2a3d9ca1-abab-4e6d-96c3-4113391e6017, bcc7da47-7059-4aa4-b143-ebac33ee1c9c,             1, Season 1                      ," ""The astronaut family of Dr. John Robinson", accompanied by a pilot and a robot, set out in the year 1997 from an overpopulated Earth in the spaceship Jupiter 2 to travel to a planet circling the star Alpha Centauri. The Jupiter 2 mission is sabotaged by Dr. Zachary Smith (an agent for an unnamed foreign government) who slips aboard the spaceship and reprograms the robot to destroy the ship and crew. However, Smith is trapped aboard, and his excess weight alters the craft's flight path and places it directly in the path of a massive meteor storm.,,,,,,
                                                                                                                           ,,,,,,,,,,,,,,
                                                                                                                           Smith manages to save himself by prematurely reviving the crew from suspended animation. The ship survives, but the damage caused by Smith's earlier sabotage of the robot leaves the crew lost in space. The Jupiter 2 crash-lands on an alien world, later identified by Will as Priplanus, where they spend the rest of the season and survive a host of adventures. Smith remains with the crew and acts as a source of comedic cowardice and villainy," exploiting the eternally forgiving nature of Professor Robinson.""                                                                                                                                                                                                                                                                                                       ", https://image.tmdb.org/t/p/w500/cW5zmGlnfgPBQhEhRv4QGVY1xbQ.jpg                                                               ,         1965,                                           ,                   , 2026-09-13 23:18:18.330108+00, 2026-09-13 23:18:18.330108+00,                                                        ,                                                        ,               , 
2b067b74-a336-4af0-93b3-45121e204f1b, 7c0c52f6-abd7-4758-8888-07166a291a05,             4, Season 4                      ," ""In season four", Mike's control over Kingstown is threatened as new players compete to fill the power vacuum left in the Russians' wake, compelling him to confront the resulting gang war and stop them from swallowing the town. Meanwhile, with those he loves in more danger than ever before," Mike must contend with a headstrong new Warden to protect his own while grappling with demons from his past.""                                                                                                                                                                                                                                                                                                                                                                                                                    ", https://image.tmdb.org/t/p/w500/6rWIip9MZELAA0SKii5WqsBDCYW.jpg                                                               ,         2025,                                           ,                   , 2025-12-30 02:41:48.455587+00, 2026-01-10 10:22:15.620718+00
2ba47d00-01fe-4818-819d-eeb7cbb33e8e, b24c6629-7baa-4b92-8a9b-d8547aa85134,             4, Season 4                      ," ""The closer the town residents get to the answers they seek", the more terrifying their search becomes. Who is the Man in Yellow, and what does he want? Will Jade and Tabitha’s revelation be the key to finally going home? How much longer can Boyd hold the town together," even as his body and mind are falling apart? And what role will the town’s most recent arrival play in the events to come? Season Four will open doors that some in town will end up wishing had remained closed.""                                                                                                                                                                                                                                                                                                                                    ", https://image.tmdb.org/t/p/w500/ltlz5IHLpaXQStXGmMbehfnIskZ.jpg                                                               ,         2026,                                           ,                   , 2026-04-20 10:05:06.552915+00, 2026-04-20 10:05:06.552915+00,                                                        
2c7126d1-55aa-4bdc-b124-92420e9a41c5, 2f25d48e-f17c-4384-a307-1c9cdcf42721,             1, Season 1                      ,                                                                                                                                                                                                                                                                                                                                                                                                                                                                                                                                                                                                                                                                                                                                                                                                                                     , https://image.tmdb.org/t/p/w500/x7UZVTEr26H5yCSVQoKTeBdvUvg.jpg                                                               ,         2025,                                           ,                   , 2025-12-30 02:16:50.968328+00, 2026-01-03 19:23:03.981638+00, https://hubcloud.foo/drive/bmecmfyrcmryy0d             , https://hubcloud.foo/drive/ykknjj1xwt6kenp             , 1.12 GB       , 2.46 GB
2d1af680-76ce-4992-9bd8-1a70dfd314dc, dee61461-85ff-476a-96e4-06739f167c96,             2, Season 2                      ," ""Eren Yeager and others of the 104th Training Corps have just begun to become full members of the Survey Corps. As they ready themselves to face the Titans once again", their preparations are interrupted by the invasion of Wall Rose—but all is not as it seems as more mysteries are unraveled. As the Survey Corps races to save the wall," they uncover more about the invading Titans and the dark secrets of their own members.""                                                                                                                                                                                                                                                                                                                                                                                             ", https://image.tmdb.org/t/p/w500/2fhK0wbFixskgRyuq6YvaMn75et.jpg                                                               ,         2017,                                           ,                   , 2026-03-03 22:05:25.774558+00, 2026-03-13 10:08:39.035001+00, https://hubcloud.foo/drive/xkmasshs51avwka             , https://hubcloud.foo/drive/lnou1ovc60mr0wb             
2de2b86a-16e4-4a50-aba5-071650a7b5aa, 5dab850c-9a16-4a75-aaa7-987fb18f1890,             3, Season 3                      ,                                                                                                                                                                                                                                                                                                                                                                                                                                                                                                                                                                                                                                                                                                                                                                                                                                     , https://image.tmdb.org/t/p/w500/tatsZYhRCJYCpiIOQ8WaybmoX3i.jpg                                                               ,         2026,                                           ,                   , 2026-08-05 11:53:54.604732+00, 2026-08-06 05:51:36.869959+00, https://hubcloud.cx/drive/1jjjiu5xo8j9x5w              , https://hubcloud.cx/drive/q11o1twytoorjtu              , 1.49 GB       , 3.38 GB
2f16e3db-32ba-424a-8424-72a97c450146, b24c6629-7baa-4b92-8a9b-d8547aa85134,             2, Season 2                      ," ""Hidden truths about the nature and terrifying origins of the town begin to emerge"," even as life for its residents is plunged into chaos by the arrival of mysterious newcomers.""                                                                                                                                                                                                                                                                                                                                                                                                                                                                                                                                                                                                                                                   ", https://image.tmdb.org/t/p/w500/cJmfLHnF95XkoIr9as2bBK5cPeK.jpg                                                               ,         2023,                                           ,                   , 2026-04-20 10:05:05.811295+00, 2026-04-29 23:44:02.781021+00, https://hubcloud.foo/drive/ddbniiufgnoygir             , https://hubcloud.foo/drive/edwcw9e1_tm_npl             , 4.1 GB        
2ffc88c0-d52e-4438-960b-88a69239603b, 90f200ca-ad34-4392-a8dc-f6d9fc7696e1,             3, Season 3                      ," ""As the Panchayat elections approach", both Pradhan and Bhushan gangs engage in a fierce battle to uplift their public image. Navigating the murky waters of Phulera politics," Abhishek does his best to maintain his objectivity.""                                                                                                                                                                                                                                                                                                                                                                                                                                                                                                                                                                                                  ", https://image.tmdb.org/t/p/w500/wsgfe8YmntJ1uVIkBjBdRdYpJyN.jpg                                                               ,         2024,                                           ,                   , 2026-01-20 20:44:21.362078+00, 2026-01-31 07:13:19.331293+00, https://hubcloud.foo/drive/ixefoflx0fdf7n1             , https://hubcloud.foo/drive/sidnxewinwosxx7             
303ba6f6-c161-474f-a1c9-f802fda1a5d4, d3aee31c-f0ce-4187-add5-6b520d7449c8,             2, Season 2                      ,                                                                                                                                                                                                                                                                                                                                                                                                                                                                                                                                                                                                                                                                                                                                                                                                                                     , https://image.tmdb.org/t/p/w500/mjJMOLr966Q78YUPu0pVA0ydBIP.jpg                                                               ,         2026,                                           ,                   , 2026-01-11 03:33:04.921367+00, 2026-01-11 03:33:04.921367+00,                                                        ,                                                        ,               , 
3056aba0-ea16-4499-b6ec-7b2d0d2764fa, 90c0ee59-62e0-48e0-a807-dad506680bae,             1, Season 1                      ,                                                                                                                                                                                                                                                                                                                                                                                                                                                                                                                                                                                                                                                                                                                                                                                                                                     , https://image.tmdb.org/t/p/w500/bVWDhh0R08o9xqo2eHL2UMrxJbY.jpg                                                               ,         2026,                                           ,                   , 2026-06-14 05:59:52.352736+00, 2026-06-18 06:31:42.366677+00, https://hubcloud.foo/drive/ig0dhsklmnssdhb             , https://hubcloud.foo/drive/kqw0qwwiy5vaa2c             , 1.86 GB       , 4.24 GB
311986a4-e847-422c-96e7-68988c508510, 9fdfe89a-5ace-4ce7-ad6a-b610c16d1af8,             4, Season 4                      ," ""From power to chaos"," this is the journey so far. Everything built over time faces its end now!""                                                                                                                                                                                                                                                                                                                                                                                                                                                                                                                                                                                                                                                                                                                                    ", https://image.tmdb.org/t/p/w500/kqOS5Q3REGqmb9O1RrJWlWfBbSD.jpg                                                               ,         2026,                                           ,                   , 2026-05-11 11:02:40.97844+00 , 2026-05-22 07:18:33.619048+00, https://hubcloud.foo/drive/y87p1hnnnlykvwl             , https://hubcloud.foo/drive/mxgzmgz77zjznzz             , 3.41 GB       
31932239-dbd9-4b0d-84b8-fdd93f4d719a, 88368e87-b3f6-414d-9c01-30976ed1798d,             2, Season 2                      ," ""After saving the realm from evil and destruction at the hands of the most terrifying power couple in Exandria", Vox Machina is faced with saving the world once again—this time," from a sinister group of dragons known as the Chroma Conclave.""                                                                                                                                                                                                                                                                                                                                                                                                                                                                                                                                                                                    ", https://image.tmdb.org/t/p/w500/acAvHavIdD5g8RapwZw1b9W6jJ2.jpg                                                               ,         2023,                                           ,                   , 2026-06-02 16:31:04.727859+00, 2026-06-10 10:12:37.578582+00, https://hubcloud.foo/drive/klqsmhlkoqmohrq             , https://hubcloud.foo/drive/ie9yfvyri1dq19v             
33d2ce5c-4442-4209-8e61-5e47c3a72f3a, 04ea18a2-920d-4ab1-8e66-2cd63e0cad64,             1, Season 1                      ,                                                                                                                                                                                                                                                                                                                                                                                                                                                                                                                                                                                                                                                                                                                                                                                                                                     , https://image.tmdb.org/t/p/w500/jLDEa4aCP4LJAiIyBfMHEnDPYRi.jpg                                                               ,         2026,                                           ,                   , 2026-04-29 16:00:21.010529+00, 2026-04-29 16:00:21.010529+00,                                                        ,                                                        ,               , 
3404b0a7-3f31-4e11-a209-58c000ff74db, 755b4907-ca6b-41e7-aac7-4fba694032df,             1, Limited Series                ,                                                                                                                                                                                                                                                                                                                                                                                                                                                                                                                                                                                                                                                                                                                                                                                                                                     , https://image.tmdb.org/t/p/w500/dXpDkHr8mUAabDVPoEstJ3gzSf6.jpg                                                               ,         2026,                                           ,                   , 2026-08-29 05:31:31.238192+00, 2026-08-29 05:33:36.305553+00, https://hubcloud.cx/drive/xtvxfzkxrvxrmct              , https://hubcloud.cx/drive/vtqatrorv0rtyo3              , 5.42 GB       , 11.79 GB
34bd1f4e-c9cc-49c9-bdcb-d3fd99a48698, 741e695b-2fb2-49a5-b65e-e1ca35e4f22e,             2, Season 2                      ,                                                                                                                                                                                                                                                                                                                                                                                                                                                                                                                                                                                                                                                                                                                                                                                                                                     , https://image.tmdb.org/t/p/w500/j9sohGHcc89P8yw2lAJMAWllWmB.jpg                                                               ,         2026,                                           ,                   , 2026-06-19 06:56:45.032347+00, 2026-06-19 06:56:45.032347+00,                                                        ,                                                        ,               , 
35428d07-c951-49ed-a4af-2a2355d789c8, c9e4afdd-d2f4-4fad-8181-69bbc91cec9f,             1, Dabba Cartel                  , Download Dabba Cartel (Season 1) Full Series in Hindi | HD (720p/1080p Quality)                                                                                                                                                                                                                                                                                                                                                                                                                                                                                                                                                                                                                                                                                                                                                     ,                                                                                                                               ,         2025,                                           ,                   , 2025-11-14 17:43:50.604209+00, 2025-11-14 17:46:38.613421+00, https://hubcloud.fyi/drive/xelyhveun9y6uxg             , https://hubcloud.fyi/drive/161hr22v1tl2wj1             , 2.88 GB       , 6.59 GB
35c6b3a5-6e31-46ec-ab5d-897f539c2612, 423d6a4e-a0d1-4ffe-bc8a-abb10fc11310,             2, Season 2                      ,                                                                                                                                                                                                                                                                                                                                                                                                                                                                                                                                                                                                                                                                                                                                                                                                                                     , https://image.tmdb.org/t/p/w500/eWUDvya9DvBvZF0o04FXN7xmRVP.jpg                                                               ,         2022,                                           ,                   , 2026-07-16 06:41:00.173754+00, 2026-08-06 13:39:13.612607+00, https://hubcloud.cx/drive/fhq8z8jgchzqg0n              , https://hubcloud.cx/drive/7k4bahamh1amktg              , 2.42 GB       , 5.48 GB
372827c4-0290-46b1-8f1e-2ae908fd8fda, 4280ee8b-dee8-43e1-86fc-c5b4d90e0f04,             1, Chapter One                   ," ""In 1962", amid a spate of unexplained disappearances of local children, a group of misfit friends begin to suspect a long-buried evil lurking. As the kids set out to determine what's really going on," a rising unease prompts several townspeople to work together to restore peace – all while a U.S. military operation seeks to exploit Derry for its own objectives.""                                                                                                                                                                                                                                                                                                                                                                                                                                                         ", https://image.tmdb.org/t/p/w500/vij5NnWQsMnhT6sylaN9X3wjOkU.jpg                                                               ,         2025,                                           ,                   , 2025-12-30 02:19:39.441161+00, 2026-01-03 20:23:08.523903+00, https://hubcloud.foo/drive/drxvqq4u4jtop2z             
37ad56f7-03d2-4d12-9ed5-2aaee14aa8ab, 941105b5-4bf6-4ff7-8866-1e50b242befe,             1, Season 1                      ,                                                                                                                                                                                                                                                                                                                                                                                                                                                                                                                                                                                                                                                                                                                                                                                                                                     , https://image.tmdb.org/t/p/w500/lqikdreP1sibhpZRItPX7qmDQvk.jpg                                                               ,         2026,                                           ,                   , 2026-03-03 22:32:38.93727+00 , 2026-03-13 12:06:29.297967+00, https://hubcloud.foo/drive/51in11g9000knkq             , https://hubcloud.foo/drive/memdgeegjm1oom5             , 2.11 GB       , 4.83 GB
38a5875d-90b6-4fcb-a295-0848cae1e9ad, 7cc014ee-2a24-4969-b567-41061b455189,             3, Season 3                      ," ""The Black and Green factions lock into an all-out", relentless struggle for the Iron Throne. As dragons and armies clash across the realm," Westeros witnesses the devastating consequences of total war.""                                                                                                                                                                                                                                                                                                                                                                                                                                                                                                                                                                                                                           ", https://image.tmdb.org/t/p/w500/6xhIDiPr4ePmewrfg6lQT7rRIXY.jpg                                                               ,         2026,                                           ,                   , 2026-06-23 16:11:42.301729+00, 2026-06-23 16:11:42.301729+00,                                                        ,                                                        
3c51b88c-3dc7-46a9-98fd-260b1aa7c41a, c50acf53-b2cd-4b97-8393-f7ef222bad45,             1, Season 1                      ," ""Beth Dutton and Rip Wheeler are striking out on their own", and relocating for a new adventure. Their ward, Carter, is along for the ride, and – despite serious distractions – Beth and Rip work hard to ensure he becomes the man he’s meant to be. Just after the events of the Yellowstone series finale, follow Beth and Rip as they take on a 7,000-acre ranch in South Texas. Even with all of its beautiful landscapes and peaceful lifestyle, the pair run into hiccups trying to survive in the area," including a ruthless rival ranch run by a wealthy owner.""                                                                                                                                                                                                                                                           ", https://image.tmdb.org/t/p/w500/xsiecCxd8lkcAluw0wWwbW5CwSv.jpg                                                               ,         2026
3c6380b5-a404-4154-a26f-d8626e04aca5, 16b92d6b-919d-46ff-abf4-1c4586c99a33,             1, Season 1                      ,                                                                                                                                                                                                                                                                                                                                                                                                                                                                                                                                                                                                                                                                                                                                                                                                                                     , https://image.tmdb.org/t/p/w500/1m6CxPAuGv2oHc1ahERrcVWnk2J.jpg                                                               ,         2026,                                           ,                   , 2026-09-17 00:21:20.783512+00, 2026-09-17 18:02:34.527391+00,                                                        , https://hubcloud.ist/drive/5ylpu1fmyyw500a             ,               , 8.04 GB
3cfa6799-5b14-4d79-b822-986ed295dc91, cc2c296d-601c-4a3c-a0e4-406aefc229f2,             4, Season 4                      ," ""In the fourth season", the crew of the U.S.S. Enterprise—led by Captain Christopher Pike—embarks on a series of thrilling and emotional adventures across the stars. As they journey to strange new worlds, they battle inner demons and external threats, encounter colorful new characters, reunite with familiar faces and confront terrifying aliens. Through it all, they strive to embrace a bright," hopeful future.""                                                                                                                                                                                                                                                                                                                                                                                                         ", https://image.tmdb.org/t/p/w500/fW8uT1hiZPpd5k8tryEyOclkW1p.jpg                                                               ,         2026,                                           ,                   
3ea8212f-091f-43b7-a212-98a89ec98be2, 715c3d79-e4ea-4fad-bb8a-c638e65ce944,             2, Mismatched (Season 2)         , Download Mismatched S02 All Episodes in Hindi | HD (720p/1080p Quality)                                                                                                                                                                                                                                                                                                                                                                                                                                                                                                                                                                                                                                                                                                                                                             ,                                                                                                                               ,         2025,                                           ,                   , 2025-11-15 16:19:26.042531+00, 2025-11-16 08:21:27.110298+00, https://hubcloud.foo/drive/ww39omfz25cw1yi             , https://hubcloud.foo/drive/oy9vmod22nmgmxn             , 2.6 GB        , 5.69 GB
3eae844b-121c-40e0-a433-9d01e4d266bc, d7830f54-c370-4dae-be8f-b1c688bc367d,             2, Season 2                      ," ""Duty", desire and scandal collide when Viscount Anthony Bridgerton decides to marry," only to meet his match in his intended bride's headstrong big sister.""                                                                                                                                                                                                                                                                                                                                                                                                                                                                                                                                                                                                                                                                         ", https://image.tmdb.org/t/p/w500/luoKpgVwi1E5nQsi7W0UuKHu2Rq.jpg                                                               ,         2022,                                           ,                   , 2026-01-30 01:48:03.793355+00, 2026-02-01 06:41:16.28688+00 , https://hubcloud.foo/drive/kcporcubq5p5hcq             , https://hubcloud.foo/drive/xe5jrnrkuxrvhmn             
3ec4a25a-88be-4af3-aa9c-f9b86336a400, efb25d7d-11d3-4978-81da-966f8cb37d28,             2, Season 2                      ,                                                                                                                                                                                                                                                                                                                                                                                                                                                                                                                                                                                                                                                                                                                                                                                                                                     , https://image.tmdb.org/t/p/w500/v58woFbT9BXQUnUclGfB5Uvw0os.jpg                                                               ,         2026,                                           ,                   , 2026-05-01 20:57:16.286712+00, 2026-05-01 22:00:43.487963+00, https://hubcloud.foo/drive/hh5guuhhcyyjxc2             , https://hubcloud.foo/drive/ilehbvubupfies1             , 2.78 GB       , 6.43 GB
3f07cea4-14bd-49b3-b60f-7d636f8451e9, e9d3760e-3188-4d88-90bd-da05714643b6,             1, Season 1                      ," ""Power is up for grabs as the Harrigans and Stevensons", two warring London crime families, clash in a kill-or-be-killed battle that threatens to topple empires and ruin lives. Caught in the crossfire is Harry Da Souza, the street-smart 'fixer' as dangerous as he is handsome, who knows too well where loyalties lie when opposing forces collide. As kingdom goes up against kingdom," lines will be crossed - and the only saving grace is a bet-your-life guarantee: family above everything.""                                                                                                                                                                                                                                                                                                                              ", https://image.tmdb.org/t/p/w500/abeH7n5pcuQcwYcTxG6DTZvXLP1.jpg                                                               ,         2025,                                           ,                   , 2026-09-12 17:00:53.914464+00
40858c3d-9255-46da-aa4b-d8185c4af02d, 741e695b-2fb2-49a5-b65e-e1ca35e4f22e,             1, Season 1                      ,                                                                                                                                                                                                                                                                                                                                                                                                                                                                                                                                                                                                                                                                                                                                                                                                                                     , https://image.tmdb.org/t/p/w500/mJUbiQtz6GRbtJ1vTwcCfoQ4u8y.jpg                                                               ,         2025,                                           ,                   , 2026-06-19 06:51:04.432309+00, 2026-06-19 06:51:04.432309+00,                                                        ,                                                        ,               , 
41140e44-d21b-4112-be0c-d1f2f9ab385f, 28f1c8e7-02f1-45c6-bc22-3aee2a4d0145,             1, Season 1                      ,                                                                                                                                                                                                                                                                                                                                                                                                                                                                                                                                                                                                                                                                                                                                                                                                                                     , https://image.tmdb.org/t/p/w500/ccENg23GP6GrwPPZExqiPWE7UBE.jpg                                                               ,         2025,                                           ,                   , 2026-04-21 08:37:14.091991+00, 2026-04-27 08:14:21.468636+00, https://hubcloud.foo/drive/zve10hn0vbh1j2q             , https://hubcloud.foo/drive/d2l2bh2qnqyupyn             , 2.07 GB       , 4.83 GB
41269614-4aa0-4252-a623-8a45d371532e, 7cc014ee-2a24-4969-b567-41061b455189,             2, Season 2                      ," ""House Targaryen is divided in two. Civil war looms as both sides seek support from the great houses of Westeros"," ultimately amassing armies — and dragons.""                                                                                                                                                                                                                                                                                                                                                                                                                                                                                                                                                                                                                                                                        ", https://image.tmdb.org/t/p/w500/lZwxqNWnT1dRl76ry6BM0FPqCUg.jpg                                                               ,         2024,                                           ,                   , 2026-06-23 16:11:39.571477+00, 2026-06-23 16:11:39.571477+00,                                                        ,                                                        ,               
4290061f-0471-4e8b-836f-94b9bcee1fec, 7d115252-cb74-409a-9da5-24ba96ec7279,             1, Season 1                      ,                                                                                                                                                                                                                                                                                                                                                                                                                                                                                                                                                                                                                                                                                                                                                                                                                                     , https://image.tmdb.org/t/p/w500/1efzyMfIe3WauOCWk7Gn56gj7sL.jpg                                                               ,         2025,                                           ,                   , 2026-07-31 06:02:20.357567+00, 2026-08-06 05:57:51.137738+00, https://hubcloud.cx/drive/cktz1tjsrprlrpv              , https://hubcloud.cx/drive/opxaox7aejr0qvp              , 4.47 GB       , 9.88 GB
4325de31-a3de-431d-a116-693bb25458cc, c911a97a-60a7-4438-a73f-6d37bd943105,             2, Season 2                      ," ""A naked archangel turns up at the door to renegade angel Aziraphale’s bookshop", with no memory of who he is or how he got there, and Aziraphale and retired demon Crowley’s lives become extremely complicated. Heaven and Hell are both desperate to find the runaway. As Crowley and Aziraphale attempt to fix a human romance, things become increasingly unsafe for them," in the past and the present.""                                                                                                                                                                                                                                                                                                                                                                                                                        ", https://image.tmdb.org/t/p/w500/dQeOTbYsWGFvdcFDTVfbgmmmzw1.jpg                                                               ,         2023,                                           ,                   , 2026-05-13 14:34:25.895559+00, 2026-05-17 09:44:00.285212+00
44072962-3810-4c34-b47f-6b4faa769407, 440ae2b7-215c-4f62-9db3-0530ad58668b,             2, Season 2                      ,                                                                                                                                                                                                                                                                                                                                                                                                                                                                                                                                                                                                                                                                                                                                                                                                                                     , https://image.tmdb.org/t/p/w500/8t5zsydiVoAEzpw4QZ2fEdnbzBw.jpg                                                               ,         2026,                                           ,                   , 2026-09-12 16:59:51.815268+00, 2026-09-12 16:59:51.815268+00,                                                        ,                                                        ,               , 
445bf95f-2d27-4cc5-99e6-2180273b743f, 9bb2b683-55ff-4154-97fa-33fe11d1240e,             1, Season 1                      ,                                                                                                                                                                                                                                                                                                                                                                                                                                                                                                                                                                                                                                                                                                                                                                                                                                     , https://image.tmdb.org/t/p/w500/9XXKr1vEgodDhfEW5slzcwwUIuS.jpg                                                               ,         2026,                                           ,                   , 2026-03-03 22:30:51.072069+00, 2026-03-13 11:45:51.132337+00, https://hubcloud.foo/drive/t5zsx6zf6yul148             , https://hubcloud.foo/drive/keotkbthwvie0ot             , 3.06 GB       , 6.78 GB
44dc94a8-c3e9-41f9-9c38-547052fe9aa2, 62ef59e1-bac7-40f2-a0ec-64e098f2fcce,             1, Season 1                      ,                                                                                                                                                                                                                                                                                                                                                                                                                                                                                                                                                                                                                                                                                                                                                                                                                                     , https://image.tmdb.org/t/p/w500/upghryFPaiUMjlzgmnHpwtnYJx3.jpg                                                               ,         2026,                                           ,                   , 2026-08-04 09:03:42.81699+00 , 2026-08-06 05:53:16.586097+00, https://hubcloud.cx/drive/fwyjgcaaeaaaegu              , https://hubcloud.cx/drive/99lt8kcsrcjbo8l              , 1.39 GB       , 2.79 GB
44ed7b0d-36a2-4f75-95e4-696e78c50d8f, 9c543037-e915-491d-b424-614e4ff7ae94,             1, Season 1                      ," ""Struggling actor Shah Latif's last chance to hit it big comes in the form of an audition of a lifetime. Over the course of four wild days", his life spirals out of control and his family," ex-lover and the entire world weigh in on whether he is the right man for the job.""                                                                                                                                                                                                                                                                                                                                                                                                                                                                                                                                                     ", https://image.tmdb.org/t/p/w500/gX9zWmUnrjCZEPpultvvFtSUb93.jpg                                                               ,         2026,                                           ,                   , 2026-03-25 21:59:34.839154+00, 2026-03-25 22:03:58.35504+00 , https://hubcloud.foo/drive/92m2467c2linskf             , https://hubcloud.foo/drive/92m2467c2linskf             
45d3a97d-37eb-44b1-9286-c6b0f68119db, 42ac169a-55a3-4ee7-88f6-60a76beb59ba,             1, Season 1                      ," ""With humour", absurdity and family cat and mouse at its center, this is a tale of family gangsters in a fictitious madhouse city, Bindiya. As the current Don is put behind bars, the gangster family's alliances shift, new love, friendships, and betrayals explode until Bindiya becomes a full-blown circus-where love is a deal, power is personal," and every one has a card and blood on their hands.""                                                                                                                                                                                                                                                                                                                                                                                                                        ", https://image.tmdb.org/t/p/w500/njyWqucn2bK9iJFDLJX08Iaaupv.jpg                                                               
463b523a-8f13-4009-9234-cdb2687a7cc9, 83136214-8b26-4923-bb19-4f0fec5017b0,             2, Season 2                      ," ""Jackie returns to Silver Falls after a summer in New York", determined to make amends with Alex and set boundaries with Cole. Alex is focused on rodeo training, while Cole finds himself struggling to fill the void left by football. Jackie must navigate the complexities of the Walter family and her own identity," ultimately facing a crucial choice that could significantly impact her future in Colorado.""                                                                                                                                                                                                                                                                                                                                                                                                                ", https://image.tmdb.org/t/p/w500/4o9ICW8TxzqiQXfEzyFytBumA2i.jpg                                                               ,         2025,                                           ,                   , 2026-08-09 03:40:43.987183+00, 2026-08-09 03:53:21.910024+00, https://hubcloud.cx/drive/nxdaybongw1d11r              
46e811ab-1978-4877-baa7-18672e65de31, fdb65087-0dd6-4412-8f04-0a92bd77d8cf,             1, Season 1                      ,                                                                                                                                                                                                                                                                                                                                                                                                                                                                                                                                                                                                                                                                                                                                                                                                                                     , https://image.tmdb.org/t/p/w500/AcrDB32TqpAGwvQFbICALGxSzn3.jpg                                                               ,         2023,                                           ,                   , 2026-05-07 07:43:33.913977+00, 2026-05-07 07:43:33.913977+00,                                                        ,                                                        ,               , 
476c0dbd-99d2-4cfa-a486-039649701d73, 19a21f42-9c3f-4ca8-a73b-37313652a04d,             1, Season 1                      ,                                                                                                                                                                                                                                                                                                                                                                                                                                                                                                                                                                                                                                                                                                                                                                                                                                     , https://image.tmdb.org/t/p/w500/ybr9x4oqODlHQCpOOGXAPLxxdfs.jpg                                                               ,         2026,                                           ,                   , 2026-04-12 04:45:49.641455+00, 2026-04-14 14:43:19.958611+00, https://hubcloud.foo/drive/1lu3b3ml93qouww             , https://hubcloud.foo/drive/3xfhyfejt1llhor             , 3.27 GB       , 7.29 GB
478b3e6a-e783-48df-836d-ff574df1ec8c, 5ab5a27f-8679-4b6c-b884-40202302afa9,             1, Limited Series                ,                                                                                                                                                                                                                                                                                                                                                                                                                                                                                                                                                                                                                                                                                                                                                                                                                                     , https://image.tmdb.org/t/p/w500/csQCr88KuzxKSnfQdv3jN5QuaF5.jpg                                                               ,         2026,                                           ,                   , 2026-02-14 14:49:34.100036+00, 2026-02-14 15:11:45.730609+00, https://hubcloud.foo/drive/ts8ousnue0kut01             , https://hubcloud.foo/drive/4bmpp4p1bjj4wws             , 3.4 GB        , 7.48 GB
488ea419-0d8e-41a0-9103-83cb2598af17, 952ff658-0fb5-49bc-a9ba-c02c6b6ee1ad,             1, Limited Series                ," ""Reclusive former news anchor Anna Andrews becomes obsessed with a murder case in her hometown. Her estranged husband", Detective Jack Harper, suspicious of her involvement," puts Anna in the crosshairs of his investigation.""                                                                                                                                                                                                                                                                                                                                                                                                                                                                                                                                                                                                     ", https://image.tmdb.org/t/p/w500/cDSXLVQLkCSBIpBx3UW04TsfZ5c.jpg                                                               ,         2026,                                           ,                   , 2026-01-11 03:32:03.396315+00, 2026-01-11 04:44:31.151478+00, https://hubcloud.foo/drive/kvvzgw51juacj6r             
48f82a56-5417-4251-b504-4d491c4912a1, 6e93fc6e-d6c5-4ac4-9339-e7f074dfe5ee,             2, Season 2                      ," ""Determined to prove that her decision to start a clinic was right", Dr. Vidushi Kothari prematurely returns her father's loan," only to struggle in keeping Choice & Care open.""                                                                                                                                                                                                                                                                                                                                                                                                                                                                                                                                                                                                                                                     ", https://image.tmdb.org/t/p/w400/vVZRh4ta94udBeoWAm6mzl8q9HT.jpg                                                               ,         2026,                                           ,                   , 2026-05-23 19:48:12.711463+00, 2026-05-24 22:00:37.052651+00, https://hubcloud.foo/drive/gryttq9zz8putaq             , https://hubcloud.foo/drive/fgalaegw0u74f9i             
4950f670-f5f9-4f35-976e-03ae59656eb3, b6bc15f8-f5d9-4a94-b6a7-e7afef6231a2,             1, Season 1                      ,                                                                                                                                                                                                                                                                                                                                                                                                                                                                                                                                                                                                                                                                                                                                                                                                                                     , https://image.tmdb.org/t/p/w500/3uRQi9HDEAGSadoKee1UHoFCaU9.jpg                                                               ,         2026,                                           ,                   , 2026-01-16 05:26:06.324365+00, 2026-01-16 05:27:35.464894+00, https://hubcloud.foo/drive/5y3tylztonm9b1y             , https://hubcloud.foo/drive/zleyfblaqjz3xly             , 1.53 GB       , 3.35 GB
49eaab8c-b11f-4a32-b144-fa432a542ea8, 1ff581b9-670f-49f9-a11a-cddfb3dfa829,             5, Season 5                      , Sierra holds the Professor captive to extract informations about the gang's plan to extract the gold reserve from the bank; the Professor admits defeat and calls off the plan.                                                                                                                                                                                                                                                                                                                                                                                                                                                                                                                                                                                                                                                     , https://resizing.flixster.com/ITt1FPrFePNR6FSqZrZK7BocG2U=/ems.cHJkLWVtcy1hc3NldHMvdHZzZWFzb24vUlRUVjEwMTMyOTMud2VicA==       ,         2021,                                           ,                   , 2026-06-10 07:59:23.334707+00, 2026-06-15 18:56:42.007407+00, https://hubcloud.foo/drive/fi1ia3avbzxgy3f             , https://hubcloud.foo/drive/0zgouhgxfvvz1vu             , 2.36 GB       , 4.95 GB
4a526f59-73f5-4bc9-9410-9758f144ec74, 4091603b-0e66-46de-921c-92f62032a3eb,             1, Season 1                      ,                                                                                                                                                                                                                                                                                                                                                                                                                                                                                                                                                                                                                                                                                                                                                                                                                                     , https://image.tmdb.org/t/p/w500/rxWtATtTdwx0ERQjQ7BtVOMyq5r.jpg                                                               ,         2024,                                           ,                   , 2025-12-30 02:40:56.289373+00, 2026-01-10 08:50:13.253624+00, https://hubcloud.foo/drive/yqqqcwpl1uliyn9             , https://hubcloud.foo/drive/jr1zrx1rwyyv24y             , 5.36 GB       , 11.38 GB
4aa67bac-5a4b-436b-af22-4a47f04f19de, df977db6-020d-441f-a70c-e6f6c2464ea6,             1, Season 1                      ," ""When unlucky Subbu is assigned to teach sex ed in a hostile village"," he must find a way to succeed while avoiding his conservative father's wrath.""                                                                                                                                                                                                                                                                                                                                                                                                                                                                                                                                                                                                                                                                                ", https://image.tmdb.org/t/p/w500/bwb5oPnZAdRwKusI8So8Sx1bcL4.jpg                                                               ,         2026,                                           ,                   , 2026-07-03 16:18:26.313635+00, 2026-07-03 16:18:26.313635+00,                                                        ,                                                        ,               
4ab99782-8cfe-4993-95cf-ea0d80f61e2b, f694a5ce-e352-4cba-9b42-886b5d755166,             1, Court Kacheri                 , Court.Kacheri.S01.720p 1080p.Hindi.WEB-DL.5.1.ESub.x264-HDHub4u.Ms.zip                                                                                                                                                                                                                                                                                                                                                                                                                                                                                                                                                                                                                                                                                                                                                              ,                                                                                                                               ,         2025,                                           ,                   , 2025-11-13 18:32:25.508169+00, 2025-11-13 18:32:25.508169+00, https://hubcloud.fyi/drive/dwlssow1da6a1pw             , https://hubcloud.fyi/drive/b8lno5tffxubotc             , 1.48 GB       , 3.36 GB
4ac3c59d-8b43-4d6d-9093-5df90b45b82c, 601d1d9f-9c38-48a3-8e09-d32f16e52e06,             4, Season 4                      ,                                                                                                                                                                                                                                                                                                                                                                                                                                                                                                                                                                                                                                                                                                                                                                                                                                     , https://image.tmdb.org/t/p/w500/4jSaIqEU8CPBBNn4iVCK6wzPjSx.jpg                                                               ,         2026,                                           ,                   , 2026-02-06 11:43:47.830298+00, 2026-02-08 18:38:48.301762+00,                                                        ,                                                        ,               , 
4b30eed0-d092-466b-bd28-2d40e03c2a87, 403edaa0-599c-4912-8928-eeb11144764f,             1, Season 1                      ," ""A former gangster's run for apartment president to exploit hidden funds spirals into an unexpected corruption investigation"," triggering his moral redemption and personal growth.""                                                                                                                                                                                                                                                                                                                                                                                                                                                                                                                                                                                                                                                 ", https://image.tmdb.org/t/p/w500/fE8vX9aeIv7qkoC6ldcEbZA4Trk.jpg                                                               ,         2026,                                           ,                   , 2026-07-13 21:00:00.661236+00, 2026-07-13 21:00:00.661236+00,                                                        ,                                                        ,               
4b6b726c-dab5-4a76-8d2e-a745db68d196, 234baa19-e159-4a1e-a488-ec0872b6c318,             2, Into the Grand Line           ," ""In ONE PIECE: Into the Grand Line", Luffy and the Straw Hats set sail for the extraordinary Grand Line - a legendary stretch of sea where danger and wonder await at every turn. As they journey through this unpredictable realm in search of the world's greatest treasure," they'll encounter bizarre islands and a host of formidable new enemies.""                                                                                                                                                                                                                                                                                                                                                                                                                                                                              ", https://image.tmdb.org/t/p/w500/ghEXtJkHZw4ye1wA0PwxKFFJU7r.jpg                                                               ,         2026,                                           ,                   , 2026-03-03 21:59:23.331299+00, 2026-03-13 01:17:05.214808+00, https://hubcloud.foo/drive/glmhotqyhzvvndo             , https://hubcloud.foo/drive/a9o1lqqhogrxigt             
4bc48000-2ac5-46a7-8147-d1d2fb375cf9, 35836d0d-3a19-42e0-a73d-ddec43b115c5,             4, Season 4                      ," ""The War of the Five Kings is drawing to a close", but new intrigues and plots are in motion, and the surviving factions must contend with enemies not only outside their ranks," but within.""                                                                                                                                                                                                                                                                                                                                                                                                                                                                                                                                                                                                                                        ", https://image.tmdb.org/t/p/w500/jXIMScXE4J4EVHUba1JgxZnWbo4.jpg                                                               ,         2014,                                           ,                   , 2026-05-14 07:33:51.600627+00, 2026-05-14 07:46:27.590984+00, https://hubcloud.foo/drive/kowoutgoyokdttv             
4e33a15b-940b-49d1-8e73-9025a907fd41, 90f200ca-ad34-4392-a8dc-f6d9fc7696e1,             2, Season 2                      ," ""With the rise of an opponent against Pradhan Ji", village politics of Phulera heats up. Unable to stay neutral," Abhishek sticks his neck out for Pradhan's family.""                                                                                                                                                                                                                                                                                                                                                                                                                                                                                                                                                                                                                                                                 ", https://image.tmdb.org/t/p/w500/gRKDEpUPd2pp2msmwdgEW34V0SL.jpg                                                               ,         2022,                                           ,                   , 2026-01-20 20:44:20.71694+00 , 2026-01-31 07:11:25.931925+00, https://hubcloud.foo/drive/edw2evdsmhjmdmj             , https://hubcloud.foo/drive/vyggtrnt9yeezvy             
4e498cbf-36d6-4f7b-9df2-0a2e8555f4b6, ba2a2330-a21e-4ff3-afb3-2f8f4d5648f0,             1, Season 1                      ,                                                                                                                                                                                                                                                                                                                                                                                                                                                                                                                                                                                                                                                                                                                                                                                                                                     , https://image.tmdb.org/t/p/w500/nZGf0jnSJNXLf8o7iSzzX8qxHX9.jpg                                                               ,         2026,                                           ,                   , 2026-06-12 23:24:38.434663+00, 2026-06-12 23:38:46.839109+00,                                                        , https://hubcloud.foo/drive/otmorzrirjomzmh             ,               , 7.89 GB
4f1eb8bd-5071-45e6-a73b-5e66e2e4d211, e5875f34-1378-4c2f-be76-aab98750f553,             1, Season 1                      ," ""Shiv Prakash Shukla", a regular college going kid, has his destiny changed drastically over the period of one fateful night. One hot blooded act, and the protection of one of the most dangerous men in Gorakhpur puts him onto a collision course that would someday intersect with the path of Siddharth Pandey," a cop with only one target on his radar… Shiv Prakash Shukla.""                                                                                                                                                                                                                                                                                                                                                                                                                                                  ", https://image.tmdb.org/t/p/w500/zJIvcWuN2Y5lK7fOEq6m6IK77Rz.jpg                                                               ,         2018,                                           ,                   , 2026-02-11 08:13:12.734562+00, 2026-02-12 06:25:52.414779+00
4f366ea5-5acd-487d-a715-3d4bd8436e6f, 70644fac-d048-403f-b789-7465d5721dd5,             1, Limited Series                ,                                                                                                                                                                                                                                                                                                                                                                                                                                                                                                                                                                                                                                                                                                                                                                                                                                     , https://image.tmdb.org/t/p/w500/5zLhr25pXx8j7hfIis21fPGIeWI.jpg                                                               ,         2026,                                           ,                   , 2026-01-20 20:19:15.104234+00, 2026-01-21 07:10:56.717541+00, https://hubcloud.foo/drive/t9l9sdwmtsttnhs             , https://hubcloud.foo/drive/xu7uyev0mckql5d             , 7.15 GB       , 15.78 GB
4f424828-9acb-41bc-96f1-678169593c0d, 20ffca1e-57a4-4058-8a58-d3416fd2f98f,             1, Season 1                      ,                                                                                                                                                                                                                                                                                                                                                                                                                                                                                                                                                                                                                                                                                                                                                                                                                                     , https://image.tmdb.org/t/p/w500/j8xz54NpLGxlGEePIlre3XQSItw.jpg                                                               ,         2026,                                           ,                   , 2026-08-21 13:13:48.947048+00, 2026-08-21 13:15:17.114695+00, https://hubcloud.cx/drive/vwv7oqvtmtl3mvx              , https://hubcloud.cx/drive/5fo72gu5e57u2li              , 7.24 GB       , 15.71 GB
5072994f-fc4e-461b-a323-5db173448292, dfee6827-1afe-4008-aeb8-ad83491f7da8,             2, The Family Man Season 2 (2021), Download The Family Man S02 All Episodes in Hindi | HD (720p / 1080p Quality)                                                                                                                                                                                                                                                                                                                                                                                                                                                                                                                                                                                                                                                                                                                                                       ,                                                                                                                               ,         2021,                                           ,                   , 2025-11-23 09:40:58.827014+00, 2025-11-23 09:43:34.245137+00, https://hubcloud.foo/drive/nufzcyfazfcuszo             , https://hubcloud.foo/drive/tnnfyb4hyrpwafe             , 3.55 GB       , 8.12 GB
51833e2f-5c2b-4bd7-87d4-b56b241c286d, 8f2a87dd-1d64-4210-9caf-dcbaa893b1c1,             1, Season 1                      ,                                                                                                                                                                                                                                                                                                                                                                                                                                                                                                                                                                                                                                                                                                                                                                                                                                     ,                                                                                                                               ,         2026,                                           ,                   , 2026-02-11 13:48:48.821423+00, 2026-02-12 22:55:53.633908+00, https://hubcloud.foo/drive/5nu1h0wmbshfm1n             , https://hubcloud.foo/drive/3qp1dq60zqvrv0r             , 2.55 GB       , 5.81 GB
528ca82f-c9bf-4431-9033-3841b811b3de, 440ae2b7-215c-4f62-9db3-0530ad58668b,             1, Season 1                      ," ""This season of Heartbeats unfolds in a hospital", weaving love stories, drama, and intricate relationships. Sanjh, a wealthy 'nepo kid,' falls for Akshat, a determined intern with a heavy student loan, aiming to make his nurse mother proud. Rishi is smitten with Chetna, a senior doctor focused on a physical relationship. With captivating twists," this season keeps you hooked!""                                                                                                                                                                                                                                                                                                                                                                                                                                          ", https://image.tmdb.org/t/p/w500/9bYkUNuWyptbxusSjx5bB8uqYsK.jpg                                                               
5357b4bf-7415-4552-b2e5-d0d5d6632c14, 7cd4d9d5-8bda-4de5-bbeb-fe784f8601bb,             1, Season 1                      ,                                                                                                                                                                                                                                                                                                                                                                                                                                                                                                                                                                                                                                                                                                                                                                                                                                     , https://image.tmdb.org/t/p/w500/ywReX2OV9vVyZLDBz3K35CwsoFa.jpg                                                               ,         2026,                                           ,                   , 2026-03-29 12:48:09.471203+00, 2026-03-29 12:59:54.711015+00, https://hubcloud.foo/drive/wusrxw0yinrnpzw             , https://hubcloud.foo/drive/la8x4gezje1cial             , 3.11 GB       , 6.62 GB
5484e062-b14e-41ec-8d7c-74c191e78da1, 6ac1c6c9-1f3b-40eb-9a75-c130b4935dd5,             1, Season 1                      ," ""A burned body appears on Barcelona's iconic Gaudí building. Suspended police inspector Milo Malart returns to duty"," partnering with deputy inspector Rebeca Garrido to solve the mysterious crime.""                                                                                                                                                                                                                                                                                                                                                                                                                                                                                                                                                                                                                                ", https://image.tmdb.org/t/p/w500/n4rguIB7Cf4h3l1IyqMo3THW5xn.jpg                                                               ,         2025,                                           ,                   , 2025-12-30 02:25:22.826683+00, 2026-01-07 04:15:59.33643+00 , https://hubcloud.foo/drive/2fmf9mhfhmuh6or             , https://hubcloud.foo/drive/ggnn7c7raozrnev             , 2.73 GB       
55cba73d-c4b5-4633-8a3b-04904ddc05d8, 1ff581b9-670f-49f9-a11a-cddfb3dfa829,             2, Season 2                      ," ""The Professor and his team reunite to free Rio"," this time targeting the Bank of Spain with a daring and dangerous new plan. The Resistance continues.""                                                                                                                                                                                                                                                                                                                                                                                                                                                                                                                                                                                                                                                                             ", https://image.tmdb.org/t/p/w500/bp2MEZT8dsl33ULA8RA1IK6ZbZ.jpg                                                                ,         2019,                                           ,                   , 2026-06-10 06:52:35.146745+00, 2026-06-10 07:17:46.601113+00, https://hubcloud.foo/drive/h2llt2hrhnru2wi             , https://hubcloud.foo/drive/1nnhnbivbbuvnov             , 2.49 GB       
55eb6d5a-dc2c-4ea7-872f-898be77fb44b, 37168671-cb42-47cc-a08f-6be07dee9e5d,             1, Season 1                      ,                                                                                                                                                                                                                                                                                                                                                                                                                                                                                                                                                                                                                                                                                                                                                                                                                                     , https://image.tmdb.org/t/p/w500/myb4SyeSGiKc4B11vU3edNKMtr4.jpg                                                               ,         2025,                                           ,                   , 2025-12-30 01:32:39.161062+00, 2025-12-30 01:39:58.299389+00, https://hubcloud.foo/drive/2swwppyysj21byn             , https://hubcloud.foo/drive/11ktm1kc9kyytyc             , 2.23 GB       , 5.15 GB
5613fcfb-2836-4d5e-a910-87fa3f52a9a6, 9fdfe89a-5ace-4ce7-ad6a-b610c16d1af8,             3, Season 3                      ,                                                                                                                                                                                                                                                                                                                                                                                                                                                                                                                                                                                                                                                                                                                                                                                                                                     , https://image.tmdb.org/t/p/w500/j4B2Ibvhhok4mBHAGtl9bMmgpPL.jpg                                                               ,         2024,                                           ,                   , 2026-05-11 11:02:40.562615+00, 2026-05-17 09:56:31.467547+00, https://hubcloud.foo/drive/jzbijjdteb8aajz             , https://hubcloud.foo/drive/wat7tctrchpry55             , 2.57 GB       , 6.22 GB
5617f159-038a-441c-975f-958eb0193eec, aa165d1d-353d-44be-b5bc-35efa61cf14e,             1, Season 1                      ,                                                                                                                                                                                                                                                                                                                                                                                                                                                                                                                                                                                                                                                                                                                                                                                                                                     , https://image.tmdb.org/t/p/w500/bWMkcgByoydhTwx3nCXXcmLVhVV.jpg                                                               ,         2026,                                           ,                   , 2026-07-04 19:50:23.609929+00, 2026-07-07 14:47:39.030486+00, https://hubcloud.cx/drive/oyom6pflvhybg01              , https://hubcloud.cx/drive/tniarauaort7ojs              , 1.94 GB       , 4.15 GB
56402e37-8dea-4d9b-9548-1879b4987d75, 1ff581b9-670f-49f9-a11a-cddfb3dfa829,             4, Season 4                      ," ""This season's writing was definitely all over the place and lacked cohesion. Random melodramtic relationship drama for manufactured conflict really dragged things down"," and a lot of lazy explanations - the governement/police being corrupt definitely a cop-out.""                                                                                                                                                                                                                                                                                                                                                                                                                                                                                                                                                              ", https://myimg.click/images/2021/02/19/MV5BZDcxOGI0MDYtNTc5NS00NDUzLWFkOTItNDIxZjI0OTllNTljXkEyXkFqcGdeQXVyMTMxODk2OTU._V1_.jpg,         2020,                                           ,                   , 2026-06-10 07:25:43.337889+00, 2026-06-13 07:53:01.28786+00 , https://hubcloud.foo/drive/noa9m_9aj7wn4jm             , https://hubcloud.foo/drive/nleypozwrzgrfuy             , 2.22 GB       
56c2e6d4-aa36-4958-9031-5f4a0f462e0a, 8002dc82-168b-4725-a641-edfee096876b,             1, Series 1                      ,                                                                                                                                                                                                                                                                                                                                                                                                                                                                                                                                                                                                                                                                                                                                                                                                                                     , https://image.tmdb.org/t/p/w500/yhC5eXV84RJ8rkFW5A8YfROWxKz.jpg                                                               ,         2024,                                           ,                   , 2026-05-29 15:24:21.403637+00, 2026-06-10 10:07:26.859337+00, https://hubcloud.foo/drive/1fn2nppn14irnj4             , https://hubcloud.foo/drive/cwpkpcnw1nkwnki             , 2.64 GB       , 5.8 GB
56feb889-b4c0-482d-987c-cd4951010342, 4022077b-40ed-4d09-b1ad-ecc45124a99b,             1, Season 1                      ," ""A figurine made of chestnuts is found at the scene of a grisly murder; from this creepy clue"," two detectives hunt for a killer linked to a politician's missing child.""                                                                                                                                                                                                                                                                                                                                                                                                                                                                                                                                                                                                                                                            ", https://image.tmdb.org/t/p/w500/tdLJTZJ184PsO9QkK9aPeeAXLlo.jpg                                                               ,         2021,                                           ,                   , 2026-05-07 13:45:36.416154+00, 2026-05-07 14:09:11.288803+00, https://hubcloud.foo/drive/vn84c589dyvlrnv             , https://hubcloud.foo/drive/mlye0gacbcegbjy             , 3.14 GB       
57c53d20-7420-4546-9db0-5c061225c256, 1da3af44-0d70-4987-866c-282bf06193ab,             1, Season 1                      ,                                                                                                                                                                                                                                                                                                                                                                                                                                                                                                                                                                                                                                                                                                                                                                                                                                     , https://image.tmdb.org/t/p/w500/AvU8fOP0eTOGJt23UyP8NtgHMDZ.jpg                                                               ,         2026,                                           ,                   , 2026-03-20 15:31:27.760274+00, 2026-03-20 15:37:50.229434+00, https://hubcloud.foo/drive/dbbxr0dqwmtkbwa             , https://hubcloud.foo/drive/qo61xt1txfwwrxx             , 1.65 GB       , 3.67 GB
5828197a-e791-4dc6-b29e-32022caf798e, 42de4746-5199-4b0c-9a5f-4df2cd20d040,             1, Season 1                      ,                                                                                                                                                                                                                                                                                                                                                                                                                                                                                                                                                                                                                                                                                                                                                                                                                                     , https://image.tmdb.org/t/p/w500/fteoIzTf8XDCV7z0A8ZSmFg1Arn.jpg                                                               ,         2026,                                           ,                   , 2026-08-07 19:54:01.682395+00, 2026-08-07 19:55:57.856254+00, https://hubcloud.cx/drive/303on1omyo1f2gy              , https://hubcloud.cx/drive/apwppo2pazfgkg7              , 2.83 GB       , 6.53 GB
5a187492-e5ef-4b68-b7a1-f51f5aeb3b97, e422b795-2a44-4402-822b-c63c33b5ccfd,             2, Season 2                      ," ""Based on Larry Collins and Dominique Lapierre's bestselling book", Freedom At Midnight dramatizes the events leading to India's Partition and its socio-political upheaval. Starring Sidhant Gupta, Chirag Vohra, Rajendra Chawla, Luke McGibney, Cordelia Bugeja, Arif Zakaria, and Ira Dubey, the acclaimed series returns with Season 2," continuing the gripping saga of independence and its aftermath.""                                                                                                                                                                                                                                                                                                                                                                                                                        ", https://image.tmdb.org/t/p/w500/zkgdoijIPnznO6X6ch3ozrxBmii.jpg                                                               
5aab1ea7-576c-4085-a535-67f96655865d, ecd03f37-9d72-42cf-b1eb-73dfd6bc7c77,             1, Season 1                      ,                                                                                                                                                                                                                                                                                                                                                                                                                                                                                                                                                                                                                                                                                                                                                                                                                                     , https://image.tmdb.org/t/p/w500/3itZlypnOcVcqI5xxyO6nvJ52yM.jpg                                                               ,         2024,                                           ,                   , 2026-01-11 03:28:16.064758+00, 2026-01-11 04:25:53.727321+00, https://hubcloud.foo/drive/txowox1oitddeef             , https://hubcloud.foo/drive/1rbmmarcaj1mbrl             , 4.95 GB       , 10.53 GB
5b91a8e2-92a6-4c0b-9bb4-87038779aec2, f5e3fb21-fed4-4b3b-b5a0-6f70416d607c,             1, Season 1                      ," ""Follow the fearsome vigilante in his first year. Forged in the fire of tragedy", billionaire Bruce Wayne becomes something both more and less than human—the Batman. Night after night, against overwhelming odds," he wages his relentless one-man war on crime.""                                                                                                                                                                                                                                                                                                                                                                                                                                                                                                                                                                   ", https://image.tmdb.org/t/p/w500/gIK5fBVh97rJc2SuTAKQrFjxipk.jpg                                                               ,         2024,                                           ,                   , 2026-08-04 09:02:50.15173+00 , 2026-08-06 05:54:45.837726+00, https://hubcloud.cx/drive/uc1wz88oetz8zlz              
5b9b04a4-cbb9-4d65-a753-352624f8b84c, 296b3c5d-a4aa-4992-98b7-c1b5421c1cc7,             2, Season 2                      ,                                                                                                                                                                                                                                                                                                                                                                                                                                                                                                                                                                                                                                                                                                                                                                                                                                     , https://image.tmdb.org/t/p/w500/vpxrDccmKO723TFJGqp9A17gKFP.jpg                                                               ,         2021,                                           ,                   , 2026-06-10 09:32:29.790375+00, 2026-06-10 09:46:26.150446+00, https://hubcloud.foo/drive/4i8xl1mplivlppl             , https://hubcloud.foo/drive/f51qbbnuk0dypzz             , 1.37 GB       , 3.31 GB
5bdbb853-e213-4d57-be85-ca2de4a9ae72, cc2c296d-601c-4a3c-a0e4-406aefc229f2,             2, Season 2                      ," ""In season two", the crew of the U.S.S. Enterprise, under the command of Captain Christopher Pike, confronts increasingly dangerous stakes, explores uncharted territories and encounters new life and civilizations. The crew will also embark on personal journeys that will continue to test their resolve and redefine their destinies. Facing friends and enemies both new and familiar," their adventures will unfold in surprising ways never seen before.""                                                                                                                                                                                                                                                                                                                                                                    ", https://image.tmdb.org/t/p/w500/7Cp5w4X8xH2x4xDk67C5kMC5ePA.jpg                                                               ,         2023,                                           ,                   , 2026-08-18 22:35:15.463985+00
5bfafb20-b683-48a7-91b9-c5a829a02629, ed5fe48c-f51e-4b15-8010-2bdbcf01586c,             1, The Game: You Never Play Alone, Download The Game: You Never Play Alone [S01 720p & 1080p] [Hindi Dubbed] All Episodes HD !                                                                                                                                                                                                                                                                                                                                                                                                                                                                                                                                                                                                                                                                                                                                         ,                                                                                                                               ,         2025,                                           ,                   , 2025-11-14 07:33:02.309866+00, 2025-11-14 07:33:02.309866+00, https://hubcloud.fyi/drive/5hk5vpdvkzmadrg             , https://hubcloud.fyi/drive/yz4n7czbzsoaboh             , 2.22 GB       , 4.71 GB
5cb35ab3-2407-4743-987b-d7eeb6751570, a80c60e7-50bc-4441-9674-ba8c498042b8,             3, Season 3                      ," ""Ab sab badlega", mausam badlega, taapman badlega rules naye game wahi - Anil Kapoor ke aane se sab badlega. 24 hours LIVE channel," action-packed latest episodes – all this and more on this season of Bigg Boss OTT. Get ready to experience Bigg Boss OTT Season 3 streaming at 9 PM from 21st June onwards!""                                                                                                                                                                                                                                                                                                                                                                                                                                                                                                                     ", https://image.tmdb.org/t/p/w500/ev0pJtwCG0oeaQHSO2VToMEPyne.jpg                                                               ,         2024,                                           ,                   , 2026-09-12 17:00:41.106571+00, 2026-09-12 17:00:41.106571+00,                                                        
5cd7392e-e24e-4b22-bf0d-5ccf78fd5d63, 9e1d477b-14fb-451d-be56-505eda455de3,             1, Season 1                      ,                                                                                                                                                                                                                                                                                                                                                                                                                                                                                                                                                                                                                                                                                                                                                                                                                                     , https://image.tmdb.org/t/p/w500/wY4rhPE90jJ4bp1JZOFY0MeRJQX.jpg                                                               ,         2026,                                           ,                   , 2026-04-25 10:10:25.542095+00, 2026-04-25 10:10:25.542095+00,                                                        ,                                                        ,               , 
5d11b7aa-a8b0-497e-9934-1bf006f3da93, d3aee31c-f0ce-4187-add5-6b520d7449c8,             1, Season 1                      ," ""When a secret prison suffers a mysterious explosion that allows the nation's most violent serial killers to escape", a former profiler is thrust back into a thrilling game of cat and mouse. Alongside a team of soldiers, spies and special agents," she has no choice but to track down and recapture these dangerous criminals… before they kill again.""                                                                                                                                                                                                                                                                                                                                                                                                                                                                         ", https://image.tmdb.org/t/p/w500/vbKxeQ69YTS3kcGgpsMmzogUfsk.jpg                                                               ,         2025,                                           ,                   , 2026-01-11 03:33:04.488499+00, 2026-01-11 04:54:41.534477+00, https://hubcloud.foo/drive/e44r0gss0zthev7             
5e00ab1b-66a8-421b-a042-8806c479daef, ede93384-bad7-464c-8f89-54312a4bea74,             3, Season 3                      ," ""A sad goodbye", some giggles, some tears and a heavy heart. That's how we see the four girls this season. Each of them is saddled by baggage," most of which slump their shoulders and almost make them fall. All that the four of them are seeking this season is closure but sometimes the closing chapters are the most painful ones.""                                                                                                                                                                                                                                                                                                                                                                                                                                                                                            ", https://image.tmdb.org/t/p/w500/5oQQWAsZJA98PWD8MaN0XLYQ1kR.jpg                                                               ,         2022,                                           ,                   , 2025-12-30 02:31:12.780605+00, 2025-12-30 02:31:12.780605+00,                                                        
5f7e5a39-e87a-4f32-9433-247cc13b1ae2, aaa65bdd-374f-4199-9299-53e886026431,             1, Season 1                      ," ""A link in their pasts leads an honest cop to a fugitive gang boss"," whose cryptic warning spurs the officer on a quest to save Mumbai from cataclysm.""                                                                                                                                                                                                                                                                                                                                                                                                                                                                                                                                                                                                                                                                              ", https://image.tmdb.org/t/p/w500/mVQ6JFJCAMRLKvsMZdiEeYXC6cp.jpg                                                               ,         2018,                                           ,                   , 2026-08-04 17:56:22.917512+00, 2026-08-04 17:58:08.005271+00, https://hubcloud.cx/drive/3wwus1sw1bgdwhn              , https://hubcloud.cx/drive/mn1ninpnpmom1bf              , 3.3 GB        
615296f5-4e2d-4855-bc77-652dc911db15, 78ab7224-0ce0-40bd-b25d-d5714b6f8b34,             1, Limited Series                ,                                                                                                                                                                                                                                                                                                                                                                                                                                                                                                                                                                                                                                                                                                                                                                                                                                     , https://image.tmdb.org/t/p/w500/fhpCuti9Iqo5qF2lBczBtNc1qie.jpg                                                               ,         2025,                                           ,                   , 2025-12-30 02:17:36.247493+00, 2026-01-03 19:43:59.690699+00, https://hubcloud.foo/drive/jizy0izie0aijjs             , https://hubcloud.foo/drive/unwoop1ugomb4o4             , 2.8 GB        , 6.1 GB
61af67ad-c065-4dfe-98b6-8dd9a8f3f1e6, 715c3d79-e4ea-4fad-bb8a-c638e65ce944,             1, Mismatched (Season 1)         , Download Mismatched S01 All Episodes in Hindi | HD (720p/1080p Quality)                                                                                                                                                                                                                                                                                                                                                                                                                                                                                                                                                                                                                                                                                                                                                             ,                                                                                                                               ,         2025,                                           ,                   , 2025-11-15 16:04:36.922718+00, 2025-11-15 16:22:13.89676+00 , https://hubcloud.foo/drive/gyhtydgydieqh1b             , https://hubcloud.foo/drive/va2pez3jvxzdn2i             , 1.7 GB        , 3.79 GB
6228e746-ac64-4305-9d29-2287bcf5ddaf, d14d36f8-8b1c-4b0e-9489-368eadbc2f68,             3, Season 3                      , New adventures take the Pogues to the Caribbean and far beyond as the friends are pulled into a dangerous rival's hunt for a legendary lost city.                                                                                                                                                                                                                                                                                                                                                                                                                                                                                                                                                                                                                                                                                   , https://image.tmdb.org/t/p/w500/ofDfblLBSG9MT5m4UPvadkZ6NaR.jpg                                                               ,         2023,                                           ,                   , 2026-08-21 01:59:50.12503+00 , 2026-08-21 02:04:37.40127+00 , https://hubcloud.cx/drive/n5kabhkhm8vbbh8              , https://hubcloud.cx/drive/szwrathwuw7negr              , 4.64 GB       , 8.54 GB
62499ff0-3931-4fc0-9bea-fbb566d19423, 35836d0d-3a19-42e0-a73d-ddec43b115c5,             3, Season 3                      ," ""Duplicity and treachery...nobility and honor...conquest and triumph...and", of course, dragons. In Season 3, family and loyalty are the overarching themes as many critical storylines from the first two seasons come to a brutal head. Meanwhile, the Lannisters maintain their hold on King's Landing, though stirrings in the North threaten to alter the balance of power; Robb Stark, King of the North," faces a major calamity as he tries to build on his victories; a massive army of wildlings led by Mance Rayder march for the Wall; and Daenerys Targaryen--reunited with her dragons--attempts to raise an army in her quest for the Iron Throne.""                                                                                                                                                                    ", https://image.tmdb.org/t/p/w500/5MkZjRnCKiIGn3bkXrXfndEzqOU.jpg                                                               ,         2013,                                           
64671944-104b-412e-b6b1-a4e672c905c4, cc2c296d-601c-4a3c-a0e4-406aefc229f2,             3, Season 3                      ," ""In season three", when we reconnect with the crew of the U.S.S. Enterprise, still under the command of Captain Pike, they face the conclusion of season two's harrowing encounter with the Gorn. But new life and civilizations await, including a villain that will test our characters' grit and resolve. An exciting twist on classic Star Trek, season three takes characters both new and beloved to new heights, and dives into thrilling adventures of faith, duty, romance, comedy and mystery," with varying genres never before seen on any other Star Trek.""                                                                                                                                                                                                                                                              "
6478e56c-5895-41fa-8454-f05fbf9feb70, 8494b67e-4488-435b-87b2-65cce3217a82,             1, Season 1                      ," ""Srimathi is a 30 year old unmarried woman", with a dead end job, a dysfunctional family and a goal to win back her ancestral house. Opening a bar in her village seems like a profitable business solution, but there are hurdles. This is the journey of Srimathi," battling various societal and moral obstacles along the way.""                                                                                                                                                                                                                                                                                                                                                                                                                                                                                                   ", https://image.tmdb.org/t/p/w500/c27ULHUV3TzMQzJQrsXKnqxJ0F6.jpg                                                               ,         2023,                                           ,                   , 2026-03-15 10:09:52.845379+00, 2026-03-17 03:15:51.171486+00
6553579e-62cd-4a85-ad05-bef723574f76, af168b1b-d8c9-4de1-b0a2-c74be9d1d219,             1, Season 1                      ,                                                                                                                                                                                                                                                                                                                                                                                                                                                                                                                                                                                                                                                                                                                                                                                                                                     , https://image.tmdb.org/t/p/w500/9jt62J8sfq8pFFovZhEQmxjUqhb.jpg                                                               ,         2026,                                           ,                   , 2026-05-15 10:28:10.438312+00, 2026-05-15 10:41:48.231697+00, https://hubcloud.foo/drive/1my8ymmm1r45l88             , https://hubcloud.foo/drive/yuswpjjxsrmcwgi             , 2.35 GB       , 5.05 GB
65cb1002-9c9e-41ff-985f-5969bdb956b6, 90455827-6e07-488d-9948-f3b6d13f501f,             2, Season 2                      ," ""From minor league baseball to big box retail", from funeral homes to alligator farms and even a grade school talent show, Charlie navigates her crime solving existential road-trip with deadpan wit, human empathy," and her signature uncanny lie-detecting ability.""                                                                                                                                                                                                                                                                                                                                                                                                                                                                                                                                                              ", https://image.tmdb.org/t/p/w500/fkgZo3vKcD3pZ7cbNltLtu7c0Oo.jpg                                                               ,         2025,                                           ,                   , 2025-12-30 02:26:33.861632+00, 2026-01-07 20:50:47.454785+00
67ca2e33-e3de-4bdf-8f1a-1dfe31ba45ef, 5ae2583b-7181-4a06-9a3a-9843afa742e6,             1, Bleach                        ,                                                                                                                                                                                                                                                                                                                                                                                                                                                                                                                                                                                                                                                                                                                                                                                                                                     , https://image.tmdb.org/t/p/w500/5iVUUnE2tgBPypACYNobCKHagfV.jpg                                                               ,         2004,                                           ,                   , 2026-01-28 10:25:06.751646+00, 2026-02-01 05:52:53.167971+00, https://hubcloud.foo/drive/lfqzgeiukuuuerp             , https://hubcloud.foo/drive/kvsc0z4vvhjjxsq             , 11.03 GB      , 25.06 GB
67eab89a-afc4-492b-a52b-50e0178a5d7a, 041a15c8-e06c-48a1-ab3b-c7533f7e1032,             3, Stranger Things 3             , Budding romance. A brand-new mall. And rabid rats running toward danger. It's the summer of 1985 in Hawkins ... and one summer can change everything.                                                                                                                                                                                                                                                                                                                                                                                                                                                                                                                                                                                                                                                                               , https://image.tmdb.org/t/p/w500/sDms9g40ZBhjMIfX9YqqaqId8sK.jpg                                                               ,         2019,                                           ,                   , 2025-12-30 02:10:13.725743+00, 2026-01-03 02:58:52.163921+00, https://hubcloud.foo/drive/f9c59d2o9tzitrj             , https://hubcloud.foo/drive/cpyj8e4ceomb8y8             , 3.87 GB       , 6.03 GB
68e545f1-cf7a-4d67-bce3-9c8b8b04bc00, 566514d0-6de2-433c-b34c-f0d573cdce01,             1," ""Live Telecast ""              ", Live.Telecast.S01.E01.Hindi.720p.WEB-DL.DD5.1.ESub.x264                                                                                                                                                                                                                                                                                                                                                                                                                                                                                                                                                                                                                                                                                                                                                                             ,                                                                                                                               ,         2021, https://hubcloud.fyi/drive/twhxh-1evsejjjx, 5.4 GB            , 2025-10-07 06:34:16.319118+00, 2025-11-12 07:55:40.476293+00, https://hubcloud.fyi/drive/s-nxflxqf58nqno             , https://hubcloud.fyi/drive/twhxh-1evsejjjx             , 1.79 GB       , 3.44 GB
68e76bfb-0e79-4e47-b75e-3611ace3da10, e7913254-52a2-4a54-8f19-cbd103373a74,             1, Limited Series                ,                                                                                                                                                                                                                                                                                                                                                                                                                                                                                                                                                                                                                                                                                                                                                                                                                                     , https://image.tmdb.org/t/p/w500/3jX4SBvZOckYEejx01LPbvGnS33.jpg                                                               ,         2026,                                           ,                   , 2026-08-09 03:42:44.026714+00, 2026-08-09 03:44:32.107275+00, https://hubcloud.cx/drive/qfyrwqwllcfklcf              , https://hubcloud.cx/drive/xawfspwxrzgpm11              , 6.44 GB       , 14.05 GB
690a8377-97f1-4877-841a-c82cd768e551, 4a451471-0a46-407c-9431-c0a1806848ff,             1, Season 1                      ,                                                                                                                                                                                                                                                                                                                                                                                                                                                                                                                                                                                                                                                                                                                                                                                                                                     , https://image.tmdb.org/t/p/w500/dlCEYPkgKl3WHrn8bYkkzJVPlTZ.jpg                                                               ,         2023,                                           ,                   , 2026-02-20 09:15:55.234183+00, 2026-02-23 11:20:23.549115+00, https://hubcloud.foo/drive/2a9qdod1rvdr2yd             , https://hubcloud.foo/drive/rn2h3fldfqfqoap             , 2.83 GB       , 6.92 GB
69fe3580-243a-415b-9432-939ccae8c5b2, 87dd60b0-767f-4742-972c-5a6308de8d43,             3, Season 3                      , Doron ensnares a determined young boxer when a months-long covert mission puts the team on the trail of a Hamas leader high on Shin Bet's wanted list.                                                                                                                                                                                                                                                                                                                                                                                                                                                                                                                                                                                                                                                                              , https://image.tmdb.org/t/p/w500/ozHjjSCFWMAueCGZKNlzLP8a2IA.jpg                                                               ,         2019,                                           ,                   , 2026-09-13 23:18:05.752911+00, 2026-09-13 23:18:05.752911+00,                                                        ,                                                        ,               , 
6a16595b-4df8-48ca-983e-510cc3073ddb, e821eddb-021d-4e93-a97e-7ea625005e58,             1, Season 1                      ," ""Thieves overtake the mint of a unified Korea. With hostages trapped inside"," the police must stop them — as well as the shadowy mastermind behind it all.""                                                                                                                                                                                                                                                                                                                                                                                                                                                                                                                                                                                                                                                                          ", https://image.tmdb.org/t/p/w500/s7ChVSINrNLbw1pNLz0dUWR5x2L.jpg                                                               ,         2022,                                           ,                   , 2026-06-10 09:10:48.495874+00, 2026-06-10 09:14:14.645801+00, https://hubcloud.foo/drive/ilot51pamosfupn             , https://hubcloud.foo/drive/vwhspw_2swwjlw2             , 3.63 GB       
6a87780b-1966-476e-a80b-cfb986a5eead, 7d62b434-0e69-407d-9ea4-ff0c62aae7c3,             1, Season 1                      ,                                                                                                                                                                                                                                                                                                                                                                                                                                                                                                                                                                                                                                                                                                                                                                                                                                     ,                                                                                                                               ,         2025,                                           ,                   , 2026-02-02 04:21:43.841039+00, 2026-02-02 04:33:13.343943+00, https://hubcloud.foo/drive/jlc1ri7cnar7rit             , https://hubcloud.foo/drive/jxbhfyjfyyrjxjw             , 1.46 GB       , 3.37 GB
6ae8fda6-b14b-4a65-8526-2fa60a82cc80, 1ff581b9-670f-49f9-a11a-cddfb3dfa829,             3, Season 3                      ," ""Three years after the heist on the Royal Mint of Spain"," the robbers are enjoying their lives paired-up in diverse locations.""                                                                                                                                                                                                                                                                                                                                                                                                                                                                                                                                                                                                                                                                                                      ", https://image.tmdb.org/t/p/w500/kJxqdEfInoai6Ca2tUEWbelveUP.jpg                                                               ,         2021,                                           ,                   , 2026-06-10 06:52:39.763378+00, 2026-06-10 07:19:41.191958+00, https://hubcloud.foo/drive/3nyvieyb3twvtny             , https://hubcloud.foo/drive/ggvk1igghh0xigv             , 2.4 GB        
6bd46068-9ab9-47c4-b2ec-9ef61795a556, 666deca2-dec0-4f9a-bd66-3d65a2542c67,             1, Season 1                      ," ""In a dysfunctional Delhi Government School", a laidback headmaster's attempt at a fully paid Cambridge trip sparks a chaotic makeover attempt - forcing a ragtag team of teachers to fix the broken system," one blackboard lesson at a time.""                                                                                                                                                                                                                                                                                                                                                                                                                                                                                                                                                                                       ", https://image.tmdb.org/t/p/w500/1XbcSqURUvhgu2nnoQRZ7cXmTsJ.jpg                                                               ,         2026,                                           ,                   , 2026-07-24 14:57:46.026368+00, 2026-07-25 13:21:01.895531+00, https://hubcloud.cx/drive/zet6yzy1bazwkkj              , https://hubcloud.cx/drive/v6eb6ce1xc8e1nb              
6c174855-5860-47a5-8a1e-c3ef4c1bd22a, 76e2d952-0194-4796-9be5-b8036bdbd2ec,             1, Season 1                      ,                                                                                                                                                                                                                                                                                                                                                                                                                                                                                                                                                                                                                                                                                                                                                                                                                                     , https://image.tmdb.org/t/p/w500/9DwR70nqCwRv7BE8Otkmr2dfmkV.jpg                                                               ,         2026,                                           ,                   , 2026-03-14 23:42:52.213728+00, 2026-03-15 00:37:58.174559+00, https://hubcloud.foo/drive/scaziawr151ilzq             , https://hubcloud.foo/drive/3zfeifx9phi95ps             , 1.67 GB       , 3.73 GB
6c66811a-18c7-4627-87da-681c77342a4f, 0a46e08a-85ee-41c9-9f70-e3c0772a3dc2,             1, Season 1                      ,                                                                                                                                                                                                                                                                                                                                                                                                                                                                                                                                                                                                                                                                                                                                                                                                                                     ,                                                                                                                               ,         2025,                                           ,                   , 2025-12-30 02:11:59.649633+00, 2026-01-03 18:19:13.733586+00, https://hubcloud.foo/drive/whhha6avfyesxra             , https://hubcloud.foo/drive/jhthiuu9ljo8ssq             , 2.49 GB       , 5.46 GB
6cc57d57-d120-4cde-a7a6-8af67875df2b, ecd03f37-9d72-42cf-b1eb-73dfd6bc7c77,             2, Season 2                      ," ""After a record-shattering first season", Beast Games is back! With a life-changing $5,000,000 prize on the line, MrBeast brings together 100 of the strongest and 100 of the smartest players on the planet. Will it be superhuman strength or super genius that takes home the grand prize? Each game will test the limits of human strength, intelligence, and strategy. What WOULDN'T you do for $5,000,"000?""                                                                                                                                                                                                                                                                                                                                                                                                                    ", https://image.tmdb.org/t/p/w500/6Zww0KyC518xni9m12dA3qB392D.jpg                                                               ,         2026
6d2ce719-c039-4924-87a9-975861a4c5c6, 130e9b75-fde9-4952-a933-45fd00596525,             1, Season 1                      ," ""A humble hedge knight and a sharp-tongued boy with a hidden secret roam a restless Westeros", stumbling into honour, danger, and the schemes of powerful lords. As they enter tournaments and cross paths with rising threats," their bond becomes the one thing standing between them and a kingdom on the brink.""                                                                                                                                                                                                                                                                                                                                                                                                                                                                                                                  ", https://image.tmdb.org/t/p/w500/6igvNs5VJB4ryBLgjjXksDVs0Fm.jpg                                                               ,         2026,                                           ,                   , 2026-01-20 20:26:44.93038+00 , 2026-04-14 13:56:48.605316+00
6e6cd048-ceae-452e-8b18-f26911ab9591, 81684038-b418-400d-bc24-79cac51ad661,             2, Season 2                      ,                                                                                                                                                                                                                                                                                                                                                                                                                                                                                                                                                                                                                                                                                                                                                                                                                                     , https://image.tmdb.org/t/p/w500/cKx32LsdrBKGKysguLu9PGuX30U.jpg                                                               ,         2026,                                           ,                   , 2026-04-12 04:50:23.857814+00, 2026-04-12 04:50:23.857814+00,                                                        ,                                                        ,               , 
6e7aa06c-abad-4ead-9a35-55e2898fa321, d14d36f8-8b1c-4b0e-9489-368eadbc2f68,             5, Season 5                      ," ""Season 5 finds the Pogues at their absolute breaking point following the tragic loss  in Morocco. Stranded far from home and mourning the heart of their crew", they’ve lost the Blue Crown and continue to face a gauntlet of familiar threats. With Chandler Groff still at large, Dalia and the Corsairs closing in, and the Kooks ensuring the Pogues have no home to return to, John B, Sarah, Kiara, Pope," and Cleo must rely on their scrappy instincts—and an uneasy alliance with Rafe—to keep from falling apart for good. Their mission is now a desperate race to reclaim their future and finally win the freedom they’ve been chasing since the beginning. It’s the Pogues against the world as they seek to avenge their best friend and bring it on home…one final time.""                                           ", https://image.tmdb.org/t/p/w500/qlWuZV4TcZkryv7lh2srVl75jdy.jpg                                                               ,         2026
70586a37-c2e0-46e8-9e0d-9c071c16b6b8, 9eca62bc-2bef-417a-930e-97631910eb97,             1, Season 1                      ,                                                                                                                                                                                                                                                                                                                                                                                                                                                                                                                                                                                                                                                                                                                                                                                                                                     , https://image.tmdb.org/t/p/w500/tXEUMJFIQwaaWnEZejqCv0sZ4cp.jpg                                                               ,         2024,                                           ,                   , 2026-06-19 06:55:17.142504+00, 2026-06-19 07:16:58.127647+00, https://hubcloud.foo/drive/yy3rju0uu13yvql             , https://hubcloud.foo/drive/jqqjilgjqqs15jr             , 4.26 GB       , 9.41 GB
706231aa-219b-4c7c-9e43-7e3b0fcaa560, 27de0935-fe37-4084-a7e5-0dc458dff5dd,             1, Season 1                      ," ""200 years after the apocalypse", the gentle denizens of luxury fallout shelters are forced to return to the incredibly complex," gleefully weird and highly violent universe waiting for them above.""                                                                                                                                                                                                                                                                                                                                                                                                                                                                                                                                                                                                                                ", https://image.tmdb.org/t/p/w500/umhZRQwBbDRWbrvLev4cz4GZBhr.jpg                                                               ,         2024,                                           ,                   , 2025-12-30 02:32:16.880927+00, 2026-01-07 22:08:56.656785+00, https://hubcloud.foo/drive/31yoowbhdox7aw1             , https://hubcloud.foo/drive/fzq3dwogwi3hkpg             
70876cec-30f1-495f-8e87-b2444a590d7a, a4d7688c-c39d-495f-a95b-9af0c79a853e,             1, Season 1                      ,                                                                                                                                                                                                                                                                                                                                                                                                                                                                                                                                                                                                                                                                                                                                                                                                                                     , https://image.tmdb.org/t/p/w500/aQ1PTvjh9G30bMPXbBhGLlfyFZx.jpg                                                               ,         2026,                                           ,                   , 2026-05-10 13:08:47.818107+00, 2026-05-10 13:54:35.026518+00, https://hubcloud.foo/drive/pfgi8khbh2uuokg             , https://hubcloud.foo/drive/vppi9vy09op44p9             , 2.69 GB       , 6.21 GB
70d3775c-a71a-4e2b-9ecd-758ca186631c, c911a97a-60a7-4438-a73f-6d37bd943105,             1, Season 1                      ,                                                                                                                                                                                                                                                                                                                                                                                                                                                                                                                                                                                                                                                                                                                                                                                                                                     , https://image.tmdb.org/t/p/w500/hzEzugrfagYisxQXemGEuI4zcQA.jpg                                                               ,         2019,                                           ,                   , 2026-05-13 14:34:25.378424+00, 2026-05-17 09:42:05.593526+00, https://hubcloud.foo/drive/hnrwwddpnrtxh8q             , https://hubcloud.foo/drive/1hnmj223yns2tu2             , 2.55 GB       , 4.35 GB
71bb0c84-9278-4328-9de2-5627706c8ae6, ff086370-d003-408b-a6bc-fb76be4bbc97,             2, Season 2                      ,                                                                                                                                                                                                                                                                                                                                                                                                                                                                                                                                                                                                                                                                                                                                                                                                                                     , https://image.tmdb.org/t/p/w500/CBh0hsJRmipyPLQDMsu1PdcNCn.jpg                                                                ,         2026,                                           ,                   , 2026-06-21 06:07:45.400598+00, 2026-06-21 06:07:45.400598+00,                                                        ,                                                        ,               , 
72b3a835-e16c-42f1-b30b-14aba28acbcf, 829a1b68-157e-4fc8-b846-fc7da04dc08b,             1, Season 1                      ,                                                                                                                                                                                                                                                                                                                                                                                                                                                                                                                                                                                                                                                                                                                                                                                                                                     , https://image.tmdb.org/t/p/w500/pcN28BecwjccTryoLuWUd0xA8Pt.jpg                                                               ,         2026,                                           ,                   , 2026-01-11 03:34:35.809486+00, 2026-01-11 11:32:57.861252+00, https://hubcloud.foo/drive/a1scrg8gzerpycy             , https://hubcloud.foo/drive/uuftanuqxst8d2o             , 1.55 GB       , 3.41 GB
7352aedb-6c65-47c7-9dff-ab299b3e4354, f5d178b9-bf79-4d2f-a8b3-fed764eb8471,             1, Season 1                      ,                                                                                                                                                                                                                                                                                                                                                                                                                                                                                                                                                                                                                                                                                                                                                                                                                                     , https://image.tmdb.org/t/p/w500/6dg2Smzrh7G59oSj06TgEv5DtF4.jpg                                                               ,         2026,                                           ,                   , 2026-06-04 17:34:33.79151+00 , 2026-06-04 17:34:33.79151+00 ,                                                        ,                                                        ,               , 
73a64081-09c6-4d75-84ec-c6385c83dbd4, 02221c29-2645-445d-91aa-d807e308f1a4,             4, Season 4                      ," ""The world is on the brink. Victoria Neuman is closer than ever to the Oval Office and under Homelander's muscly thumb as he consolidates his power. Butcher", with only months to live, has lost Becca's son, and his job as The Boys' leader. The rest of the team are fed up with his lies. With the stakes higher than ever," they must find a way to work together and save the world before it's too late.""                                                                                                                                                                                                                                                                                                                                                                                                                     ", https://image.tmdb.org/t/p/w500/nWwhdt7iOFJsWM8Lz1UtaUC6EUf.jpg                                                               ,         2024,                                           ,                   , 2026-04-12 05:11:44.387059+00, 2026-04-12 05:11:44.387059+00
7444c251-b3b3-4ff7-8d34-a25abc125472, 47c34e53-c1a6-4abe-be31-093e18c8f2ef,             1, Season 1                      ,                                                                                                                                                                                                                                                                                                                                                                                                                                                                                                                                                                                                                                                                                                                                                                                                                                     , https://image.tmdb.org/t/p/w500/5QtuxMH27ANXmk8GwVav0POCHuM.jpg                                                               ,         2026,                                           ,                   , 2026-01-14 03:57:54.019095+00, 2026-01-14 04:02:40.701028+00, https://hubcloud.foo/drive/qs51jz2nzs5eivp             , https://hubcloud.foo/drive/yygryb7k11al0gg             , 2.76 GB       , 6.26 GB
74eb542c-df01-4532-98e5-60b34470e829, 27de0935-fe37-4084-a7e5-0dc458dff5dd,             2, Season 2                      , What say you Ms MacLean?                                                                                                                                                                                                                                                                                                                                                                                                                                                                                                                                                                                                                                                                                                                                                                                                            , https://image.tmdb.org/t/p/w500/c15BtJxCXMrISLVmysdsnZUPQft.jpg                                                               ,         2025,                                           ,                   , 2025-12-30 02:32:17.28741+00 , 2025-12-30 02:32:17.28741+00 ,                                                        ,                                                        ,               , 
7591e674-386a-4367-a093-38a8a9f1bd17, bcc7da47-7059-4aa4-b143-ebac33ee1c9c,             2, Season 2                      ," ""The repaired Jupiter 2 launches into space once more", to escape the destruction of Priplanus following a series of cataclysmic earthquakes. The Robinson's crash-land on a strange new world," to become planet-bound again for another season.""                                                                                                                                                                                                                                                                                                                                                                                                                                                                                                                                                                                    ", https://image.tmdb.org/t/p/w500/tiyo1h6UVneH5XM3JXaXJDbYE43.jpg                                                               ,         1966,                                           ,                   , 2026-09-13 23:18:18.950575+00, 2026-09-13 23:18:18.950575+00,                                                        ,                                                        
77901100-1ab3-4de2-832a-445b6ef7bd2a, 01548668-4b37-43d2-9947-5135e88ba7ae,             2, Season 2                      ," ""Stranded outside her silo with a failing suit", Juliette Nichols races against time, stunned to find another silo nearby that could be her only hope for survival. Meanwhile, unrest brews inside her original silo as Bernard Holland rallies citizens to maintain order amid rising questions about their world. As Juliette faces unexpected dangers near the new silo, hidden truths about the silos’ origins and the world beyond begin to surface," deepening the mystery.""                                                                                                                                                                                                                                                                                                                                                    ", https://image.tmdb.org/t/p/w500/wuNxRmBF1OJDtbcs9d14hZxg8WL.jpg                                                               ,         2024,                                           ,                   , 2026-07-13 20:58:24.665624+00
7a4e88f8-2ec4-4eda-9684-1c1080304bc3, 526c7801-4a96-4bf3-8915-f7c71615cdf4,             1, Season 1                      ,                                                                                                                                                                                                                                                                                                                                                                                                                                                                                                                                                                                                                                                                                                                                                                                                                                     , https://image.tmdb.org/t/p/w500/9Me1JeDK1wPIc8MObq88GSM0VdQ.jpg                                                               ,         2026,                                           ,                   , 2026-05-24 21:46:56.463536+00, 2026-05-24 21:50:09.51271+00 , https://hubcloud.foo/drive/hoc1htfciiz9hzk             , https://hubcloud.foo/drive/den8kck5ovao1os             , 2.31 GB       , 5.13 GB
7b2cfaaf-2385-4645-a6cc-235370e2e95b, d7830f54-c370-4dae-be8f-b1c688bc367d,             4, Season 4                      ," ""Despite his elder and younger brothers both being happily married"," Benedict is loath to settle down — until he meets a captivating Lady in Silver at his mother’s masquerade ball.""                                                                                                                                                                                                                                                                                                                                                                                                                                                                                                                                                                                                                                                ", https://image.tmdb.org/t/p/w500/5dGN6F99kMSRzWVTQRAvTlK48Zu.jpg                                                               ,         2026,                                           ,                   , 2026-01-30 01:48:05.322357+00, 2026-02-01 06:45:11.669716+00, https://hubcloud.foo/drive/8kvzduvla61xq6k             , https://hubcloud.foo/drive/0d27s2xwpc74ap1             , 2.38 GB       
7b9c4c1e-37d2-4e0d-aa80-c5809e76ded9, 01548668-4b37-43d2-9947-5135e88ba7ae,             3, Season 3                      ," ""Season three reveals an origin story set centuries earlier", while continuing the saga of a dystopian society of 10,000 people living underground under mysterious circumstances. In the present," Juliette Nichols survives her forced """"cleaning"""" but returns with memory loss as the silo recovers from rebellion and faces a dangerous new threat. Meanwhile"," in the """"Before Times", journalist Helen Drew and Congressman Daniel Keene uncover a conspiracy that pulls them into a chain of events with catastrophic," irreversible consequences.""                                                                                                                                                                                                                                                                            ", https://image.tmdb.org/t/p/w500/gMYZZvnkVNTqSVnVCphWbPXwWwb.jpg                                                               ,         2026,                                           ,                   
7bc7b9a8-4bf2-495f-9ad9-e0433fc111b8, 03ec91f3-6b88-4e64-85ee-8c83bfe14a32,             1, Season 1                      ,                                                                                                                                                                                                                                                                                                                                                                                                                                                                                                                                                                                                                                                                                                                                                                                                                                     , https://image.tmdb.org/t/p/w500/8H70Q7CyUJr2XQwzdrRyg9OWMPA.jpg                                                               ,         2025,                                           ,                   , 2026-07-11 20:19:22.620813+00, 2026-07-11 20:19:22.620813+00,                                                        ,                                                        ,               , 
7c61a0ce-154d-4970-b55f-043166b710d5, 8ef0be9f-1fd1-4ff7-aa2f-3da37a417ee1,             1, Season 1                      ,                                                                                                                                                                                                                                                                                                                                                                                                                                                                                                                                                                                                                                                                                                                                                                                                                                     , https://image.tmdb.org/t/p/w500/1BloDOEmKxPFzbCIuNCLmCrcx6L.jpg                                                               ,         2006,                                           ,                   , 2025-12-30 02:20:57.67241+00 , 2026-01-03 20:45:54.438385+00, https://hubcloud.foo/drive/fb5f15s6dvpekzx             , https://hubcloud.foo/drive/54a82e50vf1nafe             , 8.3 GB        , 17.89 GB
7cf35c95-334a-4644-9f37-6963470b97a4, ff09f11c-aa52-4b84-98a1-924ea1f0a077,             1, Season 1                      , SI Vetri uncovers a sinister plot by a medical team attempting to cover up the deaths of young participants in a clinical trial by disguising them as accidents.                                                                                                                                                                                                                                                                                                                                                                                                                                                                                                                                                                                                                                                                    , https://image.tmdb.org/t/p/w500/cSELdD9FhnKSmF31q39i7zIFZtK.jpg                                                               ,         2025,                                           ,                   , 2025-12-30 02:34:15.505822+00, 2026-01-09 09:07:48.104152+00, https://hubcloud.foo/drive/tvcc6d1obb1u18q             , https://hubcloud.foo/drive/ohgwpfw4ex1femo             , 1.31 GB       , 2.79 GB
7d1acc06-75c9-4911-87e4-6100c295ab8f, e5875f34-1378-4c2f-be76-aab98750f553,             3, Rangbaaz: Darr Ki Rajneeti    ," ""The series traces the rise and fall of ‘Saheb’ Haroon Shah Ali Baig", a gangster-turned-politician," who was much loved and feared in Bihar.""                                                                                                                                                                                                                                                                                                                                                                                                                                                                                                                                                                                                                                                                                        ", https://image.tmdb.org/t/p/w500/gpkjdbOyfKGFAgAPRbAqqajeZS9.jpg                                                               ,         2022,                                           ,                   , 2026-02-11 08:13:14.527466+00, 2026-02-12 06:30:16.99435+00 , https://hubcloud.foo/drive/b1agxb6c61lly5a             ,                                                        
7d23246b-37f7-48ad-8e47-1bf40d3ddd8d, cc2c296d-601c-4a3c-a0e4-406aefc229f2,             1, Season 1                      ," ""The series follows the voyages of the Starfleet starship USS Enterprise (NCC-1701)", captained by Christopher Pike, during its second five-year mission (2259-2264), which precedes Captain James T. Kirk's five-year mission narrated in the television series Star Trek. The series picks up on stardate 1738.12 (2259), a couple of years after the events that occurred in the second season of the television series Star Trek: Discovery," when Pike temporarily captained the USS Discovery.""                                                                                                                                                                                                                                                                                                                                 ", https://image.tmdb.org/t/p/w500/iwIdajr5Y4zq2ibvq75VnDAJBr.jpg                                                                ,         2022,                                           ,                   , 2026-08-18 22:35:13.809199+00
7db87c30-7b78-49a3-b515-cdb4ecad17c7, 90f200ca-ad34-4392-a8dc-f6d9fc7696e1,             4, Season 4                      ," ""Amidst the much-awaited village panchayat elections", Pradhan’s and Bhushan’s camps battle tooth and nail to maintain the upper hand. The future of everyone, including Abhishek," hangs in the balance.""                                                                                                                                                                                                                                                                                                                                                                                                                                                                                                                                                                                                                            ", https://image.tmdb.org/t/p/w500/sGjqP4lKCcvTgappoIb0N0ojR7T.jpg                                                               ,         2025,                                           ,                   , 2026-01-20 20:44:22.377438+00, 2026-01-31 07:15:19.689739+00, https://hubcloud.foo/drive/nndeqecclah4a1c             
7dd85592-323d-490a-b89c-2e9ba6b11c13, ac229184-40c3-474c-9ae4-9031a53ddb24,             4, Season 4                      ,                                                                                                                                                                                                                                                                                                                                                                                                                                                                                                                                                                                                                                                                                                                                                                                                                                     , https://image.tmdb.org/t/p/w500/zDcZG6bCf6crscEnEF19MMNIi9j.jpg                                                               ,         2025,                                           ,                   , 2025-12-30 02:39:17.611511+00, 2025-12-30 02:39:17.611511+00,                                                        ,                                                        ,               , 
7defa8b1-9935-4bf9-98b0-8ec3008e1bd4, 90f200ca-ad34-4392-a8dc-f6d9fc7696e1,             1, Season 1                      ," ""Panchayat is a comedy-drama", which captures the journey of an engineering graduate Abhishek," who for lack of a better job option joins as secretary of a panchayat office in a remote village of Uttar Pradesh.""                                                                                                                                                                                                                                                                                                                                                                                                                                                                                                                                                                                                                   ", https://image.tmdb.org/t/p/w500/cPPhduQk1eX0MAE2JDaQRh3UZB5.jpg                                                               ,         2020,                                           ,                   , 2026-01-20 20:44:20.007803+00, 2026-01-31 07:07:18.281452+00, https://hubcloud.foo/drive/t2in21bbl8ibxgx             , https://hubcloud.foo/drive/nntzgktuznhgzqw             
7df7f541-fa5e-4797-8942-6e95ccd231eb, 7408a1ec-8192-46fa-98b0-3756186922b4,             1, Season 1                      , A new love story unfolds when teen matchmaker Kitty reunites with her long-distance boyfriend at the same Seoul high school attended by her late mother.                                                                                                                                                                                                                                                                                                                                                                                                                                                                                                                                                                                                                                                                            , https://image.tmdb.org/t/p/w500/sFiVj3gN3lNuFp8rhuib6pHpCXc.jpg                                                               ,         2023,                                           ,                   , 2026-04-11 20:53:27.53358+00 , 2026-04-11 20:57:37.301672+00, https://hubcloud.foo/drive/ddthjfllt0jfujh             , https://hubcloud.foo/drive/jnyhqzh3wn4ojju             , 2.88 GB       , 6.37 GB
7e714bf4-7bf3-4f92-948e-52ea2a2640f9, b56cc77b-ae85-470e-84fb-55729cd101bb,             1, Season 1                      ,                                                                                                                                                                                                                                                                                                                                                                                                                                                                                                                                                                                                                                                                                                                                                                                                                                     , https://image.tmdb.org/t/p/w500/tcPc5ZMBO4y2BtCJMe3o2nwZb2B.jpg                                                               ,         2026,                                           ,                   , 2026-05-14 08:26:21.146913+00, 2026-05-14 08:28:00.580737+00, https://hubcloud.foo/drive/uhzuhrldugu8gs5             , https://hubcloud.foo/drive/dkzfzd7i1df12vi             , 3.95 GB       , 8.59 GB
7e92e976-3038-4348-b745-92bd19745c7e, 7626edbf-820e-43da-b390-ba1fcd2e9327,             2, Season 2                      ," ""California Bureau of Investigation consultant Patrick Jane has a blatant lack of protocol but is self-assured and driven. The former """"psychic"""" uses his talent for seeing the clues everyone else misses to solve the most baffling crimes. But there's more than crime: Lisbon and Cho reveal hints about their troubled pasts. Violence fells one CBI boss", and the new boss seems more interested in authority than teamwork. And as the Van Pelt-Rigsby relationship heats up," it threatens to cool down their careers.""                                                                                                                                                                                                                                                                                                     ", https://image.tmdb.org/t/p/w500/7bAwr7PAW0ynlnHfni5HaSzl7ci.jpg                                                               ,         2009,                                           ,                   , 2026-08-31 19:58:38.872043+00, 2026-08-31 20:09:50.379413+00, https://hubcloud.cx/drive/d2ooofflud1sdeu              , https://hubcloud.cx/drive/jxbcj1v7hdx0g1d              
7f1ea876-1c18-4b70-9c8f-02a831f9879f, 7c0c52f6-abd7-4758-8888-07166a291a05,             3, Season 3                      ," ""In season three", a series of explosions rock Kingstown and its citizens, as a new face of the Russian mob sets up shop in the city," and a drug war rages inside and outside prison walls. The pressure is on Mike McLusky to end the war but things get complicated when a familiar face from his incarcerated past threatens to undermine the Mayor's attempts to keep the peace among all factions.""                                                                                                                                                                                                                                                                                                                                                                                                                             ", https://image.tmdb.org/t/p/w500/lJ1yyRGdwuE10pXgJaV0DvvRUiS.jpg                                                               ,         2024,                                           ,                   , 2025-12-30 02:41:48.143883+00, 2026-01-10 10:20:03.383721+00, https://hubcloud.foo/drive/ssyfymuf7s1ux95             
7fc3aaf9-d68a-417a-9b3b-f3184dfb83a6, 9f377176-5455-451f-958e-b8b522ed7f9f,             1, Breaking Bad                  , Breaking.Bad.S01.720p & 1080P.BluRay.Hindi.2.0-English.ESub.x264-HDHub4u.Tv.zip                                                                                                                                                                                                                                                                                                                                                                                                                                                                                                                                                                                                                                                                                                                                                     ,                                                                                                                               ,         2008, https://hubcloud.fyi/drive/twhxh-1evsejjjx, 4.5 GB            , 2025-10-07 22:19:59.800738+00, 2025-11-12 11:45:10.671002+00, https://hubcloud.fyi/drive/u4z900zpmmsquoz             , https://hubcloud.fyi/drive/66ufrj9c1g4qluq             , 2.75 GB       , 7.66 GB
82caf390-7f64-4ab4-8a5e-492a223e46ee, 3d7043f5-dc1e-44eb-a753-226a9f26626b,             1, Season 1                      ,                                                                                                                                                                                                                                                                                                                                                                                                                                                                                                                                                                                                                                                                                                                                                                                                                                     , https://image.tmdb.org/t/p/w500/mHRqVKVMvvf8LSh17J8RRYUoRik.jpg                                                               ,         2025,                                           ,                   , 2025-12-30 02:21:41.811843+00, 2026-01-07 03:54:31.463879+00, https://hubcloud.foo/drive/o2oeavoy0wckake             , https://hubcloud.foo/drive/otcmtlltvjlz1er             , 1.86 GB       , 4.05 GB
82ed2d34-099b-4327-a5c6-5abb29485ad8, 1ff581b9-670f-49f9-a11a-cddfb3dfa829,             1, Season 1                      ," ""Under the guidance of The Professor", a group of eight very peculiar robbers have attacked the National Coinage and Stamp Factory of Spain and took hostages to carry out the most perfect robbery in the history," aiming to take home 2.4 billion Euros in cash.""                                                                                                                                                                                                                                                                                                                                                                                                                                                                                                                                                                  ", https://image.tmdb.org/t/p/w500/Al5ry93VbvtKACIUYoDjI4u4VWC.jpg                                                               ,         2017,                                           ,                   , 2026-06-10 06:52:30.985307+00, 2026-06-10 07:11:53.724471+00, https://hubcloud.foo/drive/swomtv11--qq1ow             , https://hubcloud.foo/drive/0_ha2arjt9soyyy             
83440bc7-e0f5-4f97-a99c-434d40347edb, 715c3d79-e4ea-4fad-bb8a-c638e65ce944,             3, Mismatched (Season 3)         , Download Mismatched S03 All Episodes in Hindi | HD (720p/1080p Quality)                                                                                                                                                                                                                                                                                                                                                                                                                                                                                                                                                                                                                                                                                                                                                             ,                                                                                                                               ,         2025,                                           ,                   , 2025-11-15 16:24:15.055525+00, 2025-11-16 08:23:37.993268+00, https://hubcloud.foo/drive/a0zzxhaww93slir             , https://hubcloud.foo/drive/tfetceqynpsqyan             , 2.74 GB       , 5.97 GB
86fab089-63c5-46ed-b4e3-cf797a3b68b3, 4091603b-0e66-46de-921c-92f62032a3eb,             2, Season 2                      ," ""In season two", as oil rises from the earth, so do secrets - and Tommy Norris's breaking point may be closer than he realizes. Facing mounting pressure from M-Tex Oil, Cami Miller, and the shadow of his kin," survival in West Texas isn't noble - it's brutal. And sooner or later something's got to break.""                                                                                                                                                                                                                                                                                                                                                                                                                                                                                                                    ", https://image.tmdb.org/t/p/w500/euP1ytkbTAbpHwSv5vGdCip9mOH.jpg                                                               ,         2025,                                           ,                   , 2025-12-30 02:40:56.726312+00
878a2b91-59e3-4a0e-b399-5f1c1fcf20cb, 041a15c8-e06c-48a1-ab3b-c7533f7e1032,             4, Stranger Things 4             ," ""Darkness returns to Hawkins just in time for spring break", igniting fresh terror," disturbing memories — and an ominous new threat.""                                                                                                                                                                                                                                                                                                                                                                                                                                                                                                                                                                                                                                                                                                ", https://image.tmdb.org/t/p/w500/49WJfeN0moxb9IPfGn8AIqMGskD.jpg                                                               ,         2022,                                           ,                   , 2025-12-30 02:10:14.531916+00, 2026-01-03 03:01:36.071309+00, https://hubcloud.foo/drive/h1ag661m1cfywly             , https://hubcloud.foo/drive/xdkk1mmquoq8fzo             
87a459be-6f78-4ca8-a8bc-3ef53affc7a4, fdb65087-0dd6-4412-8f04-0a92bd77d8cf,             2, Season 2                      ," ""One month after the events of the first season", Citadel spies are underground and being hunted by Manticore agents around the world. They're pulled out of hiding to join forces with a new team of unconventional spies when Manticore's Brazilian billionaire Paulo Braga threatens to unleash a cataclysmic piece of technology, built by Citadel's own Bernard Orlick," into the world.""                                                                                                                                                                                                                                                                                                                                                                                                                                        ", https://image.tmdb.org/t/p/w500/rIuJpbBcZjROIqvu9OKr3psP0zv.jpg                                                               ,         2026,                                           ,                   , 2026-05-07 07:43:34.43848+00 , 2026-05-15 10:58:08.876445+00, https://hubcloud.foo/drive/0nj6cwx6pxllt1f             
87dc25d1-9849-4b1e-abea-cedd4beca66a, 87dd60b0-767f-4742-972c-5a6308de8d43,             1, Season 1                      ," ""A top Israeli agent comes out of retirement to hunt for a Palestinian fighter he thought he'd killed"," setting a chaotic chain of events into motion.""                                                                                                                                                                                                                                                                                                                                                                                                                                                                                                                                                                                                                                                                              ", https://image.tmdb.org/t/p/w500/6C7NHFp0dEGSQQtscff8rfXy2Fc.jpg                                                               ,         2015,                                           ,                   , 2026-09-13 23:18:04.525384+00, 2026-09-13 23:18:04.525384+00,                                                        ,                                                        ,               
88db9ba5-8dbe-4e31-af53-caa2e350326e, c49d7610-6377-4044-8375-84b03781d3f6,             1, Season 1                      ,                                                                                                                                                                                                                                                                                                                                                                                                                                                                                                                                                                                                                                                                                                                                                                                                                                     , https://image.tmdb.org/t/p/w500/3pCmmOuBg6XfiWWlFutKvkui81D.jpg                                                               ,         2025,                                           ,                   , 2026-05-13 14:30:59.67245+00 , 2026-05-17 09:38:42.980911+00, https://hubcloud.foo/drive/7yy3szv711pv0f2             , https://hubcloud.foo/drive/r6k1odu1udpcndx             , 2.23 G        , 4.91 GB
891ff6a2-6a83-4ef4-96ae-db90d0abd850, 87dd60b0-767f-4742-972c-5a6308de8d43,             5, Season 5                      ,                                                                                                                                                                                                                                                                                                                                                                                                                                                                                                                                                                                                                                                                                                                                                                                                                                     , https://image.tmdb.org/t/p/w500/hnby6CtCK0EfxXcAdLojEhI0G2a.jpg                                                               ,         2026,                                           ,                   , 2026-09-13 23:18:06.671742+00, 2026-09-13 23:18:06.671742+00,                                                        ,                                                        ,               , 
89c36fe5-1f36-4079-a955-7bd90042bdab, c59509bd-67ad-4195-b171-687509e599bd,             2, Season 2                      ,                                                                                                                                                                                                                                                                                                                                                                                                                                                                                                                                                                                                                                                                                                                                                                                                                                     , https://image.tmdb.org/t/p/w500/5d0rEk9ek8qchFuuim2fihMOx3u.jpg                                                               ,         2026,                                           ,                   , 2026-01-20 20:38:47.699673+00, 2026-01-31 07:04:43.330136+00, https://hubcloud.foo/drive/k7nzic7hp1z41hf             , https://hubcloud.foo/drive/s6jx3arm4thfcgt             , 2.61 GB       , 5.7 GB
89c5e244-bdfe-4a00-a5a3-f37cedcce452, e9d3760e-3188-4d88-90bd-da05714643b6,             2, Season 2                      ," ""In the second season", the Harrigans struggle to show a unified front as rising rivals threaten their fractured criminal empire – and Harry Da Souza, their street-smart and formidable 'fixer', must walk a dangerous tightrope when tensions within the family intensify. As violence spills into every corner of their lives, loyalties snap, safety proves temporary," and the battle for power leaves no room for mercy.""                                                                                                                                                                                                                                                                                                                                                                                                       ", https://image.tmdb.org/t/p/w500/rz7qkeYmDut4v4GoPekJFXM4Gmx.jpg                                                               ,         2026,                                           ,                   
8a74038c-dab1-4391-b2ad-35c02565f318, d14d36f8-8b1c-4b0e-9489-368eadbc2f68,             4, Season 4                      ," ""The Pogues return home and start living their best life"," but it's not long before they're back to doing what they do best: hunting for treasure.""                                                                                                                                                                                                                                                                                                                                                                                                                                                                                                                                                                                                                                                                                  ", https://image.tmdb.org/t/p/w500/hl1cT0351JYE7S3kpDUJu77Cvlq.jpg                                                               ,         2024,                                           ,                   , 2026-08-24 19:34:02.470539+00, 2026-08-24 19:41:14.277322+00, https://hubcloud.cx/drive/jgm0f58zxgf5lfg              , https://hubcloud.cx/drive/ullwnqqolqqqqva              , 5.11 GB       
8cddc4a8-2441-435d-9943-0f3bacca473e, 5fcb4a48-1e95-4ca4-91b3-81a80c1b3f0f,             2, The Mystery of Mani           ," ""It unravels a chilling mystery set in rural Madurai. When skeletal remains are unexpectedly discovered at a highway site", SI Moosa Raaza races against time to unveil the truth. An elusive prisoner, Mani is linked to the homicide but refuses to speak up. Why? As secrets deepen," discover what lies beneath the surface.""                                                                                                                                                                                                                                                                                                                                                                                                                                                                                                     ", https://image.tmdb.org/t/p/w500/udHXyVeL4W34xWT4aggqUgkqVfT.jpg                                                               ,         2026,                                           ,                   , 2026-08-07 18:27:00.475533+00, 2026-08-07 19:03:59.512875+00, https://hubcloud.cx/drive/obhodhx8oc31ovv              
8f24c083-60cc-4c53-bcc0-193e5f7f0228, def0634a-1ee7-475a-8896-63acd8d19234,             1, Limited Series                ,                                                                                                                                                                                                                                                                                                                                                                                                                                                                                                                                                                                                                                                                                                                                                                                                                                     , https://image.tmdb.org/t/p/w500/pb9oYHHNzauiCQZT03MpDAg46GI.jpg                                                               ,         2026,                                           ,                   , 2026-06-19 06:52:47.853093+00, 2026-06-19 06:52:47.853093+00,                                                        ,                                                        ,               , 
8f367e65-e587-4638-bfec-82f1b4706f7c, 5fcb4a48-1e95-4ca4-91b3-81a80c1b3f0f,             1, The Fable of Velonie          ," ""Murder of Velonie", a young Anglo-Indian girl in Kanyakumari, seen from the Rashomon-esque perspectives of an unrelenting obsessed cop," a novelist captivated by her grace and an opportunistic news editor.""                                                                                                                                                                                                                                                                                                                                                                                                                                                                                                                                                                                                                       ", https://image.tmdb.org/t/p/w500/hBEXFUSzn3Jt4Xy8qfBwsbYQH6Q.jpg                                                               ,         2022,                                           ,                   , 2026-08-09 03:36:03.908788+00, 2026-08-09 03:37:27.347978+00, https://hubcloud.cx/drive/1hjv9mffdhfgg19              
8fa2804f-0414-4346-9750-dafeb9af463f, a19bb686-e4d7-491d-968c-3c930462fb43,             1, Season 1                      ,                                                                                                                                                                                                                                                                                                                                                                                                                                                                                                                                                                                                                                                                                                                                                                                                                                     , https://image.tmdb.org/t/p/w500/lZoeUMY9p0uza3aAhtnFxoiksO4.jpg                                                               ,         2025,                                           ,                   , 2025-12-30 02:18:45.680635+00, 2026-01-03 20:20:59.699947+00, https://hubcloud.foo/drive/gxsrkstkaggoslr             , https://hubcloud.foo/drive/22w2bb00wgawjju             , 2.02 GB       , 4.63 GB
9000637a-ba69-4634-bfbe-0c7785c805f4, 6a1708cd-eb32-4c84-9cef-6a0037c4cb12,             2, Season 2                      ,                                                                                                                                                                                                                                                                                                                                                                                                                                                                                                                                                                                                                                                                                                                                                                                                                                     ,                                                                                                                               ,         2026,                                           ,                   , 2026-02-11 13:53:16.738557+00, 2026-03-04 04:10:15.440048+00, https://hubcloud.foo/drive/erpqbfgadi8xgna             , https://hubcloud.foo/drive/1iwijmdxritjiaa             , 2.8 GB        , 6.21 GB
9007aedf-82a9-414e-82da-748acd32ec35, 07d30f2a-ae45-4ad4-b9ea-52f4f90c3416,             1, Season 1                      ,                                                                                                                                                                                                                                                                                                                                                                                                                                                                                                                                                                                                                                                                                                                                                                                                                                     , https://image.tmdb.org/t/p/w500/7Q8N4LH5fgEgqfFrfw652YaDbVV.jpg                                                               ,         2026,                                           ,                   , 2026-05-16 16:47:36.234639+00, 2026-05-17 09:24:19.205435+00, https://hubcloud.foo/drive/lasajke1uobnzsu             , https://hubcloud.foo/drive/qj119skpg9ih1xr             , 2.26 GB       , 5.02 GB
90b5009d-1dc0-4d82-a1f8-389aac57c590, e03024e1-f518-42ce-a24f-31cda3bebe70,             3, Season 3                      ,                                                                                                                                                                                                                                                                                                                                                                                                                                                                                                                                                                                                                                                                                                                                                                                                                                     , https://image.tmdb.org/t/p/w500/uCMUO2bOuPGG4VN0I3DTWz8bjEd.jpg                                                               ,         2026,                                           ,                   , 2026-03-14 23:27:27.596089+00, 2026-03-15 00:20:34.027032+00, https://hubcloud.foo/drive/h9hb5xphckcc1sn             , https://hubcloud.foo/drive/epxyrveijh38zzt             , 2.18 GB       , 4.84 GB
9201c77c-8f4b-4b10-8161-3c5a8395303e, 65ab99df-f311-4919-a5d3-47ae47557d5b,             3, Season 3                      ," ""It's the end of her junior year of college", and Belly's looking forward to another summer in Cousins with her soulmate, Jeremiah. Her future seems set, until some core-shaking events bring her first love Conrad back into her life. Now on the brink of adulthood," Belly finds herself at a crossroads and must decide which brother has her heart. Summer will never be the same...""                                                                                                                                                                                                                                                                                                                                                                                                                                           ", https://image.tmdb.org/t/p/w500/9j1Z6Scp0pia1yQEsDeEnx3N5l7.jpg                                                               ,         2025,                                           ,                   , 2026-08-08 08:48:10.658263+00, 2026-08-08 09:02:27.779554+00
9205e909-26b5-4898-a580-8b2436b9cdd6, f101231b-5afc-4b73-891a-ee4c5e717222,             1, Season 1                      ,                                                                                                                                                                                                                                                                                                                                                                                                                                                                                                                                                                                                                                                                                                                                                                                                                                     ,                                                                                                                               ,         2026,                                           ,                   , 2026-08-17 07:30:40.896308+00, 2026-08-17 07:30:40.896308+00,                                                        ,                                                        ,               , 
9213fdf1-65dd-4ae6-8a3f-9f08f2d87f12, f5e3fb21-fed4-4b3b-b5a0-6f70416d607c,             2, Season 2                      , The Batman and his allies rally together to dismantle Rupert Thorne's criminal enterprise. But dethroning a reigning crime boss comes at a high price.                                                                                                                                                                                                                                                                                                                                                                                                                                                                                                                                                                                                                                                                              , https://image.tmdb.org/t/p/w500/zCHmmoqtLsIsou866osiWtIWmoA.jpg                                                               ,         2026,                                           ,                   , 2026-08-04 09:02:52.238925+00, 2026-08-06 05:56:06.7274+00  , https://hubcloud.cx/drive/fqm171uc1ejs9j2              , https://hubcloud.cx/drive/x0ctczppwibawa5              , 2.66 GB       , 5.53 GB
92eeddad-8585-4c8e-ba97-303d7bcfce35, 56de28be-bbde-4cb4-830c-d7817b779336,             1, Season 1                      ," ""Once a high-functioning and skilled Special Forces Mercenary", known for surviving even the most desolate of situations, John Creasy is now plagued with intense PTSD. Determined to overcome his personal demons, he sets out on a path to redemption. But, before he can adjust to this new life, he finds himself back in the fire," fighting harder than ever.""                                                                                                                                                                                                                                                                                                                                                                                                                                                                  ", https://image.tmdb.org/t/p/w500/z44fNip4QQkZ67adrOqJk63cxsI.jpg                                                               ,         2026,                                           ,                   
9329b873-6f9a-4306-9d6a-f9e373d6d639, c138df82-b65d-456b-b928-623446a24774,             1, Limited Series                ,                                                                                                                                                                                                                                                                                                                                                                                                                                                                                                                                                                                                                                                                                                                                                                                                                                     , https://image.tmdb.org/t/p/w500/kru9Y5uRXdZFcUyeRlcv4bP4hOr.jpg                                                               ,         2026,                                           ,                   , 2026-05-16 12:58:31.276094+00, 2026-05-17 09:19:39.229477+00, https://hubcloud.foo/drive/ilj4m8wqma5y1gz             , https://hubcloud.foo/drive/u8pqthtdwknkpnd             , 4.22 GB       , 9.17 GB
93365761-6229-43e0-9965-74344433a819, 296b3c5d-a4aa-4992-98b7-c1b5421c1cc7,             4, Season 4                      ,                                                                                                                                                                                                                                                                                                                                                                                                                                                                                                                                                                                                                                                                                                                                                                                                                                     , https://image.tmdb.org/t/p/w500/1PNBlwge8QEj0UE8WFBIbrTR4I5.jpg                                                               ,         2024,                                           ,                   , 2026-06-10 09:32:33.674362+00, 2026-06-10 09:50:41.441011+00, https://hubcloud.foo/drive/82p22w9izry2aqc             , https://hubcloud.foo/drive/cv55uvhrmv2cvrp             , 1.53 GB       , 3.47 GB
93546238-b5ed-4f59-b1f6-ca041d9ae951, dee61461-85ff-476a-96e4-06739f167c96,             3, Season 3                      ," ""Eren and his companions in the 104th are assigned to the newly-formed Levi Squad", whose assignment is to keep Eren and Historia safe given Eren's newly-discovered power and Historia's knowledge and pedigree. Levi and Erwin have good reason to be concerned, because the priest of the Church that Hange had hidden away was found tortured to death, making it clear that the Military Police are involved with the cover-up. Things get more harrowing when the MPs make a move on Erwin and the Levi Squad narrowly avoids capture. Eren is also having problems with his Titan transformation, and a deadly killer has been hired to secure Eren and Historia, one Levi knows all too well from his youth.,,,,,
                                                                                                                           ,,,,,,,,,,,,,,
                                                                                                                           Then, hoping to retake Wall Maria and find the answers humanity seeks in Grisha's basement, Eren, Mikasa," Armin and the rest of the Survey Corps return to the town where everything began: Shiganshina.""                                                                                                                                                                                                                                                                                                                                                                                                                                                                                                                                                                                                                           ", https://image.tmdb.org/t/p/w500/cjCOKcmOuVYc2ZAQRF5ST6ceYZz.jpg                                                               ,         2018,                                           ,                   , 2026-03-03 22:05:26.118268+00, 2026-03-13 10:14:51.263474+00, https://hubcloud.foo/drive/q9xzy19ngksgk5v             , https://hubcloud.foo/drive/xo11toor9swiqos             , 4.96 GB       , 10.75 GB
93f2349c-69b0-44c8-a789-927d4e51a111, 9f377176-5455-451f-958e-b8b522ed7f9f,             4, Breaking Bad                  , Breaking.Bad.S04.720p & 1080P.BluRay.Hindi.2.0-English.ESub.x264-HDHub4u.Tv.zip                                                                                                                                                                                                                                                                                                                                                                                                                                                                                                                                                                                                                                                                                                                                                     ,                                                                                                                               ,         2011,                                           ,                   , 2025-11-12 09:42:04.090711+00, 2025-11-12 12:02:43.532385+00, https://hubcloud.fyi/drive/gwinmmxiqfiimvg             , https://hubcloud.fyi/drive/awbmib4xcxjw4cp             , 5.35 GB       , 11.05 GB
943d4cbd-d3c9-4aca-af91-8f0a220bdf8a, 35836d0d-3a19-42e0-a73d-ddec43b115c5,             5, Season 5                      ," ""The War of the Five Kings", once thought to be drawing to a close, is instead entering a new and more chaotic phase. Westeros is on the brink of collapse, and many are seizing what they can while the realm implodes," like a corpse making a feast for crows.""                                                                                                                                                                                                                                                                                                                                                                                                                                                                                                                                                                    ", https://image.tmdb.org/t/p/w500/7Q1Hy1AHxAzA2lsmzEMBvuWTX0x.jpg                                                               ,         2015,                                           ,                   , 2026-05-14 07:33:52.233479+00, 2026-05-14 07:48:23.498088+00
9778d2d9-ac21-45f9-a9b4-550407512138, 6a1708cd-eb32-4c84-9cef-6a0037c4cb12,             1, Season 1                      ," ""When an NRI bridegroom is found dead days before his wedding"," two cops must unravel the troubling case as turbulence unfolds in their own lives.""                                                                                                                                                                                                                                                                                                                                                                                                                                                                                                                                                                                                                                                                                  ", https://image.tmdb.org/t/p/w500/ihrTT2oRREFrDDiDi056HLRDzgH.jpg                                                               ,         2023,                                           ,                   , 2026-02-11 13:53:15.974686+00, 2026-03-04 04:08:23.864935+00, https://hubcloud.foo/drive/hof19yhg5nuwl1o             , https://hubcloud.foo/drive/jgpgk3tpx3dq8kp             , 2.43 GB       
97e5df0d-a407-4101-b101-404dcda79505, 296b3c5d-a4aa-4992-98b7-c1b5421c1cc7,             3, Season 3                      ,                                                                                                                                                                                                                                                                                                                                                                                                                                                                                                                                                                                                                                                                                                                                                                                                                                     , https://image.tmdb.org/t/p/w500/tCxZkeSUwFKEXeiChe866XbeTmL.jpg                                                               ,         2022,                                           ,                   , 2026-06-10 09:32:31.774225+00, 2026-06-10 09:48:33.007545+00, https://hubcloud.foo/drive/lq22o1q1nwrxrlu             , https://hubcloud.foo/drive/ereiiaylla10xae             , 1.39 GB       , 3.02 GB
9918113b-c015-49fd-9fdc-d458c06ed92e, 041a15c8-e06c-48a1-ab3b-c7533f7e1032,             1, Season 1                      ," ""Strange things are afoot in Hawkins", Indiana," where a young boy's sudden disappearance unearths a young girl with otherworldly powers.""                                                                                                                                                                                                                                                                                                                                                                                                                                                                                                                                                                                                                                                                                            ", https://image.tmdb.org/t/p/w500/rbnuP7hlynAMLdqcQRCpZW9qDkV.jpg                                                               ,         2016,                                           ,                   , 2025-12-30 02:10:12.270967+00, 2026-01-02 11:54:02.943493+00, https://hubcloud.foo/drive/qw1uowotz2wedtt             , https://hubcloud.foo/drive/lb1qw1q52wttlwm             
9976285f-f99a-43d7-afc8-3afe1826bea2, d14bf149-9464-488d-af10-7bd084f7c40d,             1, Limited Series                ,                                                                                                                                                                                                                                                                                                                                                                                                                                                                                                                                                                                                                                                                                                                                                                                                                                     , https://image.tmdb.org/t/p/w500/btmvtGsVZZUvJoWGGtzPaBOGEgr.jpg                                                               ,         2026,                                           ,                   , 2026-01-04 21:45:48.104107+00, 2026-01-11 01:52:18.948465+00, https://hubcloud.foo/drive/e1vhokexa2pagpc             , https://hubcloud.foo/drive/reib7uxc4suecew             , 3.5 GB        , 7.51 GB
9a6bc0ab-8c5e-455b-850b-2613f90f5a72, 4a451471-0a46-407c-9431-c0a1806848ff,             2, Season 2                      , The hunt for a CIA agent accused of leaking secrets puts Peter and Rose in the crosshairs of a ruthless intelligence broker and a deadly war criminal.                                                                                                                                                                                                                                                                                                                                                                                                                                                                                                                                                                                                                                                                              , https://image.tmdb.org/t/p/w500/4c5yUNcaff4W4aPrkXE6zr7papX.jpg                                                               ,         2025,                                           ,                   , 2026-02-20 09:15:55.924485+00, 2026-02-23 11:30:10.446341+00, https://hubcloud.foo/drive/6asdsqws1hheevw             , https://hubcloud.foo/drive/ywphd2a1dcdu22y             , 4.76 GB       , 6.94 GB
9a8346c0-cb3e-4df2-9128-b2a376be9e1f, 56799a48-c778-49f3-9c76-1cce663929cf,             1, Day 1                         , 24 India starring Anil Kapoor                                                                                                                                                                                                                                                                                                                                                                                                                                                                                                                                                                                                                                                                                                                                                                                                       , https://image.tmdb.org/t/p/w500/lbv8iAXXIPmmCzZRsbgD8urg84M.jpg                                                               ,         2013,                                           ,                   , 2026-04-25 10:09:38.249103+00, 2026-04-25 10:09:38.249103+00,                                                        ,                                                        ,               , 
9b9680a6-2ea0-428d-9009-0c098c4e75a4, 7626edbf-820e-43da-b390-ba1fcd2e9327,             3, Season 3                      ," ""Red John strikes into the heart of the CBI. Ever since the serial killer murdered Patrick Jane's family", the California Bureau of Investigation consultant and former faux-psychic has become obsessed with finding the man who destroyed his life. But after a homocide suspect is set ablaze in his jail cell and a CBI agent is later framed as Red John," Patrick realizes his adversary is closer than he imagined.""                                                                                                                                                                                                                                                                                                                                                                                                           ", https://image.tmdb.org/t/p/w500/AprjB0BcIpIC2la4eRMGDWIrfMU.jpg                                                               ,         2010,                                           ,                   , 2026-08-31 19:58:45.811822+00, 2026-08-31 20:08:05.918488+00, https://hubcloud.cx/drive/mlxuclmgk4ffgyl              , https://hubcloud.cx/drive/080jsw9rn86cxcn              
9bde95a0-2c53-4522-87f0-e4513279002a, c59509bd-67ad-4195-b171-687509e599bd,             1, Season 1                      ,                                                                                                                                                                                                                                                                                                                                                                                                                                                                                                                                                                                                                                                                                                                                                                                                                                     , https://image.tmdb.org/t/p/w500/fuywWs7PmfpO9MVnn2CqK433KGp.jpg                                                               ,         2025,                                           ,                   , 2026-01-20 20:38:47.101606+00, 2026-01-31 07:03:00.823951+00, https://hubcloud.foo/drive/tqf14qqy4pb5ofp             , https://hubcloud.foo/drive/ejwa7gbgfb1gotw             , 2.53 GB       , 5.39 GB
9d7cf0e7-2dbb-4de4-b8cf-471ffd4edfef, 68960430-8965-4953-88c1-a1c8b1b26722,             1, Season 1                      ," ""Based on """"Killing Floor", when retired Military Police Officer Jack Reacher is arrested for a murder he did not commit, he finds himself in the middle of a deadly conspiracy full of dirty cops, shady businessmen and scheming politicians. With nothing but his wits, he must figure out what is happening in Margrave," Georgia.""                                                                                                                                                                                                                                                                                                                                                                                                                                                                                             ", https://image.tmdb.org/t/p/w500/aylSycUpdCQzN7nRrPDL2EZwp5a.jpg                                                               ,         2022,                                           ,                   , 2026-08-13 12:07:26.611053+00
9e22d86e-8d24-41ec-a817-12d5b234c73e, b27dc156-f6c5-4dc9-b90f-3113b9d231f1,             1, Limited Series                ," ""Eun Chae-ni is the granddaughter of a wealthy restaurant owner. She is smart", polite, and diligent in everything she does, but because she has a different heart from others, she becomes more stubborn as she grows up, and she lives her life on thin ice that may stop at any time, dreaming of a train trip. Lee Woon-jung is a mysterious civil servant with many secrets and no social skills. He is a lonely person who can hardly be by anyone's side," but he comes to realize the meaning of 'us' after meeting Eun Chae-ni.""                                                                                                                                                                                                                                                                                             ", https://image.tmdb.org/t/p/w500/pUGXsYSDPf9Uggh3YE9rVIT5KCW.jpg                                                               ,         2026,                                           
9f52fce0-2eb3-454e-863f-5fe8d99f32ec, ede93384-bad7-464c-8f89-54312a4bea74,             4, Season 4                      ," ""In this finale season", our girls will wrestle to uphold their pact while fiercely championing each other. In the end, they will triumph over their struggles, emerging stronger, freer," and more joyous-because this will be Four More Shots Please!'s most unapologetically brat season ever!""                                                                                                                                                                                                                                                                                                                                                                                                                                                                                                                                    ", https://image.tmdb.org/t/p/w500/a7GptD6qmZpeB9HBVmtk9YiPKnK.jpg                                                               ,         2025,                                           ,                   , 2025-12-30 02:31:13.139962+00
9f62b0fb-ed5a-4fd5-aaac-2104357ee127, aa49d57c-083f-4b95-9cc7-50fa652677ed,             1, Season 1                      ,                                                                                                                                                                                                                                                                                                                                                                                                                                                                                                                                                                                                                                                                                                                                                                                                                                     , https://image.tmdb.org/t/p/w500/BMBWTgvL41sOYtfkmXen6nm9mG.jpg                                                                ,         2026,                                           ,                   , 2026-03-06 13:18:18.104951+00, 2026-03-13 12:12:43.642666+00, https://hubcloud.foo/drive/9100otlbss7n0sb             , https://hubcloud.foo/drive/by15ck5p3l1tw5w             , 3.52 GB       , 8.04 GB
9ff978c9-c55b-430c-802e-f201f9fd4a32, 68048b2a-23d3-42ff-bb33-fba19c6a609b,             1, Season 1                      ,                                                                                                                                                                                                                                                                                                                                                                                                                                                                                                                                                                                                                                                                                                                                                                                                                                     , https://image.tmdb.org/t/p/w500/cThLWEGs6BEqY0QZMbU4FAeWwPT.jpg                                                               ,         2026,                                           ,                   , 2026-08-06 05:44:42.449921+00, 2026-08-06 05:46:20.172572+00, https://hubcloud.cx/drive/hfxr2zig1z1xitz              , https://hubcloud.cx/drive/eehyzuhynouyhtx              , 3.65 GB       , 8.02 GB
a11dd03b-5532-4f49-a777-ec2ab396133f, 90455827-6e07-488d-9948-f3b6d13f501f,             1, Season 1                      ," ""Charlie Cale", a casino cocktail waitress with the ability to detect lies, as she goes on the run after a close friend is murdered. Each episode features a new mystery of the week," with Charlie using her unique skill to solve crimes in different locations while evading a hitman sent after her.""                                                                                                                                                                                                                                                                                                                                                                                                                                                                                                                             ", https://image.tmdb.org/t/p/w500/nsOtuGh2psp0aRnUBQgePlLCfM6.jpg                                                               ,         2023,                                           ,                   , 2025-12-30 02:26:33.036571+00, 2026-01-07 09:41:34.692192+00, https://hubcloud.foo/drive/2fmf9mhfhmuh6or             
a1c70f77-7459-42fc-af07-c71228f64f59, df54e4d7-c368-40fa-9b8e-df6af7f3b420,             1, Season 1                      ,                                                                                                                                                                                                                                                                                                                                                                                                                                                                                                                                                                                                                                                                                                                                                                                                                                     ,                                                                                                                               ,         2025,                                           ,                   , 2026-01-01 20:18:23.784267+00, 2026-01-02 01:59:20.218542+00, https://hubcloud.foo/drive/3gog3jgehbbejrj             , https://hubcloud.foo/drive/8ritajlitgx4ldy             , 2.84 GB       , 6.51 GB
a27e83ab-6196-4b8d-a8e0-8830a38baed8, 65ab99df-f311-4919-a5d3-47ae47557d5b,             1, Season 1                      ," ""Belly Conklin is about to turn 16", and she’s headed to her favorite place in the world, Cousins Beach, to spend the summer with her family and the Fishers. Belly’s grown up a lot over the past year," and she has a feeling that this summer is going to be different than all the summers before.""                                                                                                                                                                                                                                                                                                                                                                                                                                                                                                                               ", https://image.tmdb.org/t/p/w500/6yCL5HB1ugO3bMwloEDNiNdadUa.jpg                                                               ,         2022,                                           ,                   , 2026-08-08 08:48:08.188361+00, 2026-08-08 08:53:59.444301+00
a41a9d19-0c67-4a4e-bcc1-2ab379b0fd86, 234baa19-e159-4a1e-a488-ec0872b6c318,             1, ONE PIECE                     ,                                                                                                                                                                                                                                                                                                                                                                                                                                                                                                                                                                                                                                                                                                                                                                                                                                     , https://image.tmdb.org/t/p/w500/asDyEsFKceLkVE4SESYQlvL5Oov.jpg                                                               ,         2023,                                           ,                   , 2026-03-03 21:59:22.5211+00  , 2026-03-13 01:12:07.983569+00, https://hubcloud.foo/drive/cc9yuyqkxrcssp0             , https://hubcloud.foo/drive/mx4g2hs4mo02xjp             , 4.01 GB       , 8.39 GB
a44a3706-f472-4981-8b23-c6826c9c27ab, e66bcb49-3e7a-4182-a128-7d06eb4a2819,             1, Season 1                      ," ""As a vicious drug dealer tries to overtake Marseille"," a rogue police captain and his daredevil team welcome a new recruit with an agenda of her own.""                                                                                                                                                                                                                                                                                                                                                                                                                                                                                                                                                                                                                                                                              ", https://image.tmdb.org/t/p/w500/wctnDloaw1yxdfZi7gy4RODGYLh.jpg                                                               ,         2023,                                           ,                   , 2025-12-30 02:14:35.739572+00, 2026-01-03 18:35:13.87892+00 , https://hubcloud.foo/drive/f3su100ouute1rf             , https://hubcloud.foo/drive/41g6ldbzdequk4n             , 2.93 GB       
a4e7498b-c810-4e49-a0f5-16cc61e8cca5, dfee6827-1afe-4008-aeb8-ad83491f7da8,             1, The Family Man Season 1 (2019), Download The Family Man S01 All Episodes in Hindi | HD (720p / 1080p Quality)                                                                                                                                                                                                                                                                                                                                                                                                                                                                                                                                                                                                                                                                                                                                                       ,                                                                                                                               ,         2019,                                           ,                   , 2025-11-23 09:32:24.497569+00, 2025-11-23 09:38:36.210733+00, https://hubcloud.foo/drive/9awsseqdi2w1pba             , https://hubcloud.foo/drive/tt71ttcelveiii7             , 3.85 GB       , 8.82 GB
a53c7155-57eb-44ae-a182-7b6ac6ca932f, bcc7da47-7059-4aa4-b143-ebac33ee1c9c,             3, Season 3                      ," ""The Jupiter 2 travels freely in space", visiting a new world in each episode," as the family attempts to either return to Earth or else at least reach their original destination in the Alpha Centauri system. A newly built """"Space Pod"""" provides a means of transportation between the ship and passing planets"," allowing for various escapades.""                                                                                                                                                                                                                                                                                                                                                                                                                                                                                ", https://image.tmdb.org/t/p/w500/jAKft4sBtWBIL1eOCFB3bnnJJTI.jpg                                                               ,         1967,                                           ,                   , 2026-09-13 23:18:19.620957+00, 2026-09-13 23:18:19.620957+00,                                                        
a588a051-fd42-4983-8b65-75f78ecdf104, fca6d04b-1d23-4748-9b19-012de9845d78,             1, Season 1                      ,                                                                                                                                                                                                                                                                                                                                                                                                                                                                                                                                                                                                                                                                                                                                                                                                                                     , https://image.tmdb.org/t/p/w500/4rcykytUTISe2aQR6WTzC0vRitC.jpg                                                               ,         2023,                                           ,                   , 2026-05-01 02:49:15.986516+00, 2026-05-01 05:59:36.452721+00, https://hubcloud.foo/drive/dopqh1ncwpmuwto             , https://hubcloud.foo/drive/jenejlhp1l49yls             , 6.22 GB       , 13.21 GB
a60fc24c-9060-4f70-bac9-80f37bd6c410, 3a89c539-3020-4607-8f1c-152504294a1e,             1, Season 1                      ,                                                                                                                                                                                                                                                                                                                                                                                                                                                                                                                                                                                                                                                                                                                                                                                                                                     , https://image.tmdb.org/t/p/w500/pvuQR8pojk5ZRQcxxUj0t7XsBC4.jpg                                                               ,         2026,                                           ,                   , 2026-04-28 10:39:12.596323+00, 2026-04-28 11:25:39.049162+00, https://hubcloud.foo/drive/lwmzgestlgvxxr9             , https://hubcloud.foo/drive/kqolox6ratpltaw             , 2.75 GB       , 6.25 GB
a6531ca6-8518-4593-9c14-bee03d6aa4cf, b95c1718-52ff-45b3-8c5f-0fa71875252a,             1, Season 1                      ,                                                                                                                                                                                                                                                                                                                                                                                                                                                                                                                                                                                                                                                                                                                                                                                                                                     , https://image.tmdb.org/t/p/w500/smJ1UzzbQm8VF97ezPDEH3eQYlV.jpg                                                               ,         2026,                                           ,                   , 2026-05-01 21:00:11.47136+00 , 2026-05-01 22:02:16.475961+00, https://hubcloud.foo/drive/qfhnqi19g88nbeu             , https://hubcloud.foo/drive/vutraftt9ghuijf             , 3.18 GB       , 7.27 GB
a6c432ec-219a-438b-a1ca-d04ed6e73e7f, 9f377176-5455-451f-958e-b8b522ed7f9f,             5, Breaking Bad                  , Breaking.Bad.S05.720p & 1080P.BluRay.Hindi.2.0-English.ESub.x264-HDHub4u.Tv.zip                                                                                                                                                                                                                                                                                                                                                                                                                                                                                                                                                                                                                                                                                                                                                     ,                                                                                                                               ,         2013,                                           ,                   , 2025-11-12 10:02:18.143594+00, 2025-11-12 12:05:42.176209+00, https://hubcloud.fyi/drive/zroy6u7yxgoogzx             , https://hubcloud.fyi/drive/hzlhl0hjg1t1hew             , 6.73 GB       , 13.83 GB
a75c4239-3aed-4ce6-bdab-621324126047, 8971172c-b776-4497-90fc-dd3edfade329,             2, season_2.0                    ," ""Following the events of fsociety’s 5/9 hack on multi-national company Evil Corp"," season two explores the consequences of that attack as well as the illusion of control.""                                                                                                                                                                                                                                                                                                                                                                                                                                                                                                                                                                                                                                                          ", https://image.tmdb.org/t/p/w500/mjqAWBXM6zoxmoeC3q9J6I1wl7R.jpg                                                               ,         2016,                                           ,                   , 2026-03-22 19:35:12.496666+00, 2026-04-27 09:21:24.886938+00, https://hubcloud.foo/drive/jfrvjjjmqbjfxbw             ,                                                        , 5.54 GB       
a7b4649e-73e6-47f0-a1c1-27ae81a67d9e, b3279048-970b-4055-a379-ebd04a048b45,             2, Season 2                      ,                                                                                                                                                                                                                                                                                                                                                                                                                                                                                                                                                                                                                                                                                                                                                                                                                                     ,                                                                                                                               ,         2026,                                           ,                   , 2026-07-03 16:41:05.973179+00, 2026-07-03 16:41:05.973179+00,                                                        ,                                                        ,               , 
a80960fa-ab4c-4578-b063-4d2680717e1a, 46afe60d-84b1-4b08-b5f5-94de0f4823eb,             1, Season 1                      ,                                                                                                                                                                                                                                                                                                                                                                                                                                                                                                                                                                                                                                                                                                                                                                                                                                     , https://image.tmdb.org/t/p/w500/5fLyYAxXWP4BxZCBN79NV1eiT4d.jpg                                                               ,         2026,                                           ,                   , 2026-09-12 16:59:39.95642+00 , 2026-09-12 16:59:39.95642+00 ,                                                        ,                                                        ,               , 
a8a1108a-9b0b-4454-82ae-6c2efae783fd, b472913f-230d-4ed9-b4e6-a87d44d84a69,             1, Season 1                      ,                                                                                                                                                                                                                                                                                                                                                                                                                                                                                                                                                                                                                                                                                                                                                                                                                                     , https://image.tmdb.org/t/p/w500/nrM2xFUfKJJEmZzd5d7kohT2G0C.jpg                                                               ,         2025,                                           ,                   , 2026-01-11 03:31:14.72585+00 , 2026-01-11 04:28:02.388955+00, https://hubcloud.foo/drive/x65t6tqimourgnr             , https://hubcloud.foo/drive/qh1tyhrsf0ahcht             , 3.52 GB       , 7.87 GB
a8d67dea-4a43-41d1-92fc-d36b3516808f, a44e4c25-ae19-442c-94e8-47b4246121f8,             1, Season 1                      ,                                                                                                                                                                                                                                                                                                                                                                                                                                                                                                                                                                                                                                                                                                                                                                                                                                     , https://image.tmdb.org/t/p/w500/rH8SJeSkD5MWCFyr2aKI68yHEC6.jpg                                                               ,         2025,                                           ,                   , 2026-08-13 14:11:27.952244+00, 2026-08-13 14:51:03.436216+00, https://hubcloud.cx/drive/7bo1xcwbag0jegn              , https://hubcloud.cx/drive/7bo1xcwbag0jegn              , 5.77 GB       , 5.77 GB
a9a800d3-c328-43c6-a748-8d531ecbf6c1, 0a1d5452-1e63-4794-b5a6-013a70f6b39f,             1, Season 1                      ," ""Follows Yun Bom", who, after enduring emotional turmoil in Seoul, moves to the small town of Sinsu to begin anew as an exchange teacher. Initially detached and cold toward everything, she gradually opens her heart after meeting Seon Jae Gyu.,,,,,,
                                                                                                                           ,,,,,,,,,,,,,,
                                                                                                                           Seon Jae Gyu is a key figure who stirs up the village with his outrageous antics. He is also the CEO of JK Power Energy and the uncle of Seon Han Gyeol, a student at Sinsu High. Despite his large build and rough first impression reminiscent of a back-alley tough guy, Jae Gyu is someone full of unexpected charm, unwavering devotion," and a deep consideration for others.""                                                                                                                                                                                                                                                                                                                                                                                                                                                 ", https://image.tmdb.org/t/p/w500/owaNu27wFkXic5DjtDY2ia5opit.jpg                                                               ,         2026,                                           ,                   , 2026-01-06 18:23:14.259825+00, 2026-02-10 19:17:30.673187+00, https://hubcloud.foo/drive/ytzh6tfefu1lrza             , https://hubcloud.foo/drive/xazyqlllsd5y11m             , 7.12 GB       , 15.87 GB
aab9535b-970e-4ebf-b23b-1687d1112dc5, e5875f34-1378-4c2f-be76-aab98750f553,             2, Rangbaaz Phirse               ," ""Rangbaaz Phirse is the second season of ZEE5's flagship franchise Rangbaaz. The series stars Jimmy Sheirgill", Gul Panag, Sharad Kelkar, Spruha Joshi, Harsh Chhaya and Sushant Singh. It is the story of a young guy who falls through the cracks of the society because of ulterior political agendas and is robbed of his youth which subsequently ruins his life. #NotBornACriminal This season will be based on the story of Amarpal Singh, a feared gangster of Rajasthan. It will revolve around his journey into the world of crime. A product of caste supremacy and political rivalry, Amarpal Singh's story is an unusual tale of a dream gone so wrong that it couldn't be rectified after a point - a dream of excelling in every field, a dream of setting an example in the society," a dream of being the best ever.""", https://image.tmdb.org/t/p/w500/aOQd621FqzLxmZqY9GjaQSdhpt7.jpg                                                               ,         2019
abb588a7-48b2-4731-bdad-bdd0be1b51f2, fc43c8a6-6102-4bd1-bf6c-5100d5b52416,             1, Season 1                      ,                                                                                                                                                                                                                                                                                                                                                                                                                                                                                                                                                                                                                                                                                                                                                                                                                                     , https://image.tmdb.org/t/p/w500/uWqEnvpwa2U28QheMdUdEcr4U0M.jpg                                                               ,         2026,                                           ,                   , 2026-07-16 06:34:35.77399+00 , 2026-08-06 13:44:49.30803+00 , https://hubcloud.cx/drive/agubgbcfgzkazfx              , https://hubcloud.cx/drive/fctf8fsasp5uugf              , 3.94 GB       , 8.71 GB
ad44cef7-d825-4683-935a-79a484dce7ec, fe01848f-f896-4d79-8d11-f2d668a9a788,             1, Season 1                      ,                                                                                                                                                                                                                                                                                                                                                                                                                                                                                                                                                                                                                                                                                                                                                                                                                                     , https://image.tmdb.org/t/p/w500/hu9DpdDLU7W0nqmsAJPmWKDeRjT.jpg                                                               ,         2026,                                           ,                   , 2026-02-06 11:44:16.329501+00, 2026-02-06 11:44:16.329501+00,                                                        ,                                                        ,               , 
ae1a72ba-e359-4a08-bcfc-71ed3443e8dd, 7c0c52f6-abd7-4758-8888-07166a291a05,             1, Season 1                      ,                                                                                                                                                                                                                                                                                                                                                                                                                                                                                                                                                                                                                                                                                                                                                                                                                                     , https://image.tmdb.org/t/p/w500/p4TQupPl1FSJbktoFLn1899xsrJ.jpg                                                               ,         2021,                                           ,                   , 2025-12-30 02:41:47.473749+00, 2026-01-10 10:14:13.412954+00, https://hubcloud.foo/drive/3wjdwbsttjwwnwt             , https://hubcloud.foo/drive/ylr1rgyaaivacfc             , 4.5 GB        , 12.99 GB
ae912145-ac36-4a30-a3a7-4112ef1cc3ea, 5e0bce29-10fe-4286-8085-f681a158910d,             1, Season 1                      ," ""After 10 years together", Namgung Ho and film director Lee Mi-do find their once-passionate relationship settling into quiet trust. When Mi-do develops feelings for another man duringa difficult periodin her career," the couple must decide whether to move forward with marriage or go their separate ways.""                                                                                                                                                                                                                                                                                                                                                                                                                                                                                                                    ", https://image.tmdb.org/t/p/w500/mryeyCsFApnwYDpDcy3I6fYx2Dd.jpg                                                               ,         2026,                                           ,                   , 2026-09-13 18:01:30.6197+00  , 2026-09-13 18:01:30.6197+00  ,                                                        ,                                                        
ae9fd962-7b89-400c-962f-20b411716096, 1cc36321-4adc-4a20-a1bd-16cf1b086203,             1, Black Warrant                 , Download Black Warrant (Season 1) Full Series in Hindi | HD (720p/1080p Quality)                                                                                                                                                                                                                                                                                                                                                                                                                                                                                                                                                                                                                                                                                                                                                    ,                                                                                                                               ,         2025,                                           ,                   , 2025-11-14 15:33:47.666135+00, 2025-11-14 15:38:18.977941+00, https://hubcloud.fyi/drive/1hhzlgcczylzsym             , https://hubcloud.fyi/drive/ojofj3e37m1wlcu             , 2.84 GB       , 6.5 GB
af4a17a6-5072-4e36-89f7-8159f927dfcb, 8de935dc-3b46-45ed-84b7-7292346b9c46,             1, Season 1                      ,                                                                                                                                                                                                                                                                                                                                                                                                                                                                                                                                                                                                                                                                                                                                                                                                                                     , https://image.tmdb.org/t/p/w500/sbBehMLO6Ge7Tbk374dIBtUjO6P.jpg                                                               ,         2026,                                           ,                   , 2026-08-17 07:26:51.755181+00, 2026-08-17 07:29:33.195245+00,                                                        ,                                                        ,               , 
b2196269-eb02-4ae0-bc8c-d5353a0cc8cf, e03024e1-f518-42ce-a24f-31cda3bebe70,             2, Season 2                      , Abhilash has assumed the position of District Magistrate in Rampur. The emergence of ideological disparities between Abhilash and ALC Sandeep Ohlan has resulted in escalating tensions between them.                                                                                                                                                                                                                                                                                                                                                                                                                                                                                                                                                                                                                               , https://image.tmdb.org/t/p/w500/lG8wK40jH4EX6dbVFI1fzw2E96N.jpg                                                               ,         2023,                                           ,                   , 2026-03-14 23:27:27.176611+00, 2026-03-15 00:24:33.736541+00, https://hubcloud.foo/drive/not3xc4vs9woas3             , https://hubcloud.foo/drive/pmgp1egg1guzgp_             , 1.86 GB       , 2.6 GB
b2760ae9-7c0d-49e7-a14d-19b5f92455b3, ede93384-bad7-464c-8f89-54312a4bea74,             2, Season 2                      ," ""Four best friends will cuddle up again and tell the world to sit up and pay a little more attention to what women truly want. Girls will always be girls around their girls – the problems remain simple yet complicated and funny to each other. They will make new mistakes"," but love each other little more fiercely and choose themselves over society's expectations.""                                                                                                                                                                                                                                                                                                                                                                                                                                                        ", https://image.tmdb.org/t/p/w500/8jWINk4jJpN1CepTRlnLP6PgE1B.jpg                                                               ,         2020,                                           ,                   , 2025-12-30 02:31:12.455135+00, 2026-01-07 21:27:16.466543+00, https://hubcloud.foo/drive/qlwkwckkgaa5apd             , https://hubcloud.foo/drive/ljl7f2yqyomo1q7             , 3.26 GB       
b2b541e9-086f-4ce6-96ca-639e48306907, 3e3dc190-3328-4a5d-93f5-4ccb7445777d,             2, Season 2                      ," ""Mayor Wilson Fisk crushes New York City underfoot as he hunts down public enemy number one", the Hell's Kitchen vigilante known as Daredevil. But, beneath the horned mask," Matt Murdock will try to fight back from the shadows to tear down the Kingpin's corrupt empire and redeem his home. Resist. Rebel. Rebuild.""                                                                                                                                                                                                                                                                                                                                                                                                                                                                                                            ", https://image.tmdb.org/t/p/w500/timvsedxh5ce795tsv6EDTZmmXW.jpg                                                               ,         2026,                                           ,                   , 2026-03-25 21:47:30.272113+00, 2026-03-25 21:47:30.272113+00,                                                        
b68fe1e3-d7c8-493a-b00b-bb6fc12b963b, 9fdfe89a-5ace-4ce7-ad6a-b610c16d1af8,             1, Season 1                      ,                                                                                                                                                                                                                                                                                                                                                                                                                                                                                                                                                                                                                                                                                                                                                                                                                                     , https://image.tmdb.org/t/p/w500/ykLU8701feF2m8ViG4RiJ5haTsk.jpg                                                               ,         2020,                                           ,                   , 2026-05-11 11:02:39.323742+00, 2026-05-17 09:52:25.616785+00, https://hubcloud.foo/drive/8mdatm11lk8t11t             , https://hubcloud.foo/drive/wxv0f00if9njj0f             , 3.08 GB       , 6.36 GB
b7a64c41-0369-41af-8b08-df564ff42505, 450644bd-f0ec-4ea0-8c81-7fb7258214c2,             1, The Waking of a Nation        , Download The Waking of a Nation S01.[720p 1080p]All Episodes in Hindi | HD                                                                                                                                                                                                                                                                                                                                                                                                                                                                                                                                                                                                                                                                                                                                                          ,                                                                                                                               ,         2025,                                           ,                   , 2025-11-14 06:05:52.193674+00, 2025-11-14 06:05:52.193674+00, https://hubcloud.fyi/drive/gdr1eitg2kgspzt             , https://hubcloud.fyi/drive/dcx2nx22s1smttb             , 2.81 GB       , 5.94 GB
b815cbbf-39e9-42f4-be52-9aff9bbfa5af, 68960430-8965-4953-88c1-a1c8b1b26722,             3, Season 3                      ," ""Based on """"Persuader"," Reacher hurtles into the dark heart of a vast criminal enterprise when trying to rescue an undercover DEA informant whose time is running out. There he finds a world of secrecy and violence—and confronts some unfinished business from his own past.""                                                                                                                                                                                                                                                                                                                                                                                                                                                                                                                                                   ", https://image.tmdb.org/t/p/w500/31GlRQMiDunO8cl3NxTz34U64rf.jpg                                                               ,         2025,                                           ,                   , 2026-08-13 12:07:29.215077+00, 2026-08-13 14:33:00.952782+00, https://hubcloud.cx/drive/1j55isz5jy91qmj              , https://hubcloud.cx/drive/xar2uwxooxxpop5              , 3.74 GB       
b8310675-d464-484c-91e3-31d91c38eba4, 02221c29-2645-445d-91aa-d807e308f1a4,             3, Season 3                      ," ""It’s been a year of calm. Homelander’s subdued. Butcher works for the government", supervised by Hughie of all people. But both men itch to turn this peace and quiet into blood and bone. So when The Boys learn of a mysterious Anti-Supe weapon, it sends them crashing into the Seven, starting a war," and chasing the legend of the first Superhero: Soldier Boy.""                                                                                                                                                                                                                                                                                                                                                                                                                                                             ", https://image.tmdb.org/t/p/w500/7Ns6tO3aYjppI5bFhyYZurOYGBT.jpg                                                               ,         2022,                                           ,                   , 2026-04-12 05:11:43.27779+00 , 2026-04-12 05:11:43.27779+00 
b8a56a4d-e203-46eb-899f-aa0ab35499c8, 8f0b1d06-53ce-4192-ad2b-41578c782406,             1, Season 1                      ," ""Bambai Meri Jaan chronicles the life of gangster Dara Kadri through the eyes of his father", an ex-cop, Ismail Kadri. In this season, we see how Dara puts everything on the line, including his family. He goes on to become a cold-blooded," fearless gangster who uses his business acumen to fight not only the police and his rivals but also his own demons along the way.""                                                                                                                                                                                                                                                                                                                                                                                                                                                    ", https://image.tmdb.org/t/p/w500/wjwvwU5yijR0gNvKFkeepecD6WQ.jpg                                                               ,         2023,                                           ,                   , 2026-02-03 17:44:34.481065+00
b9af29a4-86c8-496e-acb9-e4f130a258a0, 67433e42-fa4c-4896-a56a-f763533d28c3,             1, Season 1                      ,                                                                                                                                                                                                                                                                                                                                                                                                                                                                                                                                                                                                                                                                                                                                                                                                                                     , https://image.tmdb.org/t/p/w500/sNdNG7HaGcZ930SgbcvFF5XkYBk.jpg                                                               ,         2026,                                           ,                   , 2026-08-22 11:00:17.429946+00, 2026-08-22 11:04:11.013132+00, https://hubcloud.cx/drive/knlxjkqbbg1nikq              , https://hubcloud.cx/drive/icyxycu1a3pxliw              , 2.69 GB       , 6.11 GB
b9e4c49e-f446-4727-b1b0-f773fdc02f67, 35836d0d-3a19-42e0-a73d-ddec43b115c5,             1, Season 1                      ," ""Trouble is brewing in the Seven Kingdoms of Westeros. For the driven inhabitants of this visionary world", control of Westeros' Iron Throne holds the lure of great power. But in a land where the seasons can last a lifetime, winter is coming...and beyond the Great Wall that protects them, an ancient evil has returned. In Season One, the story centers on three primary areas: the Stark and the Lannister families, whose designs on controlling the throne threaten a tenuous peace; the dragon princess Daenerys, heir to the former dynasty," who waits just over the Narrow Sea with her malevolent brother Viserys; and the Great Wall--a massive barrier of ice where a forgotten danger is stirring.""                                                                                                               ", https://image.tmdb.org/t/p/w500/wgfKiqzuMrFIkU1M68DDDY8kGC1.jpg                                                               ,         2011,                                           
ba6b240a-6a32-4506-b39e-c0575e530732, 20c6adef-a7f5-4b5c-93fe-3f702f353022,             1, Season 1                      ,                                                                                                                                                                                                                                                                                                                                                                                                                                                                                                                                                                                                                                                                                                                                                                                                                                     , https://image.tmdb.org/t/p/w500/mCEeR8Fidw9Ck5oySoe96snj0BZ.jpg                                                               ,         2024,                                           ,                   , 2026-01-28 10:25:50.926899+00, 2026-02-01 05:56:20.932736+00, https://hubcloud.foo/drive/byhd4gb4gzi4izg             , https://hubcloud.foo/drive/zc3rcazw00h2zcm             , 2.2 GB        , 4.92 GB
bad66f33-97bc-416b-9c8e-c0f5de38bdda, d14d36f8-8b1c-4b0e-9489-368eadbc2f68,             1, Season 1                      ," ""On an island of haves and have-nots"," teen John B enlists his three best friends to hunt for a legendary treasure linked to his father's disappearance.""                                                                                                                                                                                                                                                                                                                                                                                                                                                                                                                                                                                                                                                                            ", https://image.tmdb.org/t/p/w500/2yqqQZOaUYakyUTd4WYP7vGFiwv.jpg                                                               ,         2020,                                           ,                   , 2026-08-24 19:33:55.921819+00, 2026-08-24 19:35:42.929038+00, https://hubcloud.cx/drive/cmoy4vyktntzoil              , https://hubcloud.cx/drive/cq2ch229kq12a9h              , 4.81 GB       
bb067738-1832-4996-90fa-e413545d04bb, 35836d0d-3a19-42e0-a73d-ddec43b115c5,             8, Season 8                      ," ""The Great War has come", the Wall has fallen and the Night King's army of the dead marches towards Westeros. The end is here," but who will take the Iron Throne?""                                                                                                                                                                                                                                                                                                                                                                                                                                                                                                                                                                                                                                                                   ", https://image.tmdb.org/t/p/w500/259Q5FuaD3TNB7DGauTaJVRC8XV.jpg                                                               ,         2019,                                           ,                   , 2026-05-14 07:33:53.781506+00, 2026-05-14 07:54:00.073355+00, https://hubcloud.foo/drive/hf_7dvp1xqf_f17             , https://hubcloud.foo/drive/ye4nd6aqkeuxxxg             
bb0c9035-a481-47c7-be61-7136a46a58ae, 7deb25f7-c0ec-4f6b-98a1-1448202416f7,             1, Miniseries                    ," ""Aspiring Hollywood actor Simon Williams is struggling to get his career off the ground. During a chance meeting with Trevor Slattery", an actor whose biggest roles may be well behind him," Simon learns that legendary director Von Kovak is remaking the superhero film """"Wonder Man."""" These two actors at opposite ends of their careers doggedly pursue life-changing roles in this film as audiences get a peek behind the curtain of the entertainment industry.""                                                                                                                                                                                                                                                                                                                                                            ", https://image.tmdb.org/t/p/w500/kboHD8dkHvkAuszYxq89BYJhq9t.jpg                                                               ,         2026,                                           ,                   , 2026-01-28 10:40:46.488411+00, 2026-02-01 06:28:51.674606+00, https://hubcloud.foo/drive/oekhtwi7v8ieevv             , https://hubcloud.foo/drive/l15twccpe7tucg5             
bc83b1dc-8470-4b42-be38-b72346f65a4f, 423d6a4e-a0d1-4ffe-bc8a-abb10fc11310,             1, Season 1                      ," ""Raktanchal is a crime drama inspired by real-life events from the '80s of Purvanchal", Uttar Pradesh, at the time when the state development work was distributed through tenders. The criminal empire of Waseem Khan, the tender mafia is challenged by a young criminal Vijay Singh who is driven by vengeance. The story sets in motion, a clash for acquiring tenders with a political battle in the background," which unleashes a bloodbath in the city of Purvanchal. Vijay must overcome great personal odds to beat Waseem Khan and become the tender king.""                                                                                                                                                                                                                                                                ", https://image.tmdb.org/t/p/w500/tSLQ7AUHCbu5COsInB3WnrZKMgt.jpg                                                               ,         2020,                                           ,                   , 2026-07-16 06:40:58.822118+00
bc874be7-f1d7-4ff3-9327-159d72242177, 1d4c1705-f497-45df-afe3-010f05361758,             1, Season 1                      ," ""When a murder victim winds up on Joe’s front doorstep", he and his family find themselves in the crosshairs of a larger looming conspiracy. Without the help of local law enforcement," Joe is taking matters into his own hands as he questions what it means to be a good man and father in a world that lives on the edge of the wilderness.""                                                                                                                                                                                                                                                                                                                                                                                                                                                                                     ", https://image.tmdb.org/t/p/w500/1dCTKq9FkwO58EbcOdpZy1sYw71.jpg                                                               ,         2021,                                           ,                   , 2026-02-18 01:13:25.977506+00, 2026-03-04 04:27:30.04769+00 , https://hubcloud.foo/drive/htoepi1vhkyyvnn             , https://hubcloud.foo/drive/8vlknjvyuhldkof             
bcf057fc-ccb5-4bc2-b9c5-d82369d15f36, 56799a48-c778-49f3-9c76-1cce663929cf,             2, Day 2                         , 24 India starring Anil Kapoor                                                                                                                                                                                                                                                                                                                                                                                                                                                                                                                                                                                                                                                                                                                                                                                                       , https://image.tmdb.org/t/p/w500/jZgsA5udOocuDBNBKwh63U1gxUx.jpg                                                               ,         2016,                                           ,                   , 2026-04-25 10:09:40.386684+00, 2026-04-25 10:09:40.386684+00,                                                        ,                                                        ,               , 
bd7066d9-f2a8-4e65-8b84-10c62f14a9c0, 4f61b37e-2cd1-42f8-9bc3-b6c16dc0b652,             1, Season 1                      ,                                                                                                                                                                                                                                                                                                                                                                                                                                                                                                                                                                                                                                                                                                                                                                                                                                     , https://image.tmdb.org/t/p/w500/ir3RryZsKWi1nyuhquyUpHeehDP.jpg                                                               ,         2025,                                           ,                   , 2025-12-30 02:22:26.398105+00, 2026-01-07 04:03:48.341094+00, https://hubcloud.foo/drive/bat86abvtzhypav             , https://hubcloud.foo/drive/sug11fwhahdwxvw             , 2.54 GB       , 5.86 GB
bf1d925c-3f0e-4793-9daa-62caac10b05c, c49d7610-6377-4044-8375-84b03781d3f6,             2, Devil May Cry 2               ," ""A war between worlds ignites as Dante must battle the only force that mirrors his own: his estranged twin brother Vergil. In Season 2", Dante must confront his own devils and the feeling of family he lost as a child. With the reemergence of Vergil," will Dante lay to rest old demons or fall victim to them?""                                                                                                                                                                                                                                                                                                                                                                                                                                                                                                                 ", https://image.tmdb.org/t/p/w500/f5WJUhhJfqEOEjbeX14Zqf2BXKB.jpg                                                               ,         2026,                                           ,                   , 2026-05-13 14:31:00.322555+00, 2026-05-17 09:40:16.176589+00, https://hubcloud.foo/drive/791z5o52d7991md             , https://hubcloud.foo/drive/6dklpvmyvei4euv             
bf416468-5e43-4b89-8ba1-853e2645de83, 83136214-8b26-4923-bb19-4f0fec5017b0,             1, Season 1                      ," ""When a tragedy disrupts her life", a teen moves in with her guardian's big family in a small town and learns new lessons about love," hope and friendship.""                                                                                                                                                                                                                                                                                                                                                                                                                                                                                                                                                                                                                                                                          ", https://image.tmdb.org/t/p/w500/iW1b170gv5J6poTVRMOhCndCgUo.jpg                                                               ,         2023,                                           ,                   , 2026-08-09 03:40:42.239171+00, 2026-08-09 03:51:58.297061+00, https://hubcloud.cx/drive/fjl4a9y11sslfdv              , https://hubcloud.cx/drive/i9kaudr8116a6cc              
bf557fa1-8914-4a18-84ad-a6a536f744b6, b3279048-970b-4055-a379-ebd04a048b45,             1, Season 1                      ,                                                                                                                                                                                                                                                                                                                                                                                                                                                                                                                                                                                                                                                                                                                                                                                                                                     , https://image.tmdb.org/t/p/w500/A0SNl0lfhNoxBlsTVZOsmfpr86Z.jpg                                                               ,         2026,                                           ,                   , 2026-06-20 07:57:55.331248+00, 2026-06-20 07:57:55.331248+00,                                                        ,                                                        ,               , 
bfb65dec-60b1-45f1-96ec-cba7904654f2, 7d8f7e22-3e9b-4386-a88c-0203f81be1ed,             1, Limited Series                ,                                                                                                                                                                                                                                                                                                                                                                                                                                                                                                                                                                                                                                                                                                                                                                                                                                     , https://image.tmdb.org/t/p/w500/ygQVxtVquKTLs5AyCvsdsqGp5fL.jpg                                                               ,         2026,                                           ,                   , 2026-06-27 11:45:00.93118+00 , 2026-06-27 11:45:00.93118+00 ,                                                        ,                                                        ,               , 
c0653568-a681-4285-b103-ee1e8d7d1c59, 296b3c5d-a4aa-4992-98b7-c1b5421c1cc7,             1, Season 1                      ,                                                                                                                                                                                                                                                                                                                                                                                                                                                                                                                                                                                                                                                                                                                                                                                                                                     , https://image.tmdb.org/t/p/w500/bV1971amioEsmHsOmjv6drl8vJF.jpg                                                               ,         2019,                                           ,                   , 2026-06-10 09:32:27.950569+00, 2026-06-10 09:44:20.500435+00, https://hubcloud.foo/drive/nnk3uxncv1vjnrr             , https://hubcloud.foo/drive/n8jghtrjnrgqel6             , 973.37 MB     , 2.75 GB
c0746ed7-397b-49f2-8986-02cc8b685485, 28b60b20-8c9f-445c-a05f-f08b40c58060,             1, Season 1                      ,                                                                                                                                                                                                                                                                                                                                                                                                                                                                                                                                                                                                                                                                                                                                                                                                                                     , https://image.tmdb.org/t/p/w500/s4bv1qeIzqsI5YlnZm2WG3fPb45.jpg                                                               ,         2019,                                           ,                   , 2026-03-31 00:32:54.604096+00, 2026-04-14 14:58:47.060354+00, https://hubcloud.foo/drive/gqqzqb7g_ccddg1             , https://hubcloud.foo/drive/kuholofwxvo6srf             , 2.28 GB       , 3.67 GB
c1f6ee97-2c7c-4139-a6b6-4c061538c870, e66bcb49-3e7a-4182-a128-7d06eb4a2819,             2, Season 2                      ,                                                                                                                                                                                                                                                                                                                                                                                                                                                                                                                                                                                                                                                                                                                                                                                                                                     , https://image.tmdb.org/t/p/w500/chu0ILbsGCuBjRAoeNyw57HsPV6.jpg                                                               ,         2025,                                           ,                   , 2025-12-30 02:14:36.238435+00, 2026-01-03 18:37:23.313042+00, https://hubcloud.foo/drive/pgtlsyphiktpjf1             , https://hubcloud.foo/drive/mmcmh5tcc6xfb5m             , 2.87 GB       , 6.29 GB
c255e7b5-7e49-48e0-aa63-3532d7b67adc, a80c60e7-50bc-4441-9674-ba8c498042b8,             1, Season 1                      ," ""Bigg Boss OTT", also known as Bigg Boss: Over-The-Top," is the first season of the Indian reality TV series Bigg Boss to be made for and aired on a streaming platform exclusively.""                                                                                                                                                                                                                                                                                                                                                                                                                                                                                                                                                                                                                                                 ", https://image.tmdb.org/t/p/w500/85Vga2VinqRQAboVcFK0DvO71g3.jpg                                                               ,         2021,                                           ,                   , 2026-09-12 17:00:27.979723+00, 2026-09-12 17:00:27.979723+00,                                                        ,                                                        
c3176476-4821-44c5-82d6-b6e13ae55003, ea538a38-da48-461c-ac96-eb64cf8e6d2e,             1, Miniseries                    ,                                                                                                                                                                                                                                                                                                                                                                                                                                                                                                                                                                                                                                                                                                                                                                                                                                     , https://image.tmdb.org/t/p/w500/4fHM1tTWf0n8mzxh4d1G2er7yPx.jpg                                                               ,         1992,                                           ,                   , 2026-05-18 18:43:11.597474+00, 2026-05-18 18:43:11.597474+00,                                                        ,                                                        ,               , 
c5e623d3-3bb6-4e64-8a4f-862adf3af945, 2b4664cd-3ef5-4ffe-9050-38c9f782cec3,             1, Season 1                      ,                                                                                                                                                                                                                                                                                                                                                                                                                                                                                                                                                                                                                                                                                                                                                                                                                                     , https://image.tmdb.org/t/p/w500/bdvRQekHfFxwxuLEUO1YfJAsvXF.jpg                                                               ,         2025,                                           ,                   , 2026-01-11 03:35:49.267068+00, 2026-01-11 11:48:59.141058+00, https://hubcloud.foo/drive/zxz0lllrmuk57zz             , https://hubcloud.foo/drive/dl1vrunjciadjdl             , 6.57 GB       , 13.69 GB
c6e2e8ea-c63f-42ef-b5b4-92b70dbf7275, 9ffc366f-fa6f-4e1d-be04-20effd6fe78e,             1, Season 1                      ,                                                                                                                                                                                                                                                                                                                                                                                                                                                                                                                                                                                                                                                                                                                                                                                                                                     , https://image.tmdb.org/t/p/w500/3krFbJNuWyROrjUCwMq6MgntLyV.jpg                                                               ,         2026,                                           ,                   , 2026-06-07 08:57:46.114664+00, 2026-06-07 08:57:46.114664+00,                                                        ,                                                        ,               , 
c7a8f249-e7d9-43ee-94bc-ac9f8e986ab3, 72a60fac-5606-419e-b8a2-f44f50a18408,             1, Dupahiya                      , Download Dupahiya S01 All Episodes in Hindi | HDb (720p/1080p Quality)                                                                                                                                                                                                                                                                                                                                                                                                                                                                                                                                                                                                                                                                                                                                                              ,                                                                                                                               ,         2025,                                           ,                   , 2025-11-14 16:42:05.344708+00, 2025-11-14 16:42:05.344708+00, https://hubcloud.foo/drive/qatzig9z7vctz9c             , https://hubcloud.foo/drive/msinrngrylnmv1r             , 2.67 GB       , 5.84 GB
c83f23d7-d61c-42c3-bbad-54995290dcfa, 4a451471-0a46-407c-9431-c0a1806848ff,             3, Season 3                      ," ""Coming off the explosive events of Season Two", Night Agent Peter Sutherland is called in to track down a young Treasury Agent who fled to Istanbul with sensitive government intel after killing his boss. This kicks off a sequence of events where Peter investigates a dark money network while avoiding its paid assassins, while putting him on a collision course with a relentless journalist. Working together," they uncover buried secrets and old grudges that threaten to bring the government to its knees -- and get them both killed in the process.""                                                                                                                                                                                                                                                                ", https://image.tmdb.org/t/p/w500/76fD9Ho5zJWJD3WhcUiWwZpKTcb.jpg                                                               ,         2026,                                           ,                   , 2026-02-20 09:15:56.278536+00, 2026-02-23 12:59:59.301422+00, https://hubcloud.foo/drive/tolvwv01od1vvvh             
c8f30774-1dfe-479a-aa72-5a9cce02d6a4, faf3b19a-820b-4110-acd8-7c5854a180be,             1, Season 1                      ,                                                                                                                                                                                                                                                                                                                                                                                                                                                                                                                                                                                                                                                                                                                                                                                                                                     , https://image.tmdb.org/t/p/w500/goPDQ8xN3YH9Xqdt5AHR65z7y77.jpg                                                               ,         2026,                                           ,                   , 2026-03-03 22:32:05.124315+00, 2026-04-12 04:24:54.766118+00, https://hubcloud.foo/drive/cbmrb11n9rnr8k8             , https://hubcloud.foo/drive/ssl2i7zrdymv7dl             , 7.19 GB       , 15.7 GB
c92b1751-e54d-4e57-a6ed-e68484bf9562, 28b60b20-8c9f-445c-a05f-f08b40c58060,             2, Season 2                      ,                                                                                                                                                                                                                                                                                                                                                                                                                                                                                                                                                                                                                                                                                                                                                                                                                                     , https://image.tmdb.org/t/p/w500/tSQupxA1ZGtXMoGDWPL2Qli9o97.jpg                                                               ,         2020,                                           ,                   , 2026-04-08 00:10:15.547083+00, 2026-04-08 00:10:15.547083+00,                                                        ,                                                        ,               , 
c9c361ab-5a8a-47eb-bf8a-a1921053db87, 435d747d-63b7-47c2-bfe8-7d63f048b372,             2, Season 2                      ," ""Dr. Prabhat", a young doctor striving to revive the neglected PHC in rural Bhatkandi. Battling corruption, medicine shortages, village politics, and bureaucratic hurdles," he fights to earn the Adarsh PHC Award.""                                                                                                                                                                                                                                                                                                                                                                                                                                                                                                                                                                                                                 ", https://image.tmdb.org/t/p/w500/dqLJsL2sPwHeTkxpTqy0VJKaiYL.jpg                                                               ,         2026,                                           ,                   , 2026-06-27 06:42:16.024818+00
cacc3670-f205-457b-b8fa-76b7276cc4da, 9f377176-5455-451f-958e-b8b522ed7f9f,             2, Breaking Bad                  , Breaking.Bad.S02.720p & 1080P.BluRay.Hindi.2.0-English.ESub.x264-HDHub4u.Tv.zip                                                                                                                                                                                                                                                                                                                                                                                                                                                                                                                                                                                                                                                                                                                                                     ,                                                                                                                               ,         2009,                                           ,                   , 2025-11-12 09:14:16.327085+00, 2025-11-12 11:50:27.34751+00 , https://hubcloud.fyi/drive/qcg3ua_lqi_g113             , https://hubcloud.fyi/drive/ctrqnvvjsruvq_1             , 5.21 GB       , 11.49 GB
cad76c6d-cd6d-46fb-b0b9-a86dba27428a, 423d6a4e-a0d1-4ffe-bc8a-abb10fc11310,             3, Season 3                      ," ""The Ultimate Betrayal takes the Vijay-Waseem rivalry to its most personal and explosive chapter yet. Living under a false identity", Vijay Singh resurfaces after a devastating personal loss, reigniting his relentless pursuit of revenge against his greatest adversary," Waseem Khan.""                                                                                                                                                                                                                                                                                                                                                                                                                                                                                                                                           ", https://image.tmdb.org/t/p/w500/aah3Lc6dvDw0KytpPTqVR8JdByq.jpg                                                               ,         2026,                                           ,                   , 2026-08-06 13:39:27.57866+00 , 2026-08-06 13:41:30.207269+00, https://hubcloud.cx/drive/ngyy9dyycygfcdy              
cb43ad32-5dc8-4eef-83ea-273c354e0827, 161f7975-6619-4209-9910-f94921b30a2b,             1, Season 1                      ,                                                                                                                                                                                                                                                                                                                                                                                                                                                                                                                                                                                                                                                                                                                                                                                                                                     , https://image.tmdb.org/t/p/w500/8VCLKvxUpnsRH4ZjECM5e22KcIB.jpg                                                               ,         2026,                                           ,                   , 2026-06-12 23:25:16.323911+00, 2026-06-18 19:09:20.517843+00, https://hubcloud.foo/drive/dzdvvjdqnv55pko             , https://hubcloud.foo/drive/lggbiiwcc7iv119             , 2.85 GB       , 6.26 GB
cc83cf72-0e55-4367-a2c2-30f61c14cdbb, 184e1d10-7883-49c1-b3d5-3f9a3cfab1e4,             1, Season 1                      ,                                                                                                                                                                                                                                                                                                                                                                                                                                                                                                                                                                                                                                                                                                                                                                                                                                     , https://image.tmdb.org/t/p/w500/oVl01a7R8rfmWrolWtrlPXYQqzj.jpg                                                               ,         2026,                                           ,                   , 2026-04-22 07:28:38.81511+00 , 2026-04-27 08:18:07.017548+00, https://hubcloud.foo/drive/lx1fx996xmmjggd             , https://hubcloud.foo/drive/e997z11uoijuoj3             , 2.57 GB       , 5.64 GB
cf11b9ca-c15e-4877-8b9e-c0fbce358c8a, 7cc014ee-2a24-4969-b567-41061b455189,             1, Season 1                      ," ""Set nearly 200 years before Game of Thrones", King Viserys I Targaryen names his daughter, Princess Rhaenyra, as heir to the Iron Throne," breaking tradition and igniting tensions within the realm.""                                                                                                                                                                                                                                                                                                                                                                                                                                                                                                                                                                                                                               ", https://image.tmdb.org/t/p/w500/lx6hsqWXq4aVrXPjCqnMHFrGL5u.jpg                                                               ,         2022,                                           ,                   , 2026-06-23 16:11:36.435143+00, 2026-06-23 16:11:36.435143+00
d09d5a1c-7687-4fe9-94d3-af0c80f4f3c3, b88d42a0-c31a-481f-858c-955078ad4cb4,             1, Season 1                      ,                                                                                                                                                                                                                                                                                                                                                                                                                                                                                                                                                                                                                                                                                                                                                                                                                                     , https://image.tmdb.org/t/p/w500/sB1OQ1ick7pSYYb1o8PdmYRVs4n.jpg                                                               ,         2026,                                           ,                   , 2026-07-03 16:15:05.936908+00, 2026-07-03 16:15:05.936908+00,                                                        ,                                                        ,               , 
d0a1f0e2-5127-4052-83b6-3b012e63ebd7, 72473799-16d5-45e4-a391-3a1c6d8fbcae,             1, Season 1                      ,                                                                                                                                                                                                                                                                                                                                                                                                                                                                                                                                                                                                                                                                                                                                                                                                                                     , https://image.tmdb.org/t/p/w500/1Dw3U4qGXZWLCe2u6OXvvg1u1Or.jpg                                                               ,         2026,                                           ,                   , 2026-05-22 06:49:40.521721+00, 2026-05-22 06:51:42.238157+00, https://hubcloud.foo/drive/lbrrbyi7djvoy4j             , https://hubcloud.foo/drive/7716fe1ksef1k4j             , 3.56 GB       , 7.81 GB
d1323dd6-fe53-439f-997d-5800aaf1d821, 92d7266b-0364-4431-be90-1883b338822e,             1, Season 1                      ,                                                                                                                                                                                                                                                                                                                                                                                                                                                                                                                                                                                                                                                                                                                                                                                                                                     , https://image.tmdb.org/t/p/w500/6KmlaPhsohh3Ki9XJUq0jiUYbf3.jpg                                                               ,         2026,                                           ,                   , 2026-01-21 22:12:18.864672+00, 2026-02-01 05:38:54.408581+00, https://hubcloud.foo/drive/urnle9uaeifz9un             , https://hubcloud.foo/drive/6dnxldb6xsbdzw1             , 2.75 GB       , 6.03 GB
d395cca8-b661-4c8c-ad45-4d1c87b0aeab, 98472ff1-4f89-4c81-a82d-5ceb3c0dd49b,             1, Season 1                      ," ""A 17-year-old girl is plagued by nightmares of a green-eyed stalker"," pulling her into a spiral of fear and despair.""                                                                                                                                                                                                                                                                                                                                                                                                                                                                                                                                                                                                                                                                                                               ", https://image.tmdb.org/t/p/w500/caJ2Tn3ICYWaL9NjaYhJgbI8KMT.jpg                                                               ,         2026,                                           ,                   , 2026-03-03 22:31:24.469919+00, 2026-03-13 11:51:05.489909+00, https://hubcloud.foo/drive/fa23ovmbw3bbrzz             , https://hubcloud.foo/drive/mafml1u1nmgauqc             , 1.8 GB        
d4190015-e1de-4b42-b908-f9e219fca396, 3e3dc190-3328-4a5d-93f5-4ccb7445777d,             1, Season 1                      , It has been a year since Matt Murdock retired from crime fighting as Daredevil. Wilson Fisk has been elected mayor of New York City after running on an anti-vigilante platform. The Kingpin may force Daredevil to come out of retirement.                                                                                                                                                                                                                                                                                                                                                                                                                                                                                                                                                                                         , https://image.tmdb.org/t/p/w500/9lLuhV703HGCbnz6FxnqCwIwzAZ.jpg                                                               ,         2025,                                           ,                   , 2026-03-25 21:47:28.491038+00, 2026-03-25 21:52:49.720762+00, https://hubcloud.foo/drive/g52o6vjjscesv2j             , https://hubcloud.foo/drive/xxxtsesexfxsuex             , 4.01 GB       , 8.56 GB
d4cf1d17-51c3-4a3e-ae54-b29708607b99, 7626edbf-820e-43da-b390-ba1fcd2e9327,             6, Season 6                      ," ""Armed with a list of seven suspects", confirmed by the killer himself, Patrick Jane and the CBI team are closing in on the elusive serial killer while continuing to solve California's most puzzling crimes. Could Red John be a cult leader? A ghoulish forensic analyst? A super-suspicious Homeland Security Agent? Or one of four law officials, including the director of the CBI himself? The identity of the man who killed Patrick Jane's family is finally revealed in a climactic showdown - but that's not the end of the story! When the CBI shuttered, Jane," Lisbon and the team partner with the FBI to tackle a whole new slew of mysteries... including vicious attack on former CBI members.""                                                                                                                     ", https://image.tmdb.org/t/p/w500/3wbMbYqry3ZLSuvFFy4lhbBQq34.jpg                                                               ,         2013,                                           ,                   , 2026-08-31 19:59:06.023668+00
d5571a2f-84ae-4fa6-a6d7-764829267bfe, 49a266c2-c4dc-4a30-804b-8b29197c1eec,             1, Season 1                      ,                                                                                                                                                                                                                                                                                                                                                                                                                                                                                                                                                                                                                                                                                                                                                                                                                                     ,                                                                                                                               ,         2025,                                           ,                   , 2026-02-02 04:22:20.786971+00, 2026-02-02 04:42:25.896468+00, https://hubcloud.foo/drive/6pa4zbtkkc0pzzt             , https://hubcloud.foo/drive/qme11jqhqpe5o5m             , 1.8 GB        , 4.17 GB
d5f16412-6915-4e43-b0d0-0fd1e9275559, 9867e5ff-f25b-4754-ac2e-c05eff7f6e84,             1, Search: The Naina Murder Case , Download Search: The Naina Murder Case [S01.720p & 1080p]All Episodes in Hindi | HD                                                                                                                                                                                                                                                                                                                                                                                                                                                                                                                                                                                                                                                                                                                                                 ,                                                                                                                               ,         2025,                                           ,                   , 2025-11-13 19:20:11.821233+00, 2025-11-13 19:25:27.946552+00, https://hubcloud.fyi/drive/tpobgdc5wb5oe7e             , https://hubcloud.fyi/drive/tlux1dlhl2llnol             , 1.9 GB        , 4.3 GB
d6322dc8-91da-4bc0-ab80-6b1e0832fb6f, 377294fa-9cb6-45a9-ad8d-efacdbad0097,             1, Season 1                      ," ""Kong Ji Hyeok works as the leader of the Mother TF team at a baby products company. He is sharp", calm, and executes passionately. One day, a team member, Ko Da Rim, suddenly kisses him. This places him in a difficult position because she is a married woman.,,,,,
                                                                                                                           ,,,,,,,,,,,,,,
                                                                                                                           Meanwhile, Ko Da Rim is a single woman who needs a job to support herself. She gets a job as a temporary employee at the baby products company where Kong Ji Hyeok works. She lies about her background and states she is married with a child to get hired there. She now works under Kong Ji Hyeok on the Mother TF team. Her only interest is to become a permanent employee there," but she begins to have feelings for Kong Ji Hyeok.""                                                                                                                                                                                                                                                                                                                                                                                          ", https://image.tmdb.org/t/p/w500/wXQEzvvFCHjHMKt0KYkvN6jz2wN.jpg                                                               ,         2025,                                           ,                   , 2025-12-30 02:33:24.236254+00, 2026-01-09 07:33:06.098827+00, https://hubcloud.foo/drive/bcb3vcayfyc2dge             , https://hubcloud.foo/drive/vnm7upsvhsm7t1m             , 8.79 GB       , 19.53 GB,,
d6d9e449-e5dc-4e0c-9a1f-cdd5c55a9864, bab05b70-bb3c-40c9-9347-7b61d6e3580e,             5, Season 5                      ,                                                                                                                                                                                                                                                                                                                                                                                                                                                                                                                                                                                                                                                                                                                                                                                                                                     , https://image.tmdb.org/t/p/w500/u0egUhOHs9qX5vNO7OgZqcdaCMO.jpg                                                               ,         2026,                                           ,                   , 2026-01-20 20:20:16.233807+00, 2026-01-20 20:20:16.233807+00,                                                        ,                                                        ,               , 
d74268c8-15ec-4330-a815-c295b93156c5, eb9b7e74-32a6-4ef8-be69-173fb73a7ca0,             1, Season 1                      ," ""Private investigator Ben Reilly is hired on a couple of straightforward cases... until mobsters", monsters," and a mysterious femme fatale spin a web that brings him face to face with his former life as New York's only superhero: The Spider.""                                                                                                                                                                                                                                                                                                                                                                                                                                                                                                                                                                                   ", https://image.tmdb.org/t/p/w500/oD8WSVqz84ZRfelkr7JPeJwR9Iv.jpg                                                               ,         2026,                                           ,                   , 2026-05-27 13:53:38.696499+00, 2026-05-27 13:55:20.693918+00, https://hubcloud.foo/drive/a18m000h0nwvcsw             , https://hubcloud.foo/drive/1jdh4h0yjyfccn0             
d8232ac6-8e9c-4342-bb9f-b00f46bd6607, 71be43fc-40d4-422d-a133-568f4041369b,             1, Season 1                      ,                                                                                                                                                                                                                                                                                                                                                                                                                                                                                                                                                                                                                                                                                                                                                                                                                                     , https://image.tmdb.org/t/p/w500/xopAdiNmawclgdda9NWsLdvSALp.jpg                                                               ,         2026,                                           ,                   , 2026-04-12 04:45:16.208719+00, 2026-04-14 14:45:17.692007+00, https://hubcloud.foo/drive/zead5w2nmvzi47i             , https://hubcloud.foo/drive/jhvotgloll1jsoh             , 4.26 GB       , 9.36 GB
d8ca21b2-424f-4b43-a54f-65e27ce58521, 1a8eabfd-0e1c-44b2-a67f-955ccc93843f,             1, Season 1                      ," ""Agastya", (Mihir Ahuja) a math prodigy, believes every problem has a formula - even love. When he sets out to find the perfect match for his mother (Mona Singh), his algorithm-fueled adventure spirals into a hilarious tangle of bad dates, big feelings, and one unexpected discovery: sometimes love can't be calculated," only felt.""                                                                                                                                                                                                                                                                                                                                                                                                                                                                                          ", https://image.tmdb.org/t/p/w500/oTpeElnORBHS3F8iag19Nc9fUxO.jpg                                                               ,         2026,                                           ,                   
d95c2ff4-8ed0-4de1-baad-7ac09611350c, 7408a1ec-8192-46fa-98b0-3756186922b4,             2, Season 2                      ," ""Kitty returns to Seoul ready for a fresh start", but her plan for a drama-free semester fizzles fast amid new faces," messy crushes and family secrets.""                                                                                                                                                                                                                                                                                                                                                                                                                                                                                                                                                                                                                                                                             ", https://image.tmdb.org/t/p/w500/bqP3sSPfvjea4AgdNli7vl10kUy.jpg                                                               ,         2025,                                           ,                   , 2026-04-11 20:53:28.390645+00, 2026-04-11 20:59:50.510318+00, https://hubcloud.foo/drive/yhmy2qimvl4viii             , https://hubcloud.foo/drive/pivgaoualf12pv5             
d9efbdfd-a8c8-4430-960e-9b81d5d74500, 01548668-4b37-43d2-9947-5135e88ba7ae,             1, Season 1                      ," ""In a bleak dystopian future", humanity clings to survival deep underground within the confines of a colossal silo. Juliette, an engineer tasked with unraveling the mystery behind the death of a colleague," uncovers startling secrets that threaten the very fabric of their enclosed world.""                                                                                                                                                                                                                                                                                                                                                                                                                                                                                                                                     ", https://image.tmdb.org/t/p/w500/1HRefFJKqneGWCmV1tq68xirCsu.jpg                                                               ,         2023,                                           ,                   , 2026-07-13 20:58:21.113584+00, 2026-07-13 20:58:21.113584+00,                                                        
daab0785-14b7-4411-9783-5ac7ecae5765, 02221c29-2645-445d-91aa-d807e308f1a4,             2, Season 2                      ," ""The even more intense", more insane season two finds The Boys on the run from the law, hunted by the Supes, and desperately trying to regroup and fight back against Vought. In hiding, Hughie, Mother’s Milk, Frenchie and Kimiko try to adjust to a new normal, with Butcher nowhere to be found. Meanwhile, Starlight must navigate her place in The Seven as Homelander sets his sights on taking complete control. His power is threatened with the addition of Stormfront, a social media-savvy new Supe, who has an agenda of her own. On top of that
dc203855-e2ee-4c80-98e7-2a30caaf273b, 26145ba2-4653-442d-9b59-83afd588125f,             1, Season 1                      , Two young boxers band together with a benevolent moneylender to take down a ruthless loan shark who preys on the financially desperate.                                                                                                                                                                                                                                                                                                                                                                                                                                                                                                                                                                                                                                                                                             , https://image.tmdb.org/t/p/w500/3uflkuhQUh2pnT2V8YgsDkjMfrT.jpg                                                               ,         2023,                                           ,                   , 2026-04-12 04:53:57.868953+00, 2026-04-12 04:53:57.868953+00,                                                        ,                                                        ,               , 
dc44bd5e-5c00-47cf-bbd9-3c6cb1e10c61, 26145ba2-4653-442d-9b59-83afd588125f,             2, Season 2                      ,                                                                                                                                                                                                                                                                                                                                                                                                                                                                                                                                                                                                                                                                                                                                                                                                                                     , https://image.tmdb.org/t/p/w500/yLQQoseay2JXHZO9UVGA53i1HQ.jpg                                                                ,         2026,                                           ,                   , 2026-04-12 04:53:59.242037+00, 2026-04-12 04:53:59.242037+00,                                                        ,                                                        ,               , 
dd1b64ce-2ed0-4ca1-b55a-179b62661a6e, b8f3df02-3a79-49ec-ae89-b236118654ea,             1, Season 1                      ,                                                                                                                                                                                                                                                                                                                                                                                                                                                                                                                                                                                                                                                                                                                                                                                                                                     , https://image.tmdb.org/t/p/w500/lvaXhYZL5sHUS10veWSCrWXyAOB.jpg                                                               ,         2025,                                           ,                   , 2025-12-30 02:42:36.110825+00, 2025-12-30 02:42:36.110825+00,                                                        ,                                                        ,               , 
dd54ff96-c6a6-4887-971c-00b226149b08, 88368e87-b3f6-414d-9c01-30976ed1798d,             1, Season 1                      ," ""They're rowdy", they're ragtag, they're misfits turned mercenaries for hire. Vox Machina is more interested in easy money and cheap ale than actually protecting the realm. But when the kingdom is threatened by evil," this boisterous crew realizes that they are the only ones capable of restoring justice. What began as a simple payday is now the origin story behind Exandria’s newest heroes.""                                                                                                                                                                                                                                                                                                                                                                                                                             ", https://image.tmdb.org/t/p/w500/4fqfhmVNOHe2nLcligiVMtMnfeM.jpg                                                               ,         2022,                                           ,                   , 2026-06-02 16:31:04.233252+00, 2026-06-10 10:10:45.891801+00, https://hubcloud.foo/drive/4y5p5lwgybs2r2t             
ddbd20a7-cd8f-45fe-81e4-68c4242adc2f, 4022077b-40ed-4d09-b1ad-ecc45124a99b,             2, Hide and Seek                 ," ""Detective Hess and Thulin reunite as they race against time to catch a perpetrator playing a disturbing game of hide and seek in the gloomy mists of Copenhagen's suburbs. As more victims are drawn into the deadly game and the body count rises"," the duo must stop the killer before more lives are lost.""                                                                                                                                                                                                                                                                                                                                                                                                                                                                                                                      ", https://image.tmdb.org/t/p/w500/y3TkDZGOxf4uaZs4B24ecDAv09y.jpg                                                               ,         2026,                                           ,                   , 2026-05-07 13:45:36.926568+00, 2026-05-07 14:07:39.285846+00, https://hubcloud.foo/drive/1l1wbbbkxytxvlr             , https://hubcloud.foo/drive/m1l4gkdmwyymwmw             , 2.75 GB       
df0e7462-c325-4955-9a4f-a5b61b81c317, 13b2b136-b027-4100-9786-f6a59a8c95d1,             1, Season 1                      ,                                                                                                                                                                                                                                                                                                                                                                                                                                                                                                                                                                                                                                                                                                                                                                                                                                     , https://image.tmdb.org/t/p/w500/tqO8IY6V9T8HNG4mefxPfyLzRpW.jpg                                                               ,         2026,                                           ,                   , 2026-07-03 16:12:20.917408+00, 2026-07-03 16:12:20.917408+00,                                                        ,                                                        ,               , 
e01397f0-b359-4eaa-bb4b-e1186c6a0c2b, 601d1d9f-9c38-48a3-8e09-d32f16e52e06,             2, Season 2                      ," ""With his firm in great demand and the team busier than ever"," Mickey meets a possible new love interest and takes on another high-profile case.""                                                                                                                                                                                                                                                                                                                                                                                                                                                                                                                                                                                                                                                                                    ", https://image.tmdb.org/t/p/w500/9TaupczRcEkOaYbsiQuLg3kXPLq.jpg                                                               ,         2023,                                           ,                   , 2026-02-06 11:43:46.959279+00, 2026-02-06 11:43:46.959279+00,                                                        ,                                                        ,               
e0761f3d-9ab9-434f-8b7f-7dbb4cd5bea5, 7a36ca12-7ab9-468b-a0b5-ab9dc4db6bde,             1, Season 1                      ," ""Han Ji-Wook is a detective looking to know what is the truth behind the mysterious red line.",,,,,,,,,,
                                                                                                                           ,,,,,,,,,,,,,,
                                                                                                                           Gyu-jin, a funny high school teacher. Hyeon-heup, a high schooler who has been able observe the red line from birth.,,,,,,,,,,,,
                                                                                                                           ,,,,,,,,,,,,,,
                                                                                                                           The show will present the story of a cryptic red line that appears over head of the people in the show," connecting them to people with whom who have had sexual relations with them.""                                                                                                                                                                                                                                                                                                                                                                                                                                                                                                                                                                                                                                               ", https://image.tmdb.org/t/p/w500/o9ENFFvHnU08zy8GbElxGLbrm87.jpg                                                               ,         2025,                                           ,                   , 2026-04-30 13:53:35.473192+00, 2026-05-27 13:48:32.088313+00, https://hubcloud.foo/drive/nymxfamx1djvbnb             , https://hubcloud.foo/drive/111ct281doos8os             , 2.89 GB       , 6.23 GB,,,
e1a48b75-3caf-443b-adeb-ae2c3f17d56a, 0d807c12-c74c-4c24-bbd5-4e2b8c8c3730,             1, Season 1                      ,                                                                                                                                                                                                                                                                                                                                                                                                                                                                                                                                                                                                                                                                                                                                                                                                                                     , https://image.tmdb.org/t/p/w500/4cPiptzvcccUUtkS18z5e3fS9Uw.jpg                                                               ,         2026,                                           ,                   , 2026-07-23 02:43:08.579825+00, 2026-08-06 13:17:29.971856+00, https://hubcloud.cx/drive/1bqnbranfqfyyqr              , https://hubcloud.cx/drive/n4n44kyx1h4x7gw              , 2.81 GB       , 6.17 GB
e35c44d6-dff7-4728-91fd-f0adec5c4054, af0a6fc8-5ed9-4238-8f2e-8e3ce81ef741,             1, Limited Series                ," ""When Rachel Nickell was murdered on Wimbledon Common in 1992", André became a single parent overnight. Putting his own grief to one side, he made his son Alex – the only eyewitness to the attack – the centre of his world. Navigating the unscrupulous media furore and the urgency of an increasingly desperate police investigation, his sole concern became the welfare of his traumatised son. This is the story of how a father and son moved through the aftermath of unimaginable tragedy," from darkness into light.""                                                                                                                                                                                                                                                                                                     ", https://image.tmdb.org/t/p/w500/eNIfjYji9m29Xyj4KVDiUy2UmMa.jpg                                                               ,         2026,                                           ,                   , 2026-06-04 17:52:29.008763+00, 2026-06-04 17:52:29.008763+00
e40b330e-114b-4f00-9d7a-7e6c4f364c64, f970e969-3c88-467f-b755-90e2ccb9d3d7,             1, Season 1                      ,                                                                                                                                                                                                                                                                                                                                                                                                                                                                                                                                                                                                                                                                                                                                                                                                                                     , https://image.tmdb.org/t/p/w500/fhpa8B6USatHybK04XBbPAB6Mlz.jpg                                                               ,         2026,                                           ,                   , 2026-08-14 01:55:35.484506+00, 2026-08-14 01:57:53.76939+00 , https://hubcloud.cx/drive/rzii5wpswtnwqqb              , https://hubcloud.cx/drive/z8ovmnorzzrmcem              , 2.64 GB       , 5.8 GB
e44c2701-a2ab-4a3c-8c31-a11b70cd99e7, 5b882067-20f3-4d77-93b9-c543397c2cf8,             1, Season 1                      ," ""Office worker Gong Eun Tae wins a 1.3 billion won lottery jackpot", giving him newfound financial freedom without enough money to quit his job or buy a home. With less fear of making risky choices, he adopts a bolder attitude that shakes up his workplace, relationships," and everyday life.""                                                                                                                                                                                                                                                                                                                                                                                                                                                                                                                                  ", https://image.tmdb.org/t/p/w500/1ZJyI021GI09QGI5N321Or28vZ.jpg                                                                ,         2026,                                           ,                   , 2026-09-12 17:00:00.858253+00, 2026-09-12 17:00:00.858253+00
e4b1dd10-42e4-419d-9e9c-9c2e806ca0d5, 9460bb80-66f8-4588-97ad-5c988f294175,             1, Season 1                      ,                                                                                                                                                                                                                                                                                                                                                                                                                                                                                                                                                                                                                                                                                                                                                                                                                                     , https://image.tmdb.org/t/p/w500/1G7XzIYLCGktI8eNOdqisMCwmsm.jpg                                                               ,         2026,                                           ,                   , 2026-07-25 13:43:01.968981+00, 2026-07-25 20:04:30.993106+00, https://hubcloud.cx/drive/zokua6kx5i6uoog              , https://hubcloud.cx/drive/3eiwshyaocoy1cp              , 2.3 GB        , 5.01 GB
e5e12c65-2b5c-42e0-ad2b-5f03c0555f4e, e422b795-2a44-4402-822b-c63c33b5ccfd,             1, Season 1                      ," ""Freedom at Midnight (Season 1) is a historical drama series based on the book by Collins & Lapierre", detailing India's turbulent journey to independence and Partition, focusing on the intense political struggles between Nehru/Patel (Congress) and Jinnah (Muslim League), Mountbatten's role, Gandhi's spiritual resistance, and the tragic communal violence, culminating in the drawing of borders by Radcliffe and the birth pangs of two nations," exploring the human cost of these monumental decisions""                                                                                                                                                                                                                                                                                                                 ", https://image.tmdb.org/t/p/w500/c0CZxh6PgQKy2v9Fq3yufk3UORk.jpg                                                               ,         2024,                                           
e60e540d-8e34-4be5-8540-9f2379f22486, 8971172c-b776-4497-90fc-dd3edfade329,             4, season_4.0                    , The mission to take down Whiterose and the Dark Army enters its final phase as Elliot attempts to come to terms with his reality.                                                                                                                                                                                                                                                                                                                                                                                                                                                                                                                                                                                                                                                                                                   , https://image.tmdb.org/t/p/w500/4PxMbpF3pv5B8eYw48hZ1hy16gr.jpg                                                               ,         2019,                                           ,                   , 2026-03-19 21:27:45.463262+00, 2026-04-27 09:48:21.730633+00, https://hubcloud.foo/drive/osrqvhajwh6qqeq             , https://hubdrive.space/file/3080693895                 , 2.52 GB       , 5.94 GB
e632f80e-6a49-471a-80ec-2bb58b65e311, 1020e713-4c23-45b2-8eaf-5df683eca12c,             1, Season 1                      ,                                                                                                                                                                                                                                                                                                                                                                                                                                                                                                                                                                                                                                                                                                                                                                                                                                     , https://image.tmdb.org/t/p/w500/z494Y7XFl4GKofLeNnjr1amyphr.jpg                                                               ,         2022,                                           ,                   , 2026-08-31 20:00:00.800503+00, 2026-09-11 15:07:03.411344+00, https://hubcloud.cx/drive/twkbbrzaettazoz              , https://hubcloud.cx/drive/j2xy2u2knt2xhy2              , 6.36 GB       , 13.99 GB
e6fc8660-3898-4117-9674-284b62e1aaf2, 7d115252-cb74-409a-9da5-24ba96ec7279,             2, Season 2                      ,                                                                                                                                                                                                                                                                                                                                                                                                                                                                                                                                                                                                                                                                                                                                                                                                                                     , https://image.tmdb.org/t/p/w500/8Qd2Cz766FPa6CHvLQq4s54AFEC.jpg                                                               ,         2026,                                           ,                   , 2026-07-31 06:02:23.708047+00, 2026-08-06 05:59:10.702106+00, https://hubcloud.cx/drive/bmvvzjnmvddoy6e              , https://hubcloud.cx/drive/moocabejmqibevx              , 3.51 GB       , 7.75 GB
e8c2e2c5-717e-4ed9-9f45-aff7219228b4, 35836d0d-3a19-42e0-a73d-ddec43b115c5,             6, Season 6                      ," ""Following the shocking developments at the conclusion of season five", survivors from all parts of Westeros and Essos regroup to press forward, inexorably, towards their uncertain individual fates. Familiar faces will forge new alliances to bolster their strategic chances at survival, while new characters will emerge to challenge the balance of power in the east, west," north and south.""                                                                                                                                                                                                                                                                                                                                                                                                                               ", https://image.tmdb.org/t/p/w500/p1udLh0gfqyZFmXBGa393gk8go5.jpg                                                               ,         2016,                                           ,                   
e8cf8417-e0c3-47d9-b135-8882e920e5c2, 68960430-8965-4953-88c1-a1c8b1b26722,             4, Season 4                      ," ""Based on """"Gone Tomorrow", when a chance encounter with a distraught stranger on a subway goes horribly wrong," Jack Reacher is drawn into a complex and deadly game that pits him against ruthless foes from the highest echelons of power.""                                                                                                                                                                                                                                                                                                                                                                                                                                                                                                                                                                                      ", https://image.tmdb.org/t/p/w500/f1VCQIG2iCyOookdgOzwtUpwWC0.jpg                                                               ,         2026,                                           ,                   , 2026-08-13 12:07:30.609272+00, 2026-08-13 12:07:30.609272+00,                                                        ,                                                        
ea82510e-94ba-401f-a498-2e6f04d7fb02, 9fdfe89a-5ace-4ce7-ad6a-b610c16d1af8,             2, Season 2                      ,                                                                                                                                                                                                                                                                                                                                                                                                                                                                                                                                                                                                                                                                                                                                                                                                                                     , https://image.tmdb.org/t/p/w500/enb1Ylom4P5ovmDznPeKwEloxO3.jpg                                                               ,         2022,                                           ,                   , 2026-05-11 11:02:40.032627+00, 2026-05-17 09:54:22.117049+00, https://hubcloud.foo/drive/cdlrkifxfrwxics             , https://hubcloud.foo/drive/mdhhnzgqotxyzsh             , 2.81 GB       , 5.78 GB
ea9f4b5e-89aa-488f-b74d-6be9b1049113, 32ec54f9-5144-4f1f-8530-d873c9fb85a2,             1, Season 1                      ," ""Meet the Perfect Family - the lovable Karkarias. Perfect on the outside", but simmering with resentments, insecurities, and old wounds on the inside. When life hits hard, they're pushed into family therapy, where issues of trust, loyalty, and communication finally explode. With their quirks, chaos, and constant derailing of every session," progress is a miracle.""                                                                                                                                                                                                                                                                                                                                                                                                                                                        "
eaad05a0-bf06-4ae8-8de6-d498625db8ce, 9f377176-5455-451f-958e-b8b522ed7f9f,             3," ""Breaking Bad ""               ", Breaking.Bad.S03.720p & 1080P.BluRay.Hindi.2.0-English.ESub.x264-HDHub4u.Tv.zip                                                                                                                                                                                                                                                                                                                                                                                                                                                                                                                                                                                                                                                                                                                                                     ,                                                                                                                               ,         2010,                                           ,                   , 2025-11-12 09:28:54.139307+00, 2025-11-12 11:59:45.802609+00, https://hubcloud.fyi/drive/lplvnncnldmdchd             , https://hubcloud.fyi/drive/jkz5lf_bifzzlab             , 5.63 GB       , 11.07 GB
eb64c780-d12f-4450-8ee4-35193d35d41b, c911a97a-60a7-4438-a73f-6d37bd943105,             3, Season 3                      ," ""Aziraphale", now Supreme Archangel," seeks Crowley's help as plans for the Second Coming take a surprising yet dangerous turn. Can the angel and demon reconcile their differences before it's too late?""                                                                                                                                                                                                                                                                                                                                                                                                                                                                                                                                                                                                                            ", https://image.tmdb.org/t/p/w500/xeesNuPr10zKleeBFozlzJCedFx.jpg                                                               ,         2026,                                           ,                   , 2026-05-13 14:34:26.212153+00, 2026-05-17 09:45:49.540414+00, https://hubcloud.foo/drive/pydm3x1qyv1kmwx             , https://hubcloud.foo/drive/isa14ddd36kxq3a             
eccdab4a-7b91-479e-a9a2-c9d47fd2764f, 1c0fa1bd-e6c1-44d1-af32-372d3a3dc9e6,             1, Season 1                      ," ""When the past catches up with two former spies", their biggest challenge isn't car chases," shootouts or fistfights — it's telling each other the truth.""                                                                                                                                                                                                                                                                                                                                                                                                                                                                                                                                                                                                                                                                            ", https://image.tmdb.org/t/p/w500/cdXNPeSidTtc8JG24K7oq7vcab8.jpg                                                               ,         2026,                                           ,                   , 2026-02-06 11:42:40.49456+00 , 2026-02-08 18:27:59.474851+00, https://hubcloud.foo/drive/1z11cofjf9nkis5             , https://hubcloud.foo/drive/nujj10kub1l7zng             
ecdd37cc-c240-49a2-9b81-5b083b474296, d25650da-1900-4f77-9067-f7ee2474f800,             1, Season 1                      ," ""Ambitious Goldy joins Jumbolife and recruits Manoj; they rise fast building a network"," but ego clashes split them and weaken both.""                                                                                                                                                                                                                                                                                                                                                                                                                                                                                                                                                                                                                                                                                                ", https://image.tmdb.org/t/p/w500/apkGg2k761VUmsSR5M9iEWcL7Xf.jpg                                                               ,         2026,                                           ,                   , 2026-06-07 08:22:09.742133+00, 2026-06-07 08:22:09.742133+00,                                                        ,                                                        ,               
ed222138-0099-431c-b1f0-3bcab704cf70, d7830f54-c370-4dae-be8f-b1c688bc367d,             1, Season 1                      , The eight close-knit siblings of the Bridgerton family look for love and happiness in London high society.                                                                                                                                                                                                                                                                                                                                                                                                                                                                                                                                                                                                                                                                                                                          , https://image.tmdb.org/t/p/w500/qaewZKBKmXjb4ZfFBb1LCug6BE8.jpg                                                               ,         2020,                                           ,                   , 2026-01-30 01:48:03.042754+00, 2026-02-01 06:39:28.412143+00, https://hubcloud.foo/drive/0qspldky1xpqddp             , https://hubcloud.foo/drive/84j1pdnj4jtttdy             , 4.72 GB       , 10.35 GB
ee8497dd-ddf1-44e0-9cb6-3f1e0124cd00, 68c1ea29-0353-40bb-b7aa-3daccd270158,             1, Limited Series                ,                                                                                                                                                                                                                                                                                                                                                                                                                                                                                                                                                                                                                                                                                                                                                                                                                                     , https://image.tmdb.org/t/p/w500/vFMVeLpDO7zM6xnlYpy7McJboH4.jpg                                                               ,         2025,                                           ,                   , 2025-12-30 02:35:43.046226+00, 2026-01-10 03:34:10.224104+00, https://hubcloud.foo/drive/k6ngky1bfa1q5b5             , https://hubcloud.foo/drive/b21hhglt4ikaa4x             , 3.99 GB       , 8.91 GB
efb59ac2-c51d-42dd-ab94-6e85df946eb9, 2b4664cd-3ef5-4ffe-9050-38c9f782cec3,             2, Season 2                      ,                                                                                                                                                                                                                                                                                                                                                                                                                                                                                                                                                                                                                                                                                                                                                                                                                                     , https://image.tmdb.org/t/p/w500/kvFSpESyBZMjaeOJDx7RS3P1jey.jpg                                                               ,         2026,                                           ,                   , 2026-01-11 03:35:49.910609+00, 2026-01-11 03:35:49.910609+00,                                                        ,                                                        ,               , 
efb9c4dd-8b6e-42a9-aec1-77b3685c3ea9, 88368e87-b3f6-414d-9c01-30976ed1798d,             3, Season 3                      ," ""In Season 3", the Chroma Conclave's path of destruction spreads like wildfire while the Cinder King hunts down Vox Machina. Our lovable band of misfits must rise above inner (and outer) demons to try and save their loved ones, Tal'Dorei," and all of Exandria""                                                                                                                                                                                                                                                                                                                                                                                                                                                                                                                                                                  ", https://image.tmdb.org/t/p/w500/b5A0qkGrZJTyVv3gT6b8clFEz9R.jpg                                                               ,         2024,                                           ,                   , 2026-06-02 16:31:05.025971+00, 2026-06-10 10:14:07.049968+00, https://hubcloud.foo/drive/2zukuxxn9ut42tw             
f021b078-27b8-4cf8-9bbd-51b9c3d9d6f3, 435d747d-63b7-47c2-bfe8-7d63f048b372,             1, Gram Chikitsalay              , Download Gram Chikitsalay (Season 1) Full Series in Hindi | HD (720p/1080p Quality)                                                                                                                                                                                                                                                                                                                                                                                                                                                                                                                                                                                                                                                                                                                                                 , https://image.tmdb.org/t/p/w400/8skEAMrP1U7iQuHt3ce8V48dp5w.jpg                                                               ,         2025,                                           ,                   , 2025-11-15 04:02:10.532394+00, 2026-06-22 20:50:33.230777+00, https://hubcloud.fyi/drive/dji36dopodq0jji             , https://hubcloud.foo/drive/aouu79i01g18o9v             , 1.65 GB       , 3.79 GB
f0f17c61-adfa-4aa5-a38e-d99f839497dc, dee61461-85ff-476a-96e4-06739f167c96,             4, The Final Season              ," ""The truth revealed through the memories of Grisha's journals shakes all of Eren's deepest beliefs. There is no rugged but free land beyond the walls. There is a whole other world", equally full of oppression and war. Suddenly," the ambitions that have animated the Survey Corps for generations seem small and naive. What is there left to fight for?""                                                                                                                                                                                                                                                                                                                                                                                                                                                                        ", https://image.tmdb.org/t/p/w500/sfbSjGlLHsvFQrMUSNR9RrwZgV1.jpg                                                               ,         2020,                                           ,                   , 2026-03-03 22:05:26.482281+00, 2026-03-13 10:53:08.38741+00 , https://hubcloud.foo/drive/cdyfibtc0r03rfu             , https://hubcloud.foo/drive/jnnzfeiaujoambt             
f0f1b5e8-84ef-47e9-8b3a-7a243100b814, d7830f54-c370-4dae-be8f-b1c688bc367d,             3, Season 3                      ," ""As a new crop of debutantes yearns to become the brightest of the ball"," a wallflower with a double life finds her light amid secrets and surprises.""                                                                                                                                                                                                                                                                                                                                                                                                                                                                                                                                                                                                                                                                               ", https://image.tmdb.org/t/p/w500/zCEm0xrRMa5fLCQ9d0nvcw6tvcr.jpg                                                               ,         2024,                                           ,                   , 2026-01-30 01:48:04.373874+00, 2026-02-01 06:43:19.018074+00, https://hubcloud.foo/drive/fzjzflwojwwrjmt             , https://hubcloud.foo/drive/zux9ddhxahor2xm             , 4.56 GB       
f1186f3a-ddf1-4a36-a0b5-239a7b1e02be, 7626edbf-820e-43da-b390-ba1fcd2e9327,             7, Season 7                      ," ""With serial killer Red John laid to rest", Patrick Jane is finally free to close the door on his past and plan for the future. A fresh start with the FBI has him solving top-security cases alongside former CBI agents Teresa Lisbon and Kimball Cho, new colleagues Jason Wylie and Michelle Vega, and boss Agent Dennis Abbott. And Jane's blossoming connection with Lisbon brings a deeper bond to the partners' already intimate and intense professional relationship. But when femme fatale Erica Flynn resurfaces from Jane's past and another sadistic serial killer appears on the scene," affairs of the heart take a backseat to survival.""                                                                                                                                                                            ", https://image.tmdb.org/t/p/w500/xroML8XHuaB6MP9VKmHg3429037.jpg                                                               ,         2014,                                           ,                   , 2026-08-31 19:59:12.486707+00, 2026-08-31 19:59:12.486707+00
f2650a02-0fe7-4ce5-8dbb-c5a3c51cfb8a, d14d36f8-8b1c-4b0e-9489-368eadbc2f68,             2, Season 2                      ," ""With a fortune in gold at stake and their futures on the line"," the Pogues rush headlong into danger and a fresh mystery as they face foes old and new.""                                                                                                                                                                                                                                                                                                                                                                                                                                                                                                                                                                                                                                                                            ", https://image.tmdb.org/t/p/w500/sdhogMGdyLpa8Axrf5BRNbBYKvF.jpg                                                               ,         2021,                                           ,                   , 2026-08-24 19:33:59.247508+00, 2026-08-24 19:39:32.16355+00 , https://hubcloud.cx/drive/lyqd712nnhahqiq              , https://hubcloud.cx/drive/ivuat0crmrb0ath              , 4.68 GB       
f6192111-9921-4bc4-97a6-611e6b26b8b1, cd5c6c41-f422-4b7a-8f24-e2a6216b64ad,             1, Miniseries                    ," ""Follow Bass Reeves' journey from enslavement to law enforcement as one of the first Black U.S. Deputy Marshals west of the Mississippi. Despite arresting over 3",000 outlaws during the course of his career, the weight of the badge was heavy," and he wrestled with its moral and spiritual cost to his beloved family.""                                                                                                                                                                                                                                                                                                                                                                                                                                                                                                         ", https://image.tmdb.org/t/p/w500/g5YvjqykQe2ZZK1C6qBXrM9EG1i.jpg                                                               ,         2023,                                           ,                   , 2026-06-02 17:14:35.422971+00, 2026-06-02 17:14:35.422971+00,                                                        
f670db7e-94e0-4e04-bbde-39e05fd635c7, 296b3c5d-a4aa-4992-98b7-c1b5421c1cc7,             5, Season 5                      ,                                                                                                                                                                                                                                                                                                                                                                                                                                                                                                                                                                                                                                                                                                                                                                                                                                     , https://image.tmdb.org/t/p/w500/zv53kjheYrAQAL0rVJXqNj3bhEC.jpg                                                               ,         2026,                                           ,                   , 2026-06-10 09:32:35.614252+00, 2026-06-10 09:32:35.614252+00,                                                        ,                                                        ,               , 
f6f49d18-da8e-4f82-b61b-9f74eb0d3d28, 4a021c2e-edd5-45b7-9577-7a621b42086c,             1, Miniseries                    ," ""When the repressed daughter of a wealthy New England family and her rebellious maid find themselves trapped in a house built on humiliation and cruelty", they escape into a fantasy of sex, power, and revenge. The gruesome unsolved murders that follow don't just shock the world — they give birth to an icon who refuses to live imprisoned in a cage, choosing instead to forge her own legend: shocking, monstrous," and gloriously free.""                                                                                                                                                                                                                                                                                                                                                                                   ", https://image.tmdb.org/t/p/w500/57XScX1aYtKi1LvHYFQLPUxVhTG.jpg                                                               ,         2026,                                           ,                   
f7921183-2cbd-4214-a891-36d8d87444ec, 076d2c4e-b823-440c-af91-66260f6b373a,             1, Limited Series                ,                                                                                                                                                                                                                                                                                                                                                                                                                                                                                                                                                                                                                                                                                                                                                                                                                                     , https://image.tmdb.org/t/p/w500/d56JT1Cs1OY6MbuhN7rUo8FtJYN.jpg                                                               ,         2026,                                           ,                   , 2026-03-06 13:26:37.992573+00, 2026-03-13 12:41:57.650155+00, https://hubcloud.foo/drive/v85ne12lswy79en             , https://hubcloud.foo/drive/lcumulwuucxxil1             , 5.7 GB        , 12.62 GB
f8adc2b9-5ee9-449c-a815-88eba3342813, d7041dfd-3492-4974-aa36-7b197f2b91bd,             1, Season 1                      ,                                                                                                                                                                                                                                                                                                                                                                                                                                                                                                                                                                                                                                                                                                                                                                                                                                     , https://image.tmdb.org/t/p/w500/cDLlx3tQbDvYJmMzjS1LJldxvlr.jpg                                                               ,         2026,                                           ,                   , 2026-06-07 09:02:35.779173+00, 2026-06-12 21:13:25.151867+00, https://hubcloud.foo/drive/6zjqw9a4wdoadi1             , https://hubcloud.foo/drive/cpdwhp4c4c4ygnl             , 5.97 GB       , 13.22 GB
f9ef31bb-5474-42aa-9677-d55cc1ad4a68, 041a15c8-e06c-48a1-ab3b-c7533f7e1032,             5, Stranger Things 5             ," ""The fall of 1987. Hawkins is scarred by rifts. Vecna has vanished and the government has placed the town under military quarantine", forcing Eleven back into hiding. To end this nightmare, they'll need everyone together," one last time.""                                                                                                                                                                                                                                                                                                                                                                                                                                                                                                                                                                                        ", https://image.tmdb.org/t/p/w500/AaLrOh33YLkK1WLEB8Uml7FL8fm.jpg                                                               ,         2025,                                           ,                   , 2025-12-30 02:10:15.262388+00, 2026-01-03 03:05:01.823928+00, https://hubcloud.foo/drive/evtpqkwttbmkwkm             
fa2263d6-539e-4f00-85b7-81ae916c5e8d, 02221c29-2645-445d-91aa-d807e308f1a4,             1, Season 1                      ," ""Superpowered individuals are recognized as superheroes", but in reality, abuse their powers for personal gain," information the public is kept unaware of.""                                                                                                                                                                                                                                                                                                                                                                                                                                                                                                                                                                                                                                                                          ", https://image.tmdb.org/t/p/w500/iikrapejulhIvbNgUjj468mUE0I.jpg                                                               ,         2019,                                           ,                   , 2026-04-12 05:11:42.29923+00 , 2026-04-14 02:59:10.065294+00,                                                        
faa402aa-9b64-47fc-8f5f-37e190fbb1fe, efb25d7d-11d3-4978-81da-966f8cb37d28,             1, Season 1                      ,                                                                                                                                                                                                                                                                                                                                                                                                                                                                                                                                                                                                                                                                                                                                                                                                                                     , https://image.tmdb.org/t/p/w500/lfhX0wuxS9KZYCJRub1J6Oav45x.jpg                                                               ,         2023,                                           ,                   , 2026-05-01 20:57:14.629345+00, 2026-05-01 21:59:19.898564+00, https://hubcloud.foo/drive/33ppaaazmjzz8i8             , https://hubcloud.foo/drive/ti1wgq8xfgggxyf             , 2.98 GB       , 6.9 GB
fb12ac46-5810-4abd-9c80-a84604d933df, b24c6629-7baa-4b92-8a9b-d8547aa85134,             3, Season 3                      ," ""The weather grows colder", food is scarce," and every day is more difficult than the last. Will the fight for survival force the residents of town to sacrifice the very humanity that sets them apart from the monsters they fear?""                                                                                                                                                                                                                                                                                                                                                                                                                                                                                                                                                                                                 ", https://image.tmdb.org/t/p/w500/sj64QEEb6JM1CdCfXHaIbA3WPx8.jpg                                                               ,         2024,                                           ,                   , 2026-04-20 10:05:06.206604+00, 2026-04-29 23:46:40.043052+00, https://hubcloud.foo/drive/ncc8dzsmizcd8zz             , https://hubcloud.foo/drive/zhjiziq3jajkidn             
fb48d1d5-bf19-47af-9530-a8646223e3ff, 87dd60b0-767f-4742-972c-5a6308de8d43,             4, Season 4                      , Doron and his former squad venture on a mission abroad when new enemies nursing old resentments strike at the heart of Shin Bet's operations.                                                                                                                                                                                                                                                                                                                                                                                                                                                                                                                                                                                                                                                                                       , https://image.tmdb.org/t/p/w500/vozllqaHYpeDgY24YmVhphqKhvj.jpg                                                               ,         2022,                                           ,                   , 2026-09-13 23:18:06.217963+00, 2026-09-13 23:18:06.217963+00,                                                        ,                                                        ,               , 
fc0a5370-ba8a-46d9-8689-d031549f5ee8, 4ae4ce4d-eda6-4935-82c2-3cb70ca34506,             1, Season 1                      ,                                                                                                                                                                                                                                                                                                                                                                                                                                                                                                                                                                                                                                                                                                                                                                                                                                     , https://image.tmdb.org/t/p/w500/5MbNy94ia4ZLf8OGtSfSjjlxxWN.jpg                                                               ,         2026,                                           ,                   , 2026-06-12 11:28:16.285755+00, 2026-06-12 11:30:43.897578+00, https://hubcloud.foo/drive/kh1k7zod6nqfhky             , https://hubcloud.foo/drive/nngcpgca24eyqg8             , 3.06 GB       , 6.76 GB
fc5d0421-0245-44e0-a02e-4fe4710e71cc, ede93384-bad7-464c-8f89-54312a4bea74,             1, Season 1                      ," ""Four unapologetically flawed women live", love," blunder and discover what really makes them tick through friendship and tequila in millennial Mumbai.""                                                                                                                                                                                                                                                                                                                                                                                                                                                                                                                                                                                                                                                                              ", https://image.tmdb.org/t/p/w500/1KpwoksxWuUzA6R7asUD5We7czL.jpg                                                               ,         2019,                                           ,                   , 2025-12-30 02:31:11.89489+00 , 2026-01-07 21:25:25.773068+00, https://hubcloud.foo/drive/wuh1wslvedg62oh             , https://hubcloud.foo/drive/3p2zs2bdmqppbq8             
fcd162d1-1f7e-49a1-b531-1c00ce8523a6, 35836d0d-3a19-42e0-a73d-ddec43b115c5,             7, Season 7                      , The long winter is here. And with it comes a convergence of armies and attitudes that have been brewing for years.                                                                                                                                                                                                                                                                                                                                                                                                                                                                                                                                                                                                                                                                                                                  , https://image.tmdb.org/t/p/w500/oX51n32QyHeFP5kErksemJsJljL.jpg                                                               ,         2017,                                           ,                   , 2026-05-14 07:33:53.1264+00  , 2026-05-14 07:50:58.196017+00, https://hubcloud.foo/drive/hpzgqliva1dvkv1             , https://hubcloud.foo/drive/_bn1st8xn8b3xh_             , 3.15 GB       , 6.6 GB
fdd3fc56-9711-4069-bf08-0b988fc51cb3, 02221c29-2645-445d-91aa-d807e308f1a4,             5, Season 5                      ," ""Homelander controls America through fascist terror", imprisoning dissenters in Freedom Camps. Butcher, Hughie," Annie and The Boys mount a desperate resistance against insurmountable odds to stop his tyrannical rule.""                                                                                                                                                                                                                                                                                                                                                                                                                                                                                                                                                                                                            ", https://image.tmdb.org/t/p/w500/in1R2dDc421JxsoRWaIIAqVI2KE.jpg                                                               ,         2026,                                           ,                   , 2026-04-13 01:33:46.050449+00, 2026-04-13 01:33:46.050449+00,                                                        
fe7e3ada-19f3-46eb-bd9b-da63ed02dc28, 51e9dc76-219b-4767-90e6-5047164b11cc,             1, Season 1                      ,                                                                                                                                                                                                                                                                                                                                                                                                                                                                                                                                                                                                                                                                                                                                                                                                                                     , https://image.tmdb.org/t/p/w500/s9WKig7nnQ8Fzz63Ayqi4hdZ4Gy.jpg                                                               ,         2026,                                           ,                   , 2026-09-12 17:00:20.614665+00, 2026-09-12 17:00:20.614665+00,                                                        ,                                                        ,               , 
fed0912d-e0fc-4f6e-a1c4-ca0e308b7604, 7626edbf-820e-43da-b390-ba1fcd2e9327,             1, Season 1                      ," ""Patrick Jane is a celebrity psychic whose wife and child are viciously murdered by an elusive serial killer called Red John. Devastated", Patrick admits his paranormal act is fake, renounces his earlier life and uses his astonishing skills of observation and analysis - talents that made him appear psychically gifted - to bring killers to justice. At crime scenes across California, Patrick now helps an elite team of detectives break their toughest cases. But no matter how many criminals he catches," Patrick never forgets his central goal: Find Red John. And bring him down.""                                                                                                                                                                                                                                  ", https://image.tmdb.org/t/p/w500/gs7BTjvDXFwASiN9XGzFihGPWx0.jpg                                                               ,         2008,                                           ,                   , 2026-08-28 16:34:35.04994+00 , 2026-08-28 16:38:39.609638+00
ff46c1ab-0d90-4850-8098-4984de7a2ce4, 9d6883e5-1bee-43c4-a187-441381d6f8ff,             1, Bada Naam Karenge             , Download Bada Naam Karenge (Season 1) Full Series in Hindi | HD (720p/1080p Quality)                                                                                                                                                                                                                                                                                                                                                                                                                                                                                                                                                                                                                                                                                                                                                ,                                                                                                                               ,         2025,                                           ,                   , 2025-11-15 15:06:19.727591+00, 2025-11-15 15:20:42.309083+00, https://hubcloud.foo/drive/w66dew6exw2wro6             , https://hubcloud.foo/drive/z1rukzjk21t9nr9             , 3.62 GB       , 8.16 GB
ffef9459-d4df-417f-92fe-f78420d6455d, 1b1c628b-7568-4b28-bb5f-2db9684c35e8,             1, Season 1                      ," ""The story begins with amusing attempts of twelfth-grader", Kunal, to woo his classmate, Tara. Kunal finally manages to propose to Tara and their love story begins. After his schooling, Kunal leaves Indore and moves to Mumbai to join a Naval College. Soon his sober life turns upside-down when Tara dumps him for someone else. In no time, Kunal turns into an alcoholic and chain smoker, and without taking admission in the naval college, he moves to a weird rundown room in Darukhana, spending days doing nothing but drinking, smoking," and missing Tara.""                                                                                                                                                                                                                                                           "
