id                                  , web_series_id                       , category_slug, created_at
0059538e-1744-471e-8772-5f1b3c00f132, 7c0c52f6-abd7-4758-8888-07166a291a05, dual-audio   , 2026-06-04 23:03:45.056418+00
00c75511-761b-4261-b32f-b6d5e89fa4a7, bf27f0e2-53c8-4bf3-8edc-403aa03e7f51, hollywood    , 2026-06-09 00:15:38.222725+00
00cbd393-bdcd-4f27-82ea-64e4a4c8cac3, b8f3df02-3a79-49ec-ae89-b236118654ea, dual-audio   , 2026-06-04 23:03:45.056418+00
012faa00-d0b1-47e8-a350-4e6828f904af, f970e969-3c88-467f-b755-90e2ccb9d3d7, family       , 2026-08-14 01:55:34.977881+00
015b85bf-c9d9-4bfd-a6ed-68600bcfae9b, 2a1e25e2-34e6-472b-aa35-2f939b0f5426, jiohotstar   , 2026-06-09 00:15:38.222725+00
018495ec-5582-44d9-9e0c-201abd1b8684, df977db6-020d-441f-a70c-e6f6c2464ea6, dual-audio   , 2026-07-03 16:18:28.997447+00
018af410-e0df-4a12-b09c-73c51dffbf70, 87dd60b0-767f-4742-972c-5a6308de8d43, trailer      , 2026-09-13 23:18:06.849507+00
023241c4-6acc-4988-9a60-8470999b0a95, 72473799-16d5-45e4-a391-3a1c6d8fbcae, trailer      , 2026-06-09 01:00:15.366998+00
02a8f6bb-b1b2-4684-8fa9-163b8950cbe8, 1d4c1705-f497-45df-afe3-010f05361758, hd           , 2026-06-04 23:03:45.056418+00
02ed9c3c-d643-40ce-afa3-0a2454bce0f3, 2f25d48e-f17c-4384-a307-1c9cdcf42721, hindi-dubbed , 2026-06-09 00:15:38.222725+00
03071f92-f6bd-495e-abff-57c0eb41156c, 755b4907-ca6b-41e7-aac7-4fba694032df, trailer      , 2026-08-29 05:33:36.305553+00
03364562-12ba-42a4-8120-b1c3e2e42c92, 62ef59e1-bac7-40f2-a0ec-64e098f2fcce, malayalam    , 2026-08-04 09:03:42.268642+00
034d8b22-0023-4fe3-861b-d43d537956d8, 72a60fac-5606-419e-b8a2-f44f50a18408, trailer      , 2026-06-04 23:03:45.056418+00
036f4999-25d0-481f-910b-64a48c30f57f, 7d62b434-0e69-407d-9ea4-ff0c62aae7c3, trailer      , 2026-06-04 23:03:45.056418+00
0385c0d1-cb95-444b-bb3d-1246d80edb18, 2a1e25e2-34e6-472b-aa35-2f939b0f5426, bollywood    , 2026-06-04 23:03:45.056418+00
03cb68a2-933b-4339-9964-f3240ed82641, ea538a38-da48-461c-ac96-eb64cf8e6d2e, bollywood    , 2026-06-09 00:15:38.222725+00
03e178cb-36d5-40a6-b140-697438bda6b1, f970e969-3c88-467f-b755-90e2ccb9d3d7, drama        , 2026-08-14 01:55:34.977881+00
0434c965-a815-4592-9bcc-cc6b81e2b2ab, e03024e1-f518-42ce-a24f-31cda3bebe70, bollywood    , 2026-06-04 23:03:45.056418+00
0456c1fb-e8d9-4352-8d8a-938567828ca6, c49d7610-6377-4044-8375-84b03781d3f6, hindi-dubbed , 2026-06-09 00:15:38.222725+00
0467c4b2-2e03-4d6c-b89b-8902df7dc9c6, 4ae4ce4d-eda6-4935-82c2-3cb70ca34506, mystery      , 2026-06-12 11:28:16.107582+00
0475540d-3cc7-4bbb-a370-501641c897b9, 16b92d6b-919d-46ff-abf4-1c4586c99a33, trailer      , 2026-09-17 18:02:34.527391+00
0504bb0f-6ca0-42c7-891e-7c52e1dd2f3c, 4091603b-0e66-46de-921c-92f62032a3eb, hd           , 2026-06-04 23:03:45.056418+00
05069f1e-242b-48dc-aef8-a0731518f559, 26145ba2-4653-442d-9b59-83afd588125f, trailer      , 2026-06-04 23:03:45.056418+00
051504bf-9005-4af4-9b6e-002119f4755b, def0634a-1ee7-475a-8896-63acd8d19234, netflix      , 2026-06-19 06:56:10.721916+00
051b18bb-94e6-4d07-a6a7-3670d12adf9c, 440ae2b7-215c-4f62-9db3-0530ad58668b, bollywood    , 2026-09-12 16:49:40.165677+00
056eb856-86c5-4a67-8d38-8e663d623bb9, c138df82-b65d-456b-b928-623446a24774, hd           , 2026-06-04 23:03:45.056418+00
05c89643-d191-4a1d-8dcb-1a32e2d4bfc5, 0d807c12-c74c-4c24-bbd5-4e2b8c8c3730, drama        , 2026-07-23 02:43:18.736572+00
05d9a434-3a89-480c-8992-e8083c0023cb, 1ff581b9-670f-49f9-a11a-cddfb3dfa829, hollywood    , 2026-06-13 11:14:37.6578+00
05f1ad32-7e37-421a-8265-d1f5663da66a, 7d8f7e22-3e9b-4386-a88c-0203f81be1ed, korean       , 2026-06-27 11:44:59.471973+00
064bb640-9d67-4864-af67-6e8e4a1de2a9, 42de4746-5199-4b0c-9a5f-4df2cd20d040, hindi-dubbed , 2026-08-07 19:54:00.790695+00
0698a73c-3033-42e2-b0d4-f9f1d6f2496f, 8de935dc-3b46-45ed-84b7-7292346b9c46, hollywood    , 2026-08-17 07:29:08.085814+00
06c07dbb-2915-4e6d-9441-854edcd00dcf, 8117df31-7890-4bdf-8997-f3d15833a6a5, trailer      , 2026-09-17 18:09:21.13197+00
071e40d1-ac21-42ba-9207-de1c7ef62607, ed5fe48c-f51e-4b15-8010-2bdbcf01586c, dual-audio   , 2026-06-04 23:03:45.056418+00
073c029a-f3bd-406d-8948-6913930615f0, 69b2d8b2-f874-41ce-bb56-156780abccea, dual-audio   , 2026-08-06 13:19:55.065466+00
07665804-b40d-4c13-bcad-734fdc7c8b7d, b88d42a0-c31a-481f-858c-955078ad4cb4, telugu       , 2026-07-03 16:15:04.657317+00
07944d65-c891-4847-a4cc-641283fe7ceb, 8e7cc07c-ac93-46f6-8f3c-44c0887f2790, bollywood    , 2026-06-04 23:03:45.056418+00
07b6b2ca-70c6-4154-bc16-e8af797e966b, d3aee31c-f0ce-4187-add5-6b520d7449c8, hollywood    , 2026-06-09 00:15:38.222725+00
07d2f683-f987-42d8-a36f-f34804f19e97, 377294fa-9cb6-45a9-ad8d-efacdbad0097, korean       , 2026-06-09 00:15:38.222725+00
080edfa8-3e93-4a21-8794-8b14efa5fe3a, 4022077b-40ed-4d09-b1ad-ecc45124a99b, trailer      , 2026-06-04 23:03:45.056418+00
084b9cc3-94e5-415a-aeeb-040d8dc1c286, e821eddb-021d-4e93-a97e-7ea625005e58, action       , 2026-06-13 11:14:31.079782+00
08668ed8-0950-48ae-bcb1-0abb544d1bc8, 8de935dc-3b46-45ed-84b7-7292346b9c46, hd           , 2026-08-17 07:43:17.530186+00
089196a3-bace-498a-83fe-0b39d60fa93f, 4022077b-40ed-4d09-b1ad-ecc45124a99b, hd           , 2026-06-04 23:03:45.056418+00
08c36af9-2ee3-4098-84cf-8af43c6b2e01, 03a9531b-221e-459a-8464-815356d5cd03, hindi-dubbed , 2026-06-09 00:15:38.222725+00
08c4592c-7b07-4ab8-a6a6-e89a16e55e12, 6ac1c6c9-1f3b-40eb-9a75-c130b4935dd5, trailer      , 2026-06-04 23:03:45.056418+00
0928fdc1-45b2-45fb-88b5-12d9a4418b04, 715c3d79-e4ea-4fad-bb8a-c638e65ce944, trailer      , 2026-06-04 23:03:45.056418+00
098b6a7a-0d57-4eb6-bd05-c57eb2f4bdc5, 6ac1c6c9-1f3b-40eb-9a75-c130b4935dd5, hindi-dubbed , 2026-06-09 00:15:38.222725+00
09d19a94-e0d0-4c49-aaff-e6072d76c1a5, e8c551cf-df8b-421c-a55b-ac661835c0b1, bollywood    , 2026-06-04 23:03:45.056418+00
0a01c2d6-bbd7-4a8a-9540-bc59aca21473, 5fcb4a48-1e95-4ca4-91b3-81a80c1b3f0f, amazon-prime , 2026-08-07 18:26:58.577082+00
0a23386c-76a2-4e5f-94a7-5f6254e60f27, 19a21f42-9c3f-4ca8-a73b-37313652a04d, hollywood    , 2026-06-09 00:15:38.222725+00
0a43388b-9e73-4be8-8112-d445ca427fd8, b472913f-230d-4ed9-b4e6-a87d44d84a69, hollywood    , 2026-06-04 23:03:45.056418+00
0a886b31-589b-43a3-b440-f315a2a077cd, 4091603b-0e66-46de-921c-92f62032a3eb, hollywood    , 2026-06-09 00:15:38.222725+00
0a8f5e88-cf0e-44ab-bc19-6e38d1cfe3e8, 20c6adef-a7f5-4b5c-93fe-3f702f353022, japanese     , 2026-06-09 00:15:38.222725+00
0ac03cbc-ba78-400f-827e-f6494e1ce7ba, bab05b70-bb3c-40c9-9347-7b61d6e3580e, bollywood    , 2026-06-04 23:03:45.056418+00
0b247524-d0b1-4a93-8dd2-56b2afeed034, 46afe60d-84b1-4b08-b5f5-94de0f4823eb, bollywood    , 2026-09-12 16:49:38.930959+00
0bb0e5dc-8aab-4e15-a7ea-3c13b0817558, 27de0935-fe37-4084-a7e5-0dc458dff5dd, hollywood    , 2026-06-09 00:15:38.222725+00
0bd5321f-a651-4b03-a102-736887a1ba96, f5e3fb21-fed4-4b3b-b5a0-6f70416d607c, hollywood    , 2026-08-04 09:02:48.897538+00
0beb1d7e-64be-4316-a345-8dc739c53cbf, 88368e87-b3f6-414d-9c01-30976ed1798d, hollywood    , 2026-06-09 00:15:38.222725+00
0bec4aa0-9456-4a83-bae6-68b05370952a, 98472ff1-4f89-4c81-a82d-5ceb3c0dd49b, jiohotstar   , 2026-06-09 00:15:38.222725+00
0c02f341-d634-412f-9061-b0571945c902, c49d7610-6377-4044-8375-84b03781d3f6, hd           , 2026-06-04 23:03:45.056418+00
0cf0baa7-d251-4c8d-b85b-1c0ee0f046be, c138df82-b65d-456b-b928-623446a24774, hindi-dubbed , 2026-06-09 00:15:38.222725+00
0d2c5e85-8a49-4e4c-bfc5-3c50e0d5c042, 6e93fc6e-d6c5-4ac4-9339-e7f074dfe5ee, amazon-prime , 2026-06-09 00:15:38.222725+00
0d315ac9-d2f4-449c-86a1-0714f6c0a99b, 2b4664cd-3ef5-4ffe-9050-38c9f782cec3, hollywood    , 2026-06-09 00:15:38.222725+00
0d44834b-b819-4164-a7ca-edf35ff54a46, 19a21f42-9c3f-4ca8-a73b-37313652a04d, trailer      , 2026-06-04 23:03:45.056418+00
0d7de8c6-2143-4704-83bb-7e0e29659259, ba675d13-e1a9-4e4f-b9b9-b2f6df7b1e23, adventure    , 2026-06-25 17:02:23.523512+00
0dc427ea-e2d3-4262-9b42-df9da643656e, cd5c6c41-f422-4b7a-8f24-e2a6216b64ad, hindi-dubbed , 2026-06-09 00:15:38.222725+00
0ed7f350-d45c-40df-b9fd-d192c34baf9a, 3d7043f5-dc1e-44eb-a753-226a9f26626b, malayalam    , 2026-06-09 00:15:38.222725+00
0edbb1dc-0466-4b75-af87-f60bc4eaa01f, 6e93fc6e-d6c5-4ac4-9339-e7f074dfe5ee, bollywood    , 2026-06-04 23:03:45.056418+00
0f8e7dcf-f746-48e5-b876-78c1dd02b359, 56de28be-bbde-4cb4-830c-d7817b779336, dual-audio   , 2026-06-04 23:03:45.056418+00
0f95a39d-bcee-4e7d-b90b-d33053c303d0, 435d747d-63b7-47c2-bfe8-7d63f048b372, comedy       , 2026-06-27 06:42:16.551818+00
0f9872c1-fe5d-4101-b7f9-ad7898b4e45a, 450644bd-f0ec-4ea0-8c81-7fb7258214c2, bollywood    , 2026-06-04 23:03:45.056418+00
0fd63e32-3b07-4440-b713-2ce8faa99fad, b24c6629-7baa-4b92-8a9b-d8547aa85134, amazon-prime , 2026-06-09 00:15:38.222725+00
0ff43088-5ec6-47c5-a1d3-ef36bb094c85, 475c49ce-3b40-4268-a366-82f0b97879ca, dual-audio   , 2026-08-06 13:32:47.328915+00
0ff4ba83-a470-4954-8ebe-7e8971f8126a, e821eddb-021d-4e93-a97e-7ea625005e58, hindi-dubbed , 2026-06-13 11:14:31.079782+00
1084af9e-9c00-4087-ab68-bd824f964126, 88368e87-b3f6-414d-9c01-30976ed1798d, hindi-dubbed , 2026-06-09 00:15:38.222725+00
11318261-e7c1-4ff1-a283-61fd6a98ab28, 76e2d952-0194-4796-9be5-b8036bdbd2ec, hindi-dubbed , 2026-06-09 00:15:38.222725+00
121c74ca-d5b0-4042-acb9-94bec4fee6d4, 9eca62bc-2bef-417a-930e-97631910eb97, trailer      , 2026-08-29 06:07:30.196339+00
1294b568-d36b-4676-8f78-2d75162d066a, fca6d04b-1d23-4748-9b19-012de9845d78, bollywood    , 2026-06-07 19:50:26.635884+00
1303383c-c236-4207-8da3-270990551aa5, 04ea18a2-920d-4ab1-8e66-2cd63e0cad64, hollywood    , 2026-06-09 00:15:38.222725+00
13bf829d-7658-4660-8533-d1eaa2204815, 5ab5a27f-8679-4b6c-b884-40202302afa9, netflix      , 2026-06-09 00:15:38.222725+00
13cdf65b-61e8-4d9c-8826-0e5c046b6a50, a4d7688c-c39d-495f-a95b-9af0c79a853e, bollywood    , 2026-06-04 23:03:45.056418+00
16471715-f883-4243-9756-2f1f60f56227, 1d4c1705-f497-45df-afe3-010f05361758, jiohotstar   , 2026-06-09 00:15:38.222725+00
16ff034c-90ee-4cf0-ad89-1e613904c4f4, 28f1c8e7-02f1-45c6-bc22-3aee2a4d0145, trailer      , 2026-06-04 23:03:45.056418+00
17606caa-a22f-4261-9969-045598836664, 952ff658-0fb5-49bc-a9ba-c02c6b6ee1ad, hindi-dubbed , 2026-06-09 00:15:38.222725+00
1776c0d9-df5f-4ed4-aed9-47d9571e951f, a44e4c25-ae19-442c-94e8-47b4246121f8, trailer      , 2026-08-26 23:05:46.189139+00
17addb9d-e307-4f05-9c60-f3613d1bc439, 16b92d6b-919d-46ff-abf4-1c4586c99a33, hollywood    , 2026-09-17 00:23:59.384913+00
18069d0f-3188-4af9-8d32-26660fd8de24, 7408a1ec-8192-46fa-98b0-3756186922b4, hollywood    , 2026-06-09 00:15:38.222725+00
1853279e-9849-4a5c-87b9-f3ee79f489cd, 2b4664cd-3ef5-4ffe-9050-38c9f782cec3, trailer      , 2026-06-04 23:03:45.056418+00
1880a9a8-6128-439e-8f6a-79f0da919b07, d14d36f8-8b1c-4b0e-9489-368eadbc2f68, drama        , 2026-08-21 02:00:03.535215+00
18dbed31-1a4f-4c74-b817-18203b4ec41b, d3aee31c-f0ce-4187-add5-6b520d7449c8, trailer      , 2026-06-04 23:03:45.056418+00
18f461d2-f667-4ac5-abe6-e836bfe63f74, 5ae2583b-7181-4a06-9a3a-9843afa742e6, crunchyroll  , 2026-06-09 00:15:38.222725+00
194e8c54-c6a4-4258-83d5-e92ca1eb0b28, f101231b-5afc-4b73-891a-ee4c5e717222, trailer      , 2026-08-17 07:45:09.283269+00
19752ee9-0060-47c0-aa42-dbd5676dc26a, 9867e5ff-f25b-4754-ac2e-c05eff7f6e84, bollywood    , 2026-06-04 23:03:45.056418+00
19aa4fcc-43db-4e01-8fb1-3c009f272175, ecd03f37-9d72-42cf-b1eb-73dfd6bc7c77, dual-audio   , 2026-06-04 23:03:45.056418+00
19d7b4e3-5264-4d22-9b94-b49d8d249a51, b27dc156-f6c5-4dc9-b90f-3113b9d231f1, dual-audio   , 2026-06-04 23:03:45.056418+00
1a6afb64-08d7-470a-a765-38342d87be6b, 20ffca1e-57a4-4058-8a58-d3416fd2f98f, drama        , 2026-08-21 13:13:48.635315+00
1ae7be10-6c52-4043-b340-b5e687c8ef14, 5e0bce29-10fe-4286-8085-f681a158910d, hd           , 2026-09-17 18:14:07.321499+00
1af1bbf1-fc62-4bd3-8395-ca810b9f295a, 70644fac-d048-403f-b789-7465d5721dd5, hollywood    , 2026-06-09 00:15:38.222725+00
1b14e0cd-1209-48b1-b10b-f7c070cbf1c2, 32ec54f9-5144-4f1f-8530-d873c9fb85a2, hindi-dubbed , 2026-07-19 00:07:27.874331+00
1b9bc4d8-17eb-4a84-ba98-60a5fe71b221, e7913254-52a2-4a54-8f19-cbd103373a74, drama        , 2026-08-09 03:43:26.992166+00
1ba7acd7-e97c-4834-b2b2-77cf394028e3, bf27f0e2-53c8-4bf3-8edc-403aa03e7f51, hindi-dubbed , 2026-06-09 00:15:38.222725+00
1bbd379d-2765-4cbd-85c4-1907a687850d, ff09f11c-aa52-4b84-98a1-924ea1f0a077, dual-audio   , 2026-06-04 23:03:45.056418+00
1c137ac2-3bf6-4d8d-a9f3-6ece601458a3, b88d42a0-c31a-481f-858c-955078ad4cb4, trailer      , 2026-07-03 16:15:08.292506+00
1c64a506-03be-4372-84ad-35d5dd970aff, 9eca62bc-2bef-417a-930e-97631910eb97, hd           , 2026-08-29 06:07:30.196339+00
1c748186-360d-4e3b-aa3d-a3ea176c3b17, 92d7266b-0364-4431-be90-1883b338822e, hd           , 2026-06-04 23:03:45.056418+00
1c9503f2-c5a0-4c9b-b3ed-83419cdff276, fe01848f-f896-4d79-8d11-f2d668a9a788, hindi-dubbed , 2026-06-09 00:15:38.222725+00
1cd4234a-3512-4615-aa8c-9d06eb705ee8, 30100030-4b0f-4b90-8caa-84491a782c2b, bollywood    , 2026-06-04 23:03:45.056418+00
1d050d52-faf3-4fc0-8311-98e1e8a4f310, 49a266c2-c4dc-4a30-804b-8b29197c1eec, hd           , 2026-06-04 23:03:45.056418+00
1d11e133-26dd-46e7-b218-5b4ab7b62157, 941105b5-4bf6-4ff7-8866-1e50b242befe, trailer      , 2026-06-04 23:03:45.056418+00
1d2d31c0-1916-46dd-91bb-782f36a275b0, bf27f0e2-53c8-4bf3-8edc-403aa03e7f51, trailer      , 2026-06-04 23:03:45.056418+00
1d369d12-58f5-449e-85f2-257e74995582, a19bb686-e4d7-491d-968c-3c930462fb43, hd           , 2026-06-04 23:03:45.056418+00
1d96a32b-78dd-4491-90f9-c28e02b2bcd6, 13b2b136-b027-4100-9786-f6a59a8c95d1, tamil        , 2026-07-03 16:12:19.477697+00
1dbb04cd-f73f-42cf-aed1-c3f28877093d, 1a8eabfd-0e1c-44b2-a67f-955ccc93843f, hd           , 2026-06-04 23:03:45.056418+00
1dbc41c7-2be1-4d75-80c3-cf1ffc2a2f22, 78ab7224-0ce0-40bd-b25d-d5714b6f8b34, hollywood    , 2026-06-09 00:15:38.222725+00
1e3a09db-2799-4f06-ae13-44a89a6a39af, 4091603b-0e66-46de-921c-92f62032a3eb, trailer      , 2026-06-04 23:03:45.056418+00
1e991b1b-a0a1-4fe6-80c7-099ebf17bc6f, 8de935dc-3b46-45ed-84b7-7292346b9c46, mystery      , 2026-08-17 07:29:08.58907+00
1eb04007-1102-4fdd-9f66-9bb10b0ee1d9, 7a36ca12-7ab9-468b-a0b5-ab9dc4db6bde, hindi-dubbed , 2026-06-09 00:15:38.222725+00
1f05db57-67b8-44ac-bdf1-f958c2930c09, 0a1d5452-1e63-4794-b5a6-013a70f6b39f, hollywood    , 2026-06-09 00:15:38.222725+00
1f7b4ca9-7507-4b17-be6c-45ee8616adcf, 83136214-8b26-4923-bb19-4f0fec5017b0, netflix      , 2026-08-09 03:40:42.08775+00
1fb54881-ca3c-4b06-9e49-0fe32e9f2ade, 90455827-6e07-488d-9948-f3b6d13f501f, hollywood    , 2026-06-09 00:15:38.222725+00
1fc3646a-98f3-4b34-9b79-ea05382ece9b, 1ff581b9-670f-49f9-a11a-cddfb3dfa829, hd           , 2026-06-13 11:14:37.6578+00
1ffecaca-f6b5-4de4-b411-c0bf70899aaa, 7408a1ec-8192-46fa-98b0-3756186922b4, hd           , 2026-06-04 23:03:45.056418+00
200d948c-0443-4d4b-9b66-0435b2507208, 7626edbf-820e-43da-b390-ba1fcd2e9327, drama        , 2026-08-28 16:34:34.744866+00
203e6a82-9827-419c-aef8-1f8a989e5cf4, 76e2d952-0194-4796-9be5-b8036bdbd2ec, hd           , 2026-06-04 23:03:45.056418+00
2073ec02-8f1b-45aa-84f5-fdb4412c61e5, 83136214-8b26-4923-bb19-4f0fec5017b0, drama        , 2026-08-09 03:40:42.08775+00
208d639f-c9e7-47fb-bd0c-cbf4c8f46880, ace92904-adb4-454f-ada2-e5ac2469afb3, trailer      , 2026-07-11 20:18:56.72366+00
20e88df5-812b-4e4d-ac93-c874d98ed454, b27dc156-f6c5-4dc9-b90f-3113b9d231f1, trailer      , 2026-06-04 23:03:45.056418+00
21221c3e-dea7-4a54-8f17-2cdf68eb94cd, 601d1d9f-9c38-48a3-8e09-d32f16e52e06, trailer      , 2026-06-04 23:03:45.056418+00
2124e5a2-615c-467f-995d-b8452b9e7b09, 7d115252-cb74-409a-9da5-24ba96ec7279, drama        , 2026-07-31 06:02:20.043696+00
2150851a-f5e5-41e5-8b89-59d45b62aafe, eb9b7e74-32a6-4ef8-be69-173fb73a7ca0, trailer      , 2026-06-04 23:03:45.056418+00
215b56ff-7753-4160-a637-a164532b035b, 1c0fa1bd-e6c1-44d1-af32-372d3a3dc9e6, netflix      , 2026-06-09 00:15:38.222725+00
21847254-c216-4f9f-8bab-ad52a0d155a8, df54e4d7-c368-40fa-9b8e-df6af7f3b420, hd           , 2026-06-04 23:03:45.056418+00
21da8f6c-b6cd-4542-890d-835f1e0db429, 076d2c4e-b823-440c-af91-66260f6b373a, hindi-dubbed , 2026-06-09 00:15:38.222725+00
22032915-2984-4d32-9a96-ca0aa80acbea, 403edaa0-599c-4912-8928-eeb11144764f, dual-audio   , 2026-07-13 21:00:04.086748+00
220939a6-bf54-4ed9-8c9c-3c8a4ed220ee, 68048b2a-23d3-42ff-bb33-fba19c6a609b, mystery      , 2026-08-06 05:44:42.254413+00
222457a4-3a50-4024-94e7-39ef6c44a43e, 5ae2583b-7181-4a06-9a3a-9843afa742e6, hindi-dubbed , 2026-06-09 00:15:38.222725+00
22835f34-4a67-4baf-8890-cb24c365d58a, 1ff581b9-670f-49f9-a11a-cddfb3dfa829, drama        , 2026-06-13 11:14:37.6578+00
22bf9c26-2294-478b-b3b9-ec3e00fbbc34, 5ae2583b-7181-4a06-9a3a-9843afa742e6, hd           , 2026-06-04 23:03:45.056418+00
23021844-0b98-4647-9f00-3ee78bc5ea24, 689d4081-7e07-43b3-8a50-d65e0008c788, hindi-dubbed , 2026-07-07 14:33:00.225245+00
231623b0-2f96-4a0d-b124-992d01b9e8ca, 3a89c539-3020-4607-8f1c-152504294a1e, amazon-prime , 2026-06-09 00:15:38.222725+00
23aee0bc-2e28-4470-ae1b-25be55e9949b, 68960430-8965-4953-88c1-a1c8b1b26722, hd           , 2026-08-26 12:54:14.099735+00
23e67284-a21e-4369-848e-c6869b11c35c, e7913254-52a2-4a54-8f19-cbd103373a74, korean       , 2026-08-09 03:43:25.948619+00
242f969e-4377-4ac0-9ecc-ac85c73710fc, e5875f34-1378-4c2f-be76-aab98750f553, bollywood    , 2026-06-04 23:03:45.056418+00
245ac2a0-f99c-4f56-b8a0-efb90a10f57c, e9d3760e-3188-4d88-90bd-da05714643b6, trailer      , 2026-09-12 17:00:56.867566+00
24d2836a-757d-4088-a1d7-ecf847670bef, 423d6a4e-a0d1-4ffe-bc8a-abb10fc11310, drama        , 2026-07-16 06:40:58.686174+00
252dbb7b-3c65-49d9-b6e6-65a9f72a14a8, 9fdfe89a-5ace-4ce7-ad6a-b610c16d1af8, bollywood    , 2026-06-04 23:03:45.056418+00
25649d17-e6b2-4c60-9f35-ccde69a0e0d0, 19a21f42-9c3f-4ca8-a73b-37313652a04d, hindi-dubbed , 2026-06-09 00:15:38.222725+00
25cbee88-2be0-4739-849c-ab6e86cca37d, 4af87265-7b38-42c2-81cf-bdd7de90d139, amazon-prime , 2026-06-09 00:15:38.222725+00
25d8c848-f64f-42c1-9a5c-1daaca139ddc, 9c543037-e915-491d-b424-614e4ff7ae94, dual-audio   , 2026-06-04 23:03:45.056418+00
25fe72ab-dfa0-4b79-8f88-6beda17a2ad5, c49d7610-6377-4044-8375-84b03781d3f6, trailer      , 2026-06-04 23:03:45.056418+00
2634e9ec-b039-486b-883e-dbd8399a7e38, 20c6adef-a7f5-4b5c-93fe-3f702f353022, dual-audio   , 2026-06-04 23:03:45.056418+00
265be7ef-5b01-468f-829e-26e9fbcc4f4e, 7d62b434-0e69-407d-9ea4-ff0c62aae7c3, hd           , 2026-06-04 23:03:45.056418+00
26b36fd2-bc6f-4196-ba29-33cc903aeaea, e03024e1-f518-42ce-a24f-31cda3bebe70, hd           , 2026-06-04 23:03:45.056418+00
26cd6de4-6931-4494-b380-f53ed85cad0f, 35836d0d-3a19-42e0-a73d-ddec43b115c5, hindi-dubbed , 2026-06-09 00:15:38.222725+00
27199432-2a04-4340-8952-f54d540ee844, ba675d13-e1a9-4e4f-b9b9-b2f6df7b1e23, family       , 2026-06-25 17:02:23.523512+00
27334fc9-cfba-4319-b073-fe33d08810e2, 04ea18a2-920d-4ab1-8e66-2cd63e0cad64, amazon-prime , 2026-06-09 00:15:38.222725+00
273ca266-b987-4fea-96c4-6f2d2aa0ae5d, d7830f54-c370-4dae-be8f-b1c688bc367d, trailer      , 2026-06-04 23:03:45.056418+00
27675b19-ac81-4dd7-b64e-d6da45a3248d, a44e4c25-ae19-442c-94e8-47b4246121f8, bollywood    , 2026-08-13 14:11:26.539977+00
279e7315-e93a-4053-8c3a-bb554ea34833, 8494b67e-4488-435b-87b2-65cce3217a82, bollywood    , 2026-06-04 23:03:45.056418+00
27ecf31a-3f9f-4f7d-8b07-7b7a0acfffb7, 1da3af44-0d70-4987-866c-282bf06193ab, bollywood    , 2026-06-04 23:03:45.056418+00
287cc7fd-5050-49c2-943f-4ed242dfc7e5, fca6d04b-1d23-4748-9b19-012de9845d78, trailer      , 2026-06-04 23:03:45.056418+00
28b76c94-a286-4d68-9706-9d061f958c4c, b27dc156-f6c5-4dc9-b90f-3113b9d231f1, hollywood    , 2026-06-09 00:15:38.222725+00
2902d68f-73dd-45b4-970a-445993c90e22, e66bcb49-3e7a-4182-a128-7d06eb4a2819, hollywood    , 2026-06-09 00:15:38.222725+00
292074a6-fabb-4736-b243-f95c02abbccf, 475c49ce-3b40-4268-a366-82f0b97879ca, drama        , 2026-07-19 00:06:27.721539+00
295f9941-2408-4b65-9858-6a5893f147e5, 81684038-b418-400d-bc24-79cac51ad661, bollywood    , 2026-06-04 23:03:45.056418+00
2991bbfd-ab3b-4b98-a96e-d0251def8c2e, f5d178b9-bf79-4d2f-a8b3-fed764eb8471, trailer      , 2026-06-09 01:04:35.069037+00
29f3f286-65c5-4eda-b52c-645d8fc86631, 26145ba2-4653-442d-9b59-83afd588125f, hollywood    , 2026-06-09 00:15:38.222725+00
2ad7c755-8d6c-4a6a-9f1c-7273b5522baf, b3279048-970b-4055-a379-ebd04a048b45, crime        , 2026-06-20 07:57:55.053039+00
2bfc31a9-b7ff-4e91-a5a1-a75e79e6bf5c, 7626edbf-820e-43da-b390-ba1fcd2e9327, netflix      , 2026-08-28 16:34:34.744866+00
2c14ac47-00de-46de-854d-4420744bd75d, bf27f0e2-53c8-4bf3-8edc-403aa03e7f51, hd           , 2026-06-04 23:03:45.056418+00
2c2e00fb-c695-41a9-aa7c-e0de7635dd8d, ff09f11c-aa52-4b84-98a1-924ea1f0a077, trailer      , 2026-06-04 23:03:45.056418+00
2c69230b-9788-4679-bd7d-ed83d5b28fe9, b6bc15f8-f5d9-4a94-b6a7-e7afef6231a2, hollywood    , 2026-06-09 00:15:38.222725+00
2dfbc86c-939e-47d8-90a9-1cf7d778a0a6, 666deca2-dec0-4f9a-bd66-3d65a2542c67, drama        , 2026-07-24 14:57:45.864959+00
2e0ab10f-c34c-42d2-b42d-4dbb0d5ea201, 1ff581b9-670f-49f9-a11a-cddfb3dfa829, crime        , 2026-06-13 11:14:37.6578+00
2e5080e7-e203-4a22-ba87-8923cd65fd74, 9c543037-e915-491d-b424-614e4ff7ae94, hindi-dubbed , 2026-06-09 00:15:38.222725+00
2e5a7b87-ffb8-4f12-9f82-ceaff1d20da7, 70644fac-d048-403f-b789-7465d5721dd5, dual-audio   , 2026-06-04 23:03:45.056418+00
2eac3189-beee-4495-926c-5950bea6282a, 03a9531b-221e-459a-8464-815356d5cd03, dual-audio   , 2026-06-04 23:03:45.056418+00
2eb2d732-f584-4927-89a7-73a175a86681, 1da3af44-0d70-4987-866c-282bf06193ab, hd           , 2026-06-04 23:03:45.056418+00
2ebdab29-7007-4788-b7f4-6e27631885cd, 1d4c1705-f497-45df-afe3-010f05361758, hollywood    , 2026-06-09 00:15:38.222725+00
2eeb3734-db92-418d-851a-0becd4a57a3d, 13b2b136-b027-4100-9786-f6a59a8c95d1, crime        , 2026-07-03 16:12:20.626049+00
2f0a8829-c512-4c31-85e4-2f1d48bbf317, 68960430-8965-4953-88c1-a1c8b1b26722, crime        , 2026-08-13 12:07:26.405196+00
2f1525dc-c9e8-4b96-8fc8-d4e7dff1cbaa, dee61461-85ff-476a-96e4-06739f167c96, hd           , 2026-06-04 23:03:45.056418+00
2f22b9b2-3e41-4f4b-a205-be2c38aaa058, c9e4afdd-d2f4-4fad-8181-69bbc91cec9f, hd           , 2026-06-04 23:03:45.056418+00
2f447e14-da88-47cf-9b7d-d8f58046f0af, 9ffc366f-fa6f-4e1d-be04-20effd6fe78e, bollywood    , 2026-06-09 01:36:33.394628+00
2f469719-b7dc-4746-a055-1381edfae58d, 4af87265-7b38-42c2-81cf-bdd7de90d139, trailer      , 2026-06-04 23:03:45.056418+00
2f65afc0-47d9-4e11-8b51-c7b0f12dd36b, e821eddb-021d-4e93-a97e-7ea625005e58, netflix      , 2026-06-13 11:14:31.079782+00
2f6c9ca3-dfe8-4027-8a8a-c33dd38e9a82, 2541320c-757e-470e-b08d-239ff40118be, trailer      , 2026-06-10 09:57:59.686211+00
2fafb789-f3e1-4ac4-bbcf-67b81a2b387e, b56cc77b-ae85-470e-84fb-55729cd101bb, amazon-prime , 2026-06-09 00:15:38.222725+00
3023664b-3829-47a8-81bf-272a30fee241, 07d30f2a-ae45-4ad4-b9ea-52f4f90c3416, amazon-prime , 2026-06-09 00:15:38.222725+00
309f9060-31f9-4bd4-ad23-c02df6d07409, f101231b-5afc-4b73-891a-ee4c5e717222, documentary  , 2026-08-17 07:45:09.934215+00
30c35acf-964f-46e1-bb02-4ab7d5fe8a8a, fca6d04b-1d23-4748-9b19-012de9845d78, hindi-dubbed , 2026-06-07 19:50:26.635884+00
312435f5-5031-4897-9102-ee63cd7b8372, b398dddd-f929-4b6f-af71-38b2c44d7828, korean       , 2026-08-29 05:22:53.982954+00
31a643df-0e47-44e3-9668-691357f2e7e0, 041a15c8-e06c-48a1-ab3b-c7533f7e1032, hollywood    , 2026-06-09 00:15:38.222725+00
31bd61be-a53b-481f-9152-97592a6e74ba, 5fcb4a48-1e95-4ca4-91b3-81a80c1b3f0f, crime        , 2026-08-07 18:26:58.577082+00
31d41e52-5616-4daf-aef9-1ab641f29df0, 689d4081-7e07-43b3-8a50-d65e0008c788, sci-fi       , 2026-07-07 14:33:01.178268+00
3228c8c5-6a04-4f30-b5c2-59d3ea4fe7f6, 04ea18a2-920d-4ab1-8e66-2cd63e0cad64, trailer      , 2026-06-04 23:03:45.056418+00
32745580-5cb2-42c2-ba33-03e5a41f8715, 7cc014ee-2a24-4969-b567-41061b455189, hollywood    , 2026-06-23 16:11:52.486348+00
32aad296-4050-4fb5-acec-791f8675fa7f, 27de0935-fe37-4084-a7e5-0dc458dff5dd, hindi-dubbed , 2026-06-09 00:15:38.222725+00
32c37af7-eb03-4f43-910b-ff7aa1f1ce2f, 67433e42-fa4c-4896-a56a-f763533d28c3, drama        , 2026-08-22 11:00:16.650572+00
32dc7973-14a6-4397-96f5-261fc1ec528e, 1b1c628b-7568-4b28-bb5f-2db9684c35e8, drama        , 2026-07-14 18:03:49.277499+00
32ea20d4-4ed0-4f54-b94b-f464b686c145, b24c6629-7baa-4b92-8a9b-d8547aa85134, dual-audio   , 2026-06-04 23:03:45.056418+00
32ef77b1-7570-4c1e-b258-f9d063eec6eb, 423d6a4e-a0d1-4ffe-bc8a-abb10fc11310, trailer      , 2026-08-06 13:41:30.207269+00
33c2e1dd-eea9-46a1-8121-d3980b0095dc, 47c34e53-c1a6-4abe-be31-093e18c8f2ef, netflix      , 2026-06-09 00:15:38.222725+00
33e8fe8a-e727-435b-a2c5-22372e11cac5, 4ae4ce4d-eda6-4935-82c2-3cb70ca34506, hd           , 2026-06-12 11:39:33.406012+00
3433b5b6-15a7-48d0-abaf-1597cf7f766c, 4f61b37e-2cd1-42f8-9bc3-b6c16dc0b652, bollywood    , 2026-06-04 23:03:45.056418+00
34c919ed-a7b0-4dc8-b221-d679e24f5d31, 2541320c-757e-470e-b08d-239ff40118be, hd           , 2026-06-10 09:57:59.686211+00
35086e0b-2540-40e5-8578-56764f513d90, 1ff581b9-670f-49f9-a11a-cddfb3dfa829, thriller     , 2026-06-13 11:14:37.6578+00
35244996-f5c6-4026-b3de-77a63b7bc9b6, 71be43fc-40d4-422d-a133-568f4041369b, hollywood    , 2026-06-09 00:15:38.222725+00
352a6c53-62ee-45eb-a357-4d1bb221c9b6, 7cd4d9d5-8bda-4de5-bbeb-fe784f8601bb, jiohotstar   , 2026-06-09 00:15:38.222725+00
360fd503-17f3-405e-9c18-25f8b9ca3fba, e66bcb49-3e7a-4182-a128-7d06eb4a2819, dual-audio   , 2026-06-04 23:03:45.056418+00
3625e184-db0e-4d0b-a817-f62c1117a161, 7c0c52f6-abd7-4758-8888-07166a291a05, hindi-dubbed , 2026-06-09 00:15:38.222725+00
362d5ffd-267d-43ec-b23f-e30244803477, faf3b19a-820b-4110-acd8-7c5854a180be, amazon-prime , 2026-06-09 00:15:38.222725+00
36328e7a-9b8b-4188-afbb-e1fd63510a0e, 7d115252-cb74-409a-9da5-24ba96ec7279, netflix      , 2026-07-31 06:02:20.043696+00
3660514d-ab0b-4891-b1b7-71a7814c25ea, ff09f11c-aa52-4b84-98a1-924ea1f0a077, tamil        , 2026-06-09 00:15:38.222725+00
366d89ab-5937-4432-a41a-2b45c27ed1e4, 2a1e25e2-34e6-472b-aa35-2f939b0f5426, hd           , 2026-06-04 23:03:45.056418+00
368d2fbd-fa32-4d36-9a93-d236e5d144be, d7830f54-c370-4dae-be8f-b1c688bc367d, netflix      , 2026-06-09 00:15:38.222725+00
37087670-4962-4a26-a2b9-c201a3505741, 7cc014ee-2a24-4969-b567-41061b455189, drama        , 2026-06-23 16:11:53.390453+00
3715ea10-2cb7-4760-8d07-fc634950bd97, fdb65087-0dd6-4412-8f04-0a92bd77d8cf, trailer      , 2026-06-04 23:03:45.056418+00
37572099-46a6-49a1-a1ca-d2de939baeab, 8494b67e-4488-435b-87b2-65cce3217a82, trailer      , 2026-06-04 23:03:45.056418+00
37b59bee-20c3-47c2-a14a-645446efd778, 768e4cc0-a944-42fd-bff0-cb58bde1da23, hollywood    , 2026-06-09 00:15:38.222725+00
380f38fa-f0ac-4059-ab30-7c08d409f5da, 4a021c2e-edd5-45b7-9577-7a621b42086c, hollywood    , 2026-09-17 17:14:39.821155+00
38e0b445-b96e-44df-b82e-ff5bc90ba79a, 9867e5ff-f25b-4754-ac2e-c05eff7f6e84, trailer      , 2026-06-04 23:03:45.056418+00
39667eff-a71b-49c4-b68b-ff18f3864e4b, 4f61b37e-2cd1-42f8-9bc3-b6c16dc0b652, hd           , 2026-06-04 23:03:45.056418+00
39bb5c61-dc68-49d8-8a18-f7fdabe5b586, 1020e713-4c23-45b2-8eaf-5df683eca12c, dual-audio   , 2026-09-11 15:07:17.877628+00
39dadcd2-92e9-4244-92f8-2a1a09acaf15, 9bb2b683-55ff-4154-97fa-33fe11d1240e, bollywood    , 2026-06-09 00:15:38.222725+00
39eb42a1-9dde-4508-afea-0bd3b6a1799d, 68c1ea29-0353-40bb-b7aa-3daccd270158, hd           , 2026-06-04 23:03:45.056418+00
3a44f19e-2bf8-49ae-9628-93386c1335ca, 01548668-4b37-43d2-9947-5135e88ba7ae, hollywood    , 2026-07-13 20:59:22.213133+00
3a562759-cee2-4b16-a817-1653a7d6169a, ecd03f37-9d72-42cf-b1eb-73dfd6bc7c77, hd           , 2026-06-04 23:03:45.056418+00
3aaa7603-94f5-4aeb-9961-4377a4e008e3, c59509bd-67ad-4195-b171-687509e599bd, netflix      , 2026-06-09 00:15:38.222725+00
3ab3cd2a-11f6-4dc5-916c-ebc6b51e282a, ecd03f37-9d72-42cf-b1eb-73dfd6bc7c77, hollywood    , 2026-06-09 00:15:38.222725+00
3ae708c9-027f-4164-830f-441a9e664bba, 566514d0-6de2-433c-b34c-f0d573cdce01, hd           , 2026-06-04 23:03:45.056418+00
3b0349ca-d5ce-4d40-a64c-5a8e8d49ff06, fc43c8a6-6102-4bd1-bf6c-5100d5b52416, adventure    , 2026-07-16 06:34:35.512499+00
3b13233f-fadf-43eb-b6d7-c9fc7b590377, 1c0fa1bd-e6c1-44d1-af32-372d3a3dc9e6, hindi-dubbed , 2026-06-09 00:15:38.222725+00
3b2068b2-4e19-494d-b649-7ca4fd39c5ed, 5ab5a27f-8679-4b6c-b884-40202302afa9, hindi-dubbed , 2026-06-09 00:15:38.222725+00
3b863705-2bfa-473a-89a8-e30f11973ccd, 8002dc82-168b-4725-a641-edfee096876b, bollywood    , 2026-06-09 00:15:38.222725+00
3bd00ba2-8e9a-4998-9e89-95f4955818ab, 8117df31-7890-4bdf-8997-f3d15833a6a5, hd           , 2026-09-17 18:09:21.13197+00
3bd39f2b-151e-47e3-b7f9-70158dc9880c, 4ae4ce4d-eda6-4935-82c2-3cb70ca34506, drama        , 2026-06-12 11:28:16.107582+00
3bdb113b-8fdf-44b6-86de-a6b1cef6e6ac, 1ff581b9-670f-49f9-a11a-cddfb3dfa829, netflix      , 2026-06-13 11:14:37.6578+00
3c3c29a0-c383-4424-b5eb-6e7524f5dc39, 0d807c12-c74c-4c24-bbd5-4e2b8c8c3730, crime        , 2026-07-23 02:43:18.736572+00
3cc0e9a1-9d26-4fac-93aa-8b2c57264f07, 76e2d952-0194-4796-9be5-b8036bdbd2ec, dual-audio   , 2026-06-09 00:15:38.222725+00
3d20bc78-550c-4c85-8b62-39ef608d76eb, a19bb686-e4d7-491d-968c-3c930462fb43, bollywood    , 2026-06-04 23:03:45.056418+00
3d36cb21-473b-4d93-a71f-62ac0ae90b55, 8971172c-b776-4497-90fc-dd3edfade329, hollywood    , 2026-06-04 23:03:45.056418+00
3d68004b-4dba-4111-b9bc-4b76750c45cb, ea538a38-da48-461c-ac96-eb64cf8e6d2e, trailer      , 2026-06-04 23:03:45.056418+00
3dcd2a9a-2747-41dd-a77e-b24e434c30ef, ff086370-d003-408b-a6bc-fb76be4bbc97, comedy       , 2026-07-29 04:37:42.069449+00
3e3853ce-5020-49ae-94de-d70871d0e2ac, 8117df31-7890-4bdf-8997-f3d15833a6a5, comedy       , 2026-09-17 00:08:59.514749+00
3e3c3a8d-366f-4c31-9bec-dfbdad4ae79e, 4ae4ce4d-eda6-4935-82c2-3cb70ca34506, bollywood    , 2026-06-12 11:28:16.107582+00
3e4d6628-9dc3-4c52-9c6e-b27d7a418be9, 9867e5ff-f25b-4754-ac2e-c05eff7f6e84, hd           , 2026-06-04 23:03:45.056418+00
3ea72856-80fa-4002-b4bc-af6d4d8b39f4, df977db6-020d-441f-a70c-e6f6c2464ea6, netflix      , 2026-07-03 16:18:26.073446+00
3f322cb8-c811-4002-a6bb-6324faabb8cb, c138df82-b65d-456b-b928-623446a24774, trailer      , 2026-06-04 23:03:45.056418+00
3f3ea368-a42a-4f3d-9f2a-44e68dacff4e, 83136214-8b26-4923-bb19-4f0fec5017b0, trailer      , 2026-08-09 03:54:44.059214+00
3fd0cea3-7e35-4d46-bebb-b295d4579283, 8ef0be9f-1fd1-4ff7-aa2f-3da37a417ee1, hd           , 2026-06-04 23:03:45.056418+00
3fd94674-b5e6-409d-acb9-c27fe6647426, df977db6-020d-441f-a70c-e6f6c2464ea6, trailer      , 2026-07-03 16:18:28.997447+00
3feca1ec-20a6-43ee-8977-5727e3afd8e8, 666deca2-dec0-4f9a-bd66-3d65a2542c67, bollywood    , 2026-07-24 14:57:45.261934+00
4042eed7-bb11-4231-905c-477a8e91fae8, d14d36f8-8b1c-4b0e-9489-368eadbc2f68, mystery      , 2026-08-21 02:00:03.535215+00
4088e87b-70ae-430a-92a2-964c820c58c1, b472913f-230d-4ed9-b4e6-a87d44d84a69, hd           , 2026-06-04 23:03:45.056418+00
40a322ab-943d-4c18-bfde-ed53cd64835c, b398dddd-f929-4b6f-af71-38b2c44d7828, trailer      , 2026-08-29 05:25:34.79132+00
41c80d72-f0e7-4af6-96a8-f7ebbaa5ff9c, 234baa19-e159-4a1e-a488-ec0872b6c318, trailer      , 2026-06-04 23:03:45.056418+00
4245b9a5-dfc1-40b9-a3cb-2f5335111c73, dfee6827-1afe-4008-aeb8-ad83491f7da8, trailer      , 2026-06-04 23:03:45.056418+00
426b61d9-fa43-4d7e-87e5-264573d6dc1b, 67433e42-fa4c-4896-a56a-f763533d28c3, comedy       , 2026-08-22 11:00:16.650572+00
42cca80b-80b3-4e03-b91b-b812bc4f9cad, 7d8f7e22-3e9b-4386-a88c-0203f81be1ed, trailer      , 2026-06-27 15:05:36.516584+00
431de089-955d-4e8b-8ab8-03a709a9f1f8, 1d4c1705-f497-45df-afe3-010f05361758, hindi-dubbed , 2026-06-09 00:15:38.222725+00
438fdd43-ce7a-4ad9-9415-1e202f90c936, 2f25d48e-f17c-4384-a307-1c9cdcf42721, dual-audio   , 2026-06-04 23:03:45.056418+00
43facd05-0ee9-4b3f-ad80-512cc5e13d1e, 20ffca1e-57a4-4058-8a58-d3416fd2f98f, hd           , 2026-08-21 13:15:17.114695+00
4406865b-1646-4eed-a247-5812002da9ef, 46afe60d-84b1-4b08-b5f5-94de0f4823eb, trailer      , 2026-09-12 16:59:41.233058+00
444e845c-a2c1-4467-8883-e0755ca3d376, cc2c296d-601c-4a3c-a0e4-406aefc229f2, trailer      , 2026-08-18 22:35:25.087733+00
447e2409-c828-4e36-9d41-609635749e0c, 90455827-6e07-488d-9948-f3b6d13f501f, dual-audio   , 2026-06-04 23:03:45.056418+00
44952c0d-3dcb-4d76-8ba8-ee3a57142438, fca6d04b-1d23-4748-9b19-012de9845d78, hd           , 2026-06-04 23:03:45.056418+00
44cd16ca-b057-41bc-aa7b-38a46689c87d, 68048b2a-23d3-42ff-bb33-fba19c6a609b, amazon-prime , 2026-08-06 05:44:42.254413+00
454aace0-b4ac-4c92-bd27-bd446f63161d, b3279048-970b-4055-a379-ebd04a048b45, bollywood    , 2026-06-20 07:57:54.123829+00
4555b601-6de3-441d-9fe5-485a591fc533, 130e9b75-fde9-4952-a933-45fd00596525, dual-audio   , 2026-06-09 00:15:38.222725+00
4557f81d-17fd-40c9-aea4-46aa531ca870, aa165d1d-353d-44be-b5bc-35efa61cf14e, hd           , 2026-07-07 14:54:59.919124+00
45aa442c-0b41-4059-ae78-578c19d3f3ea, 768e4cc0-a944-42fd-bff0-cb58bde1da23, dual-audio   , 2026-06-04 23:03:45.056418+00
45b2ab47-d3a8-43de-bfcd-79182d8c0465, 68960430-8965-4953-88c1-a1c8b1b26722, amazon-prime , 2026-08-13 12:07:26.405196+00
45cb38ff-f9f8-4577-91ff-a2fd817dbce5, d14d36f8-8b1c-4b0e-9489-368eadbc2f68, hollywood    , 2026-08-21 02:00:03.163741+00
4638f10b-8edd-4e6c-9e21-63bba6fff558, c50acf53-b2cd-4b97-8393-f7ef222bad45, trailer      , 2026-06-21 06:06:07.363996+00
463a2cb8-10c5-430d-b8e0-7ce0b845edbd, d25650da-1900-4f77-9067-f7ee2474f800, amazon-prime , 2026-06-07 08:22:09.561164+00
46570ff9-6df5-4eaa-a757-50e7fa9365ad, aa165d1d-353d-44be-b5bc-35efa61cf14e, mystery      , 2026-07-07 14:33:26.270508+00
46888715-abd8-43c3-8f0d-54565a105cb6, b3279048-970b-4055-a379-ebd04a048b45, hindi-dubbed , 2026-06-20 07:57:54.123829+00
46a6e56b-069f-44ca-bca1-637d66373ad1, 4280ee8b-dee8-43e1-86fc-c5b4d90e0f04, dual-audio   , 2026-06-09 00:15:38.222725+00
477395ac-9dea-429d-ba51-022bd4de89cd, 6e93fc6e-d6c5-4ac4-9339-e7f074dfe5ee, hd           , 2026-06-04 23:03:45.056418+00
479eed60-312a-423a-a618-a864898a3343, fc43c8a6-6102-4bd1-bf6c-5100d5b52416, comedy       , 2026-07-16 06:34:35.512499+00
47bbec70-e97e-4666-9526-4e5484815999, 601d1d9f-9c38-48a3-8e09-d32f16e52e06, dual-audio   , 2026-06-04 23:03:45.056418+00
47bf7d82-ce19-4722-b351-a1d8919f0c5a, 5dab850c-9a16-4a75-aaa7-987fb18f1890, drama        , 2026-08-05 11:53:52.013525+00
47c86fe3-2dab-49af-9e7e-1111ab362967, d14d36f8-8b1c-4b0e-9489-368eadbc2f68, netflix      , 2026-08-21 02:00:03.535215+00
4891e03c-e4ab-4081-a3e7-207dd9031efe, 5e0bce29-10fe-4286-8085-f681a158910d, comedy       , 2026-09-17 18:11:24.172731+00
48e6829b-6f1b-4370-8a6b-27be2406dbae, 1020e713-4c23-45b2-8eaf-5df683eca12c, drama        , 2026-08-31 20:00:11.082776+00
49702115-46b6-48c2-a639-66482c3028cb, 7d8f7e22-3e9b-4386-a88c-0203f81be1ed, hd           , 2026-06-27 15:05:36.516584+00
4973017a-f9d3-4a59-b14b-a24ef7181f02, 161f7975-6619-4209-9910-f94921b30a2b, hd           , 2026-06-18 19:09:20.517843+00
4a813832-acab-4c68-9884-ce8b5988600f, 0a1d5452-1e63-4794-b5a6-013a70f6b39f, trailer      , 2026-06-04 23:03:45.056418+00
4a91f59f-48f6-4380-92ad-84603f88c3d8, f5e3fb21-fed4-4b3b-b5a0-6f70416d607c, trailer      , 2026-08-06 05:56:06.7274+00
4b0a2313-ac85-4849-854d-3ca5b9e8afd2, 13b2b136-b027-4100-9786-f6a59a8c95d1, dual-audio   , 2026-07-03 16:12:23.292056+00
4b13c058-052a-4b6d-ba49-2b22b094a62b, 1a8eabfd-0e1c-44b2-a67f-955ccc93843f, amazon-prime , 2026-06-09 00:15:38.222725+00
4b3eedfc-ec5c-4bf4-8ee1-b27a65e0f106, ba675d13-e1a9-4e4f-b9b9-b2f6df7b1e23, hollywood    , 2026-06-25 17:02:22.786526+00
4b3ff97d-0f14-4d7a-94af-71827e11f2a4, aa165d1d-353d-44be-b5bc-35efa61cf14e, bollywood    , 2026-07-07 14:33:25.367194+00
4b6885d0-31d1-4fd5-8dbc-8094ab6f56ee, 20ffca1e-57a4-4058-8a58-d3416fd2f98f, crime        , 2026-08-21 13:13:48.635315+00
4b999566-721a-4b3e-aa85-184256f254ad, e422b795-2a44-4402-822b-c63c33b5ccfd, hd           , 2026-06-04 23:03:45.056418+00
4c2f721a-71aa-42c4-ac28-f7d0299625f4, 5fcb4a48-1e95-4ca4-91b3-81a80c1b3f0f, dual-audio   , 2026-08-09 03:37:27.347978+00
4c318007-c009-4d98-93de-8ca7c10c911e, 35836d0d-3a19-42e0-a73d-ddec43b115c5, hd           , 2026-06-04 23:03:45.056418+00
4c6512a8-3f3b-4381-88f4-b5fdae953890, f970e969-3c88-467f-b755-90e2ccb9d3d7, hd           , 2026-08-14 01:57:53.76939+00
4cc4095b-ec43-4f57-a61e-f2bdc472d34d, 88368e87-b3f6-414d-9c01-30976ed1798d, hd           , 2026-06-10 10:14:07.049968+00
4d1751d6-7589-4a04-b1ca-5447fe804be0, 041a15c8-e06c-48a1-ab3b-c7533f7e1032, hindi-dubbed , 2026-06-09 00:15:38.222725+00
4d5d99c1-6201-4adf-957a-5472fc6337ea, e66bcb49-3e7a-4182-a128-7d06eb4a2819, hd           , 2026-06-04 23:03:45.056418+00
4d7da860-6317-43cb-baf6-5d60ded9bb21, efb25d7d-11d3-4978-81da-966f8cb37d28, trailer      , 2026-06-04 23:03:45.056418+00
4d94e59a-1ce6-4977-aba7-44cfc2a0f8fe, eb9b7e74-32a6-4ef8-be69-173fb73a7ca0, dual-audio   , 2026-06-04 23:03:45.056418+00
4d979dc7-1bf6-40d8-ad6b-8fadf0fe6a29, b398dddd-f929-4b6f-af71-38b2c44d7828, crime        , 2026-08-29 05:22:54.768657+00
4e73e847-18b1-409f-81c6-51bdaf7ec0d5, c911a97a-60a7-4438-a73f-6d37bd943105, hollywood    , 2026-06-09 00:15:38.222725+00
4fbb5446-d8cd-42e4-9e8a-555493ea2d8d, 2541320c-757e-470e-b08d-239ff40118be, dual-audio   , 2026-06-10 09:57:59.686211+00
4fc645f8-6665-4d8b-b9e2-64c88fcd7b58, b24c6629-7baa-4b92-8a9b-d8547aa85134, trailer      , 2026-06-04 23:03:45.056418+00
501c57fc-2926-46f4-afb0-ea6338b26ae2, b56cc77b-ae85-470e-84fb-55729cd101bb, dual-audio   , 2026-06-04 23:03:45.056418+00
501faeb4-6b56-42dc-93b3-3c338c2711aa, 6a1708cd-eb32-4c84-9cef-6a0037c4cb12, bollywood    , 2026-06-09 00:15:38.222725+00
502a498a-90a6-4ef7-93fa-fab06d7432b8, 1ff581b9-670f-49f9-a11a-cddfb3dfa829, action       , 2026-06-13 11:14:37.6578+00
50b7d12e-a2f9-4727-8f87-78532f23945d, 952ff658-0fb5-49bc-a9ba-c02c6b6ee1ad, hollywood    , 2026-06-09 00:15:38.222725+00
514f0977-86c7-4cbb-bb2b-19af8852d7c9, 435d747d-63b7-47c2-bfe8-7d63f048b372, trailer      , 2026-06-27 06:46:21.77373+00
518ef46f-d3eb-436b-af5b-4e1e85a60c3e, 041a15c8-e06c-48a1-ab3b-c7533f7e1032, dual-audio   , 2026-06-04 23:03:45.056418+00
51d173f7-e0c5-443e-bf35-25c5b2e99e78, b56cc77b-ae85-470e-84fb-55729cd101bb, hd           , 2026-06-04 23:03:45.056418+00
5221c0df-fb74-4e4a-87ba-f78ccd51a49b, 4280ee8b-dee8-43e1-86fc-c5b4d90e0f04, hindi-dubbed , 2026-06-09 00:15:38.222725+00
52c0d190-58ee-4114-9960-2a86260f3e76, 7a36ca12-7ab9-468b-a0b5-ab9dc4db6bde, korean       , 2026-06-09 00:15:38.222725+00
533e63a2-42c8-4fd4-979f-4547879050b4, 8002dc82-168b-4725-a641-edfee096876b, trailer      , 2026-06-10 10:08:59.802176+00
5354373b-c75a-4f0f-a0a3-c36ccac9d242, 49a266c2-c4dc-4a30-804b-8b29197c1eec, bollywood    , 2026-06-04 23:03:45.056418+00
538588ed-53f7-4bcb-8894-227bd358b6f0, ff09f11c-aa52-4b84-98a1-924ea1f0a077, hd           , 2026-06-04 23:03:45.056418+00
538596d2-0998-4f89-8ca3-97de3d569ab3, c49d7610-6377-4044-8375-84b03781d3f6, bollywood    , 2026-06-09 00:15:38.222725+00
54126f3c-fee8-4790-9a42-fe22be8cc131, e821eddb-021d-4e93-a97e-7ea625005e58, hd           , 2026-06-13 11:14:31.079782+00
541f93ef-514d-4882-99fd-7a6e7540223a, 1da3af44-0d70-4987-866c-282bf06193ab, jiohotstar   , 2026-06-09 00:15:38.222725+00
541fdc13-f0d5-495a-900e-1e2fc9b2a8b1, a4d7688c-c39d-495f-a95b-9af0c79a853e, hd           , 2026-06-04 23:03:45.056418+00
542ad7c8-f8fc-4d7c-bd69-d4b94e17a4d5, 90c0ee59-62e0-48e0-a807-dad506680bae, bollywood    , 2026-06-14 05:59:52.002872+00
54b4a777-9da9-4229-9c25-907db2d5ef0c, 423d6a4e-a0d1-4ffe-bc8a-abb10fc11310, amazon-prime , 2026-07-16 06:40:58.686174+00
54c5d164-dfdd-43dd-a4cb-6c1e076cf06b, 69b2d8b2-f874-41ce-bb56-156780abccea, mystery      , 2026-07-19 00:08:25.378257+00
5542c96d-52cf-4ef3-99d7-301ca2b40e29, 450644bd-f0ec-4ea0-8c81-7fb7258214c2, trailer      , 2026-06-04 23:03:45.056418+00
554c3cef-71d8-4f69-931b-3d6a88844e07, 5b882067-20f3-4d77-93b9-c543397c2cf8, trailer      , 2026-09-12 17:00:07.350839+00
556f58a2-c02d-4517-981b-2e0664c4cf9c, 1b1c628b-7568-4b28-bb5f-2db9684c35e8, trailer      , 2026-07-14 18:20:09.350928+00
5605b85a-f334-4d0e-92c2-13a642142ef6, 9c543037-e915-491d-b424-614e4ff7ae94, hollywood    , 2026-06-09 00:15:38.222725+00
5635e7e4-debe-4dc3-ab98-245e7ae6980d, 4a451471-0a46-407c-9431-c0a1806848ff, hindi-dubbed , 2026-06-09 00:15:38.222725+00
56e1aa81-6dbc-4be7-84f0-5023f5641539, ff09f11c-aa52-4b84-98a1-924ea1f0a077, hindi-dubbed , 2026-06-09 00:15:38.222725+00
56e22af7-3bb3-479d-a30c-5e00efa13192, 7a36ca12-7ab9-468b-a0b5-ab9dc4db6bde, amazon-prime , 2026-06-09 00:15:38.222725+00
56fe3cc9-4d74-4a19-b1fb-16e771455a7e, 98472ff1-4f89-4c81-a82d-5ceb3c0dd49b, hd           , 2026-06-04 23:03:45.056418+00
5704d37e-1e41-4cf3-80cc-8b07a2ac6076, 2b4664cd-3ef5-4ffe-9050-38c9f782cec3, hd           , 2026-06-04 23:03:45.056418+00
576e894c-ebe8-44db-bd11-60b6c936c7f1, 4a451471-0a46-407c-9431-c0a1806848ff, bollywood    , 2026-06-09 00:15:38.222725+00
5777682b-9ace-4e3f-93fb-65565aa7136e, cc2c296d-601c-4a3c-a0e4-406aefc229f2, hollywood    , 2026-08-18 22:35:25.087733+00
581bfd4e-3aa3-448f-9ca5-3d8d2ff323b7, 35836d0d-3a19-42e0-a73d-ddec43b115c5, trailer      , 2026-06-04 23:03:45.056418+00
587a5cd9-4c81-4b3f-87e3-ba8b8d79e68d, 1b1c628b-7568-4b28-bb5f-2db9684c35e8, hd           , 2026-07-14 18:20:09.350928+00
5893e588-0915-4724-9b56-d9f9edfa3f78, aa165d1d-353d-44be-b5bc-35efa61cf14e, comedy       , 2026-07-07 14:33:26.270508+00
58d276db-61f0-4531-b1dd-0599f75f9212, fdb52a6d-45e4-41cd-965d-5727812bb9e0, bollywood    , 2026-06-04 23:03:45.056418+00
59456d35-8deb-493c-8686-5d0905c53a87, 6ac1c6c9-1f3b-40eb-9a75-c130b4935dd5, hd           , 2026-06-04 23:03:45.056418+00
59c0d229-21e8-48df-93ce-b8a4ab2e6476, 56de28be-bbde-4cb4-830c-d7817b779336, hindi-dubbed , 2026-06-09 00:15:38.222725+00
59c59ec2-5a6d-415c-938c-fec286e22c0f, 689d4081-7e07-43b3-8a50-d65e0008c788, horror       , 2026-07-07 14:33:01.178268+00
5a21ac2e-b573-4b54-902b-dd3f1b8f1444, 689d4081-7e07-43b3-8a50-d65e0008c788, crime        , 2026-07-07 14:33:01.178268+00
5a996f88-1605-4003-af26-ba103381c229, f5d178b9-bf79-4d2f-a8b3-fed764eb8471, amazon-prime , 2026-06-07 12:21:06.579987+00
5ae9a16b-e0ed-4804-919d-2bce27e79151, e66bcb49-3e7a-4182-a128-7d06eb4a2819, hindi-dubbed , 2026-06-09 00:15:38.222725+00
5b2fb049-60fc-460b-92e3-94fd8d532b9f, 02221c29-2645-445d-91aa-d807e308f1a4, trailer      , 2026-06-04 23:03:45.056418+00
5b6c1db8-6dd7-4404-9e71-6c69488249d6, e821eddb-021d-4e93-a97e-7ea625005e58, dual-audio   , 2026-06-13 11:14:31.079782+00
5be8ffdc-819c-4ea6-8db6-a72cdbd38fba, 1ff581b9-670f-49f9-a11a-cddfb3dfa829, dual-audio   , 2026-06-13 11:14:37.6578+00
5c092f9f-552a-4924-a7a7-5573a706eaef, c911a97a-60a7-4438-a73f-6d37bd943105, trailer      , 2026-06-04 23:03:45.056418+00
5c13090b-b5d0-44a6-96af-8f2e3be1fb29, 13b2b136-b027-4100-9786-f6a59a8c95d1, jiohotstar   , 2026-07-03 16:12:20.626049+00
5c5ac010-8753-4f37-9bf9-5daf3b0a7bb3, 49a266c2-c4dc-4a30-804b-8b29197c1eec, trailer      , 2026-06-04 23:03:45.056418+00
5c7fb5f0-b9e6-47e2-9849-e8df884bcdf4, 69b2d8b2-f874-41ce-bb56-156780abccea, hd           , 2026-08-06 13:19:55.065466+00
5cc013a6-bc01-4bcd-9915-a4a508b354da, 9fdfe89a-5ace-4ce7-ad6a-b610c16d1af8, sonyliv      , 2026-06-09 00:15:38.222725+00
5cc26578-e25c-4fdd-97b4-d072e17d953f, 3abc57e3-cb2e-46fd-8fdb-80ce365ec6e7, bollywood    , 2026-06-04 23:03:45.056418+00
5cc2d81d-cb3d-46ec-ad58-d73b734ba216, fdb65087-0dd6-4412-8f04-0a92bd77d8cf, dual-audio   , 2026-06-09 00:15:38.222725+00
5cd17253-9dfa-4034-a141-78477a126ea5, 07d30f2a-ae45-4ad4-b9ea-52f4f90c3416, hd           , 2026-06-04 23:03:45.056418+00
5cf5c887-695f-4d8f-bbc8-4fe474bd5d3f, b6bc15f8-f5d9-4a94-b6a7-e7afef6231a2, hd           , 2026-06-04 23:03:45.056418+00
5d86026a-283b-46b2-9250-3314342a3a49, 42de4746-5199-4b0c-9a5f-4df2cd20d040, netflix      , 2026-08-07 19:54:01.438788+00
5df8f190-dbd3-4415-b217-dfac1f65aa7d, 35836d0d-3a19-42e0-a73d-ddec43b115c5, bollywood    , 2026-06-09 00:15:38.222725+00
5e235836-1c3a-411f-97f1-d206fc722a24, 768e4cc0-a944-42fd-bff0-cb58bde1da23, trailer      , 2026-06-04 23:03:45.056418+00
5e28850d-1a15-4cdc-95c3-a45dbabd86a9, 0a46e08a-85ee-41c9-9f70-e3c0772a3dc2, dual-audio   , 2026-06-04 23:03:45.056418+00
5e2e9c01-51d8-402d-8a43-23f419b26fcb, c49d7610-6377-4044-8375-84b03781d3f6, dual-audio   , 2026-06-04 23:03:45.056418+00
5e3212ec-f4e6-4981-98d8-34d752a4ce85, af0a6fc8-5ed9-4238-8f2e-8e3ce81ef741, dual-audio   , 2026-06-09 01:01:27.705805+00
5e730589-62e5-42b2-9e28-df9b21f05171, 47c34e53-c1a6-4abe-be31-093e18c8f2ef, hd           , 2026-06-04 23:03:45.056418+00
5f3f7f6d-c7e5-48f9-99f2-de93c529ca8e, ed5fe48c-f51e-4b15-8010-2bdbcf01586c, hd           , 2026-06-04 23:03:45.056418+00
5f40d852-911e-43c4-bf38-8242ffa4624a, 1a8eabfd-0e1c-44b2-a67f-955ccc93843f, bollywood    , 2026-06-04 23:03:45.056418+00
5fe2f396-48c0-4d95-96f5-ae8edcf6a485, f101231b-5afc-4b73-891a-ee4c5e717222, hd           , 2026-08-17 07:45:09.283269+00
60ee7e17-db35-47ae-9ce2-d043d2ca2d4a, 755b4907-ca6b-41e7-aac7-4fba694032df, korean       , 2026-08-29 05:31:30.548179+00
60eefeec-9890-424b-b66d-1479fdbd97f3, c911a97a-60a7-4438-a73f-6d37bd943105, dual-audio   , 2026-06-04 23:03:45.056418+00
611fd2b6-3b04-41d3-a8ea-13e040744e01, 42ac169a-55a3-4ee7-88f6-60a76beb59ba, amazon-prime , 2026-06-09 00:15:38.222725+00
61a3c6b7-56ed-4474-b50d-7da7f4337ba7, 03a9531b-221e-459a-8464-815356d5cd03, hollywood    , 2026-06-09 00:15:38.222725+00
61ecedfa-8e47-4900-b316-6d70c44300cf, d14d36f8-8b1c-4b0e-9489-368eadbc2f68, action       , 2026-08-21 02:00:03.535215+00
62455562-d724-4421-bc38-4a3f221f6217, 2b4664cd-3ef5-4ffe-9050-38c9f782cec3, jiohotstar   , 2026-06-09 00:15:38.222725+00
626b01ba-244f-4ec9-b043-a4c1564fa107, 8e7cc07c-ac93-46f6-8f3c-44c0887f2790, trailer      , 2026-06-04 23:03:45.056418+00
62b96e45-0aac-4268-a318-ec3398c83469, 4280ee8b-dee8-43e1-86fc-c5b4d90e0f04, trailer      , 2026-06-04 23:03:45.056418+00
62f16373-5a4f-405d-a634-2b92489c3336, c59509bd-67ad-4195-b171-687509e599bd, hindi-dubbed , 2026-06-09 00:15:38.222725+00
63b79c74-45ec-4823-b1ab-6c3ba7f96f5e, 62ef59e1-bac7-40f2-a0ec-64e098f2fcce, mystery      , 2026-08-04 09:03:42.699873+00
63d2e0cf-78e1-45a7-a177-5ac44e62a4da, 81684038-b418-400d-bc24-79cac51ad661, trailer      , 2026-06-04 23:03:45.056418+00
65406277-0610-4a98-bf8a-c8cb03aeabb5, df977db6-020d-441f-a70c-e6f6c2464ea6, telugu       , 2026-07-03 16:18:25.319763+00
658fdaa1-93c8-4f73-a136-9d561f31b909, ac229184-40c3-474c-9ae4-9031a53ddb24, bollywood    , 2026-06-04 23:03:45.056418+00
65db95af-9c8e-4d67-95dd-85e2c0108979, 041a15c8-e06c-48a1-ab3b-c7533f7e1032, hd           , 2026-06-04 23:03:45.056418+00
65e37da9-b9f1-4967-8033-7e5f9c4472d0, 9c543037-e915-491d-b424-614e4ff7ae94, trailer      , 2026-06-04 23:03:45.056418+00
66141604-9412-4ad7-964c-2d6810876a77, 4a451471-0a46-407c-9431-c0a1806848ff, trailer      , 2026-06-04 23:03:45.056418+00
66421299-d84c-4ef9-98ff-48b1f98c9231, efb25d7d-11d3-4978-81da-966f8cb37d28, amazon-prime , 2026-06-09 00:15:38.222725+00
66da705b-623a-4450-904f-9b587a6c6ab6, 87dd60b0-767f-4742-972c-5a6308de8d43, hollywood    , 2026-09-13 22:35:13.420509+00
66e7eecf-b951-4288-b5fc-59a33efcd8f2, 32ec54f9-5144-4f1f-8530-d873c9fb85a2, trailer      , 2026-08-06 13:29:50.202043+00
670e33ab-8b0c-4bed-9a9e-5b3ecf9089fb, 9e1d477b-14fb-451d-be56-505eda455de3, trailer      , 2026-06-04 23:03:45.056418+00
676a37c1-1d1b-4e87-bf34-7d62835edf02, 7626edbf-820e-43da-b390-ba1fcd2e9327, amazon-prime , 2026-08-28 16:34:34.744866+00
680c35d9-3943-4eaf-9816-848888c5211f, 56de28be-bbde-4cb4-830c-d7817b779336, hollywood    , 2026-06-09 00:15:38.222725+00
681b2d20-6232-415c-9734-5b064e6926c6, d7041dfd-3492-4974-aa36-7b197f2b91bd, dual-audio   , 2026-06-12 21:19:18.379249+00
681ded3e-d683-495b-8958-0fe15e5fd04f, 4ae4ce4d-eda6-4935-82c2-3cb70ca34506, amazon-prime , 2026-06-12 11:28:16.107582+00
68494fa7-33af-4fca-b8f7-695eb162e12d, 1d4c1705-f497-45df-afe3-010f05361758, dual-audio   , 2026-06-04 23:03:45.056418+00
69132131-cfe8-4412-b9ca-e34832c583c8, 45245829-b32d-4c17-a08d-7212c318e7cc, hollywood    , 2026-07-03 16:17:00.238454+00
6913267f-979b-4627-bae4-72d019422ad9, af168b1b-d8c9-4de1-b0a2-c74be9d1d219, dual-audio   , 2026-06-04 23:03:45.056418+00
692371f0-d84c-420d-9720-4c1f7c19a0fa, d14bf149-9464-488d-af10-7bd084f7c40d, trailer      , 2026-06-04 23:03:45.056418+00
694bd61d-48c9-49a1-b671-0c6a1afc0835, 70644fac-d048-403f-b789-7465d5721dd5, hd           , 2026-06-04 23:03:45.056418+00
69874c51-348e-4c57-85fd-b1cea95123b6, 68048b2a-23d3-42ff-bb33-fba19c6a609b, hollywood    , 2026-08-06 05:44:41.240437+00
69d16888-1572-4b8d-adb2-4a4060fb7a3b, ecd03f37-9d72-42cf-b1eb-73dfd6bc7c77, hindi-dubbed , 2026-06-09 00:15:38.222725+00
69ec89d4-9f17-499a-9561-df7bc74117a7, f970e969-3c88-467f-b755-90e2ccb9d3d7, trailer      , 2026-08-14 01:57:53.76939+00
69fc8495-a7b2-4a97-bd54-19cc7b30dc79, 78ab7224-0ce0-40bd-b25d-d5714b6f8b34, hd           , 2026-06-04 23:03:45.056418+00
6a07ba88-4352-4520-b8a8-033fcf00c83d, 4af87265-7b38-42c2-81cf-bdd7de90d139, hd           , 2026-06-04 23:03:45.056418+00
6a4c9b76-c026-4d1d-8366-ac8bbcfeafea, def0634a-1ee7-475a-8896-63acd8d19234, dual-audio   , 2026-06-19 06:56:12.16165+00
6a8c7df1-48a9-4f92-b5bd-8c2c31ef7fe9, 4022077b-40ed-4d09-b1ad-ecc45124a99b, netflix      , 2026-06-09 00:15:38.222725+00
6a953385-d405-40b5-ae6d-7bef69371525, 9bb2b683-55ff-4154-97fa-33fe11d1240e, netflix      , 2026-06-09 00:15:38.222725+00
6ae130c1-049c-437e-aaa2-7529e645c086, 16b92d6b-919d-46ff-abf4-1c4586c99a33, hindi-dubbed , 2026-09-17 00:23:59.384913+00
6ae4c4a5-12f1-4e71-88f1-9ad23489b55c, d7830f54-c370-4dae-be8f-b1c688bc367d, hd           , 2026-06-04 23:03:45.056418+00
6b1b0fc0-bd8c-47d0-9b0a-47c53ec447a3, b27dc156-f6c5-4dc9-b90f-3113b9d231f1, hd           , 2026-06-04 23:03:45.056418+00
6b8fbd9a-80ce-4148-8547-953d4c26dcb9, 423d6a4e-a0d1-4ffe-bc8a-abb10fc11310, bollywood    , 2026-07-16 06:40:58.069084+00
6be5478f-c9cb-48d5-ab24-08f64dbd1ca8, ba2a2330-a21e-4ff3-afb3-2f8f4d5648f0, trailer      , 2026-06-12 23:58:18.65192+00
6c250f6f-557c-4d7b-b74f-3b3ae101f14e, 184e1d10-7883-49c1-b3d5-3f9a3cfab1e4, netflix      , 2026-06-09 00:15:38.222725+00
6c3b8166-0f2f-4a23-aa36-0d1868079fcc, 27de0935-fe37-4084-a7e5-0dc458dff5dd, trailer      , 2026-06-04 23:03:45.056418+00
6c656d19-93e2-4686-be49-e82af667e8c3, 02221c29-2645-445d-91aa-d807e308f1a4, hollywood    , 2026-06-09 00:15:38.222725+00
6c83ea8f-2d47-44da-b403-610bb6ad4df1, 296b3c5d-a4aa-4992-98b7-c1b5421c1cc7, hd           , 2026-06-19 07:10:21.25912+00
6c9251c9-6cb9-4435-ab72-6798b3167f4c, 45245829-b32d-4c17-a08d-7212c318e7cc, drama        , 2026-07-03 16:17:01.214693+00
6c9388e4-947f-40a0-bf70-f9c216779778, faf3b19a-820b-4110-acd8-7c5854a180be, dual-audio   , 2026-06-04 23:03:45.056418+00
6d174640-6973-4c29-b036-2284662796c8, 952ff658-0fb5-49bc-a9ba-c02c6b6ee1ad, dual-audio   , 2026-06-04 23:03:45.056418+00
6dfe7fa6-a6ec-4abe-8c2c-e16e9c431ebe, ea538a38-da48-461c-ac96-eb64cf8e6d2e, hindi-dubbed , 2026-06-09 00:15:38.222725+00
6dff02cc-ea9d-4dc4-9ad1-3fd48707d53c, bf27f0e2-53c8-4bf3-8edc-403aa03e7f51, dual-audio   , 2026-06-04 23:03:45.056418+00
6e1e641e-d36a-4164-b1ca-f0dd867fb3c1, faf3b19a-820b-4110-acd8-7c5854a180be, hd           , 2026-06-04 23:03:45.056418+00
6e2944b5-8e6b-4df1-aff8-347db5d95f5b, 20ffca1e-57a4-4058-8a58-d3416fd2f98f, comedy       , 2026-08-21 13:13:48.635315+00
6e3b3090-948d-40b7-ac9f-f38aa819ea92, 69b2d8b2-f874-41ce-bb56-156780abccea, trailer      , 2026-08-06 13:19:55.065466+00
6f7fb7ce-1b00-48da-bbaa-7ac4f3736a5c, 6a1708cd-eb32-4c84-9cef-6a0037c4cb12, dual-audio   , 2026-06-09 00:15:38.222725+00
70cd1293-1302-4fe5-b250-e3704f573010, e821eddb-021d-4e93-a97e-7ea625005e58, mystery      , 2026-06-13 11:14:31.079782+00
70fae97e-c800-4eab-8c81-f6134a969b4d, fdb52a6d-45e4-41cd-965d-5727812bb9e0, hd           , 2026-06-04 23:03:45.056418+00
7115753c-1c55-4bc3-8399-e538d1f60068, dee61461-85ff-476a-96e4-06739f167c96, hindi-dubbed , 2026-06-09 00:15:38.222725+00
714f4887-1637-4e6d-93fd-cb5c880dcef2, 666deca2-dec0-4f9a-bd66-3d65a2542c67, comedy       , 2026-07-24 14:57:45.864959+00
7189e3ad-f0fa-4b6b-b46b-89b5fe6d2be5, 67433e42-fa4c-4896-a56a-f763533d28c3, crime        , 2026-08-22 11:00:16.650572+00
71aa9239-1f27-4761-bfc4-3cdee42fe6a9, 68c1ea29-0353-40bb-b7aa-3daccd270158, hollywood    , 2026-06-09 00:15:38.222725+00
71e9cbed-5959-487e-bb56-d7b8d2347594, 383029f2-f469-4ed3-9590-e07620231896, bollywood    , 2026-06-09 00:15:38.222725+00
725e6514-a317-4222-b68d-e351796f09b0, 041a15c8-e06c-48a1-ab3b-c7533f7e1032, trailer      , 2026-06-04 23:03:45.056418+00
72c8b953-db67-4ffa-8725-9dfc506a5267, 5fcb4a48-1e95-4ca4-91b3-81a80c1b3f0f, hd           , 2026-08-09 03:37:27.347978+00
72db7aee-9156-4a56-bdce-4f1596ff55a3, 90455827-6e07-488d-9948-f3b6d13f501f, trailer      , 2026-06-04 23:03:45.056418+00
7354f0a5-3bee-48af-9f30-80fcf7988e1d, a44e4c25-ae19-442c-94e8-47b4246121f8, hd           , 2026-08-26 23:05:46.189139+00
73583fc7-7bb5-4afd-9aab-799c96828662, 3a89c539-3020-4607-8f1c-152504294a1e, trailer      , 2026-06-04 23:03:45.056418+00
73d47d58-b87d-43ca-a241-d56170e0d3d0, 42de4746-5199-4b0c-9a5f-4df2cd20d040, hd           , 2026-08-07 19:55:57.856254+00
7426c9cb-3698-4e37-a5ea-de48ddad1e7a, 130e9b75-fde9-4952-a933-45fd00596525, hindi-dubbed , 2026-06-09 00:15:38.222725+00
742bba77-5819-4147-839e-3a12d6e9bb71, d14bf149-9464-488d-af10-7bd084f7c40d, hollywood    , 2026-06-09 00:15:38.222725+00
749308b7-2cf6-4bac-99c8-9d84e29c2a50, 9bb2b683-55ff-4154-97fa-33fe11d1240e, dual-audio   , 2026-06-09 00:15:38.222725+00
749c5594-c88f-482d-9a06-d77525cf42f6, 475c49ce-3b40-4268-a366-82f0b97879ca, hollywood    , 2026-07-19 00:06:27.091301+00
759cac52-2768-4fe8-afb0-239c2a07e18a, 184e1d10-7883-49c1-b3d5-3f9a3cfab1e4, hindi-dubbed , 2026-06-09 00:15:38.222725+00
761fa991-1e18-4dde-a25f-7ede26094797, b3279048-970b-4055-a379-ebd04a048b45, hd           , 2026-07-03 16:41:06.437327+00
7627b356-c68a-485f-9540-855f6837cbb3, 68c1ea29-0353-40bb-b7aa-3daccd270158, trailer      , 2026-06-04 23:03:45.056418+00
76655e2d-1eb3-4272-a107-6d4311ef0d7e, 92d7266b-0364-4431-be90-1883b338822e, dual-audio   , 2026-06-04 23:03:45.056418+00
773007d4-529d-4553-890f-d197851233ed, 3e3dc190-3328-4a5d-93f5-4ccb7445777d, disney       , 2026-06-09 00:15:38.222725+00
776d1d38-c9e2-49a5-8062-e1d8f902969b, af168b1b-d8c9-4de1-b0a2-c74be9d1d219, amazon-prime , 2026-06-09 00:15:38.222725+00
7775003e-df50-4e17-9d5c-673f3eade84d, ac229184-40c3-474c-9ae4-9031a53ddb24, trailer      , 2026-06-04 23:03:45.056418+00
77b6709a-6c2c-40c1-80db-19d9836e636f, 9eca62bc-2bef-417a-930e-97631910eb97, romance      , 2026-06-19 06:55:16.874797+00
7800eb67-cc21-4217-8d40-0b51a3f03105, 27de0935-fe37-4084-a7e5-0dc458dff5dd, hd           , 2026-06-04 23:03:45.056418+00
7855f2cd-a7ae-497a-a04e-301b40dcaaf1, f694a5ce-e352-4cba-9b42-886b5d755166, bollywood    , 2026-06-04 23:03:45.056418+00
78799c4c-151a-4e85-b50a-8c1a2acca90b, b27dc156-f6c5-4dc9-b90f-3113b9d231f1, hindi-dubbed , 2026-06-09 00:15:38.222725+00
787c2307-4933-41ed-a8a0-e6d5a3e1a656, 20c6adef-a7f5-4b5c-93fe-3f702f353022, trailer      , 2026-06-04 23:03:45.056418+00
787c74b3-b3f4-435e-91eb-607856243403, 16b92d6b-919d-46ff-abf4-1c4586c99a33, amazon-prime , 2026-09-17 00:23:59.384913+00
787dbef0-c3a7-4680-9766-639a5396f4e4, 20ffca1e-57a4-4058-8a58-d3416fd2f98f, dual-audio   , 2026-08-21 13:15:17.114695+00
78e49b8c-26a5-4504-aed9-f48100a5307b, 829a1b68-157e-4fc8-b846-fc7da04dc08b, bollywood    , 2026-06-04 23:03:45.056418+00
79ec4dcf-82dd-4ef9-8310-18490bf04339, 7d62b434-0e69-407d-9ea4-ff0c62aae7c3, bollywood    , 2026-06-04 23:03:45.056418+00
79fd1c35-088d-4f53-8447-d2313f6ee218, b8f3df02-3a79-49ec-ae89-b236118654ea, trailer      , 2026-06-04 23:03:45.056418+00
7a02ec8d-90c8-4ccb-bfce-83d3c550ebdd, 4a451471-0a46-407c-9431-c0a1806848ff, dual-audio   , 2026-06-04 23:03:45.056418+00
7a0ca754-0e7f-458b-a9de-a4ef0ecc6e45, e821eddb-021d-4e93-a97e-7ea625005e58, crime        , 2026-06-13 11:14:31.079782+00
7a1a1cb7-d376-45b1-a8a0-99fca71f25e8, 01548668-4b37-43d2-9947-5135e88ba7ae, trailer      , 2026-07-13 20:59:22.213133+00
7a7c6cc2-7145-4b01-a853-ea71585e9c5f, 7cc014ee-2a24-4969-b567-41061b455189, adventure    , 2026-06-23 16:11:53.390453+00
7adb16d6-9ff6-4b58-abe9-db0c8c9069b0, 2f25d48e-f17c-4384-a307-1c9cdcf42721, hollywood    , 2026-06-09 00:15:38.222725+00
7addae27-8d55-4a57-9a35-3531ef5f89ca, 952ff658-0fb5-49bc-a9ba-c02c6b6ee1ad, trailer      , 2026-06-04 23:03:45.056418+00
7b2114e0-f2de-47c4-b2ed-9b021b177356, 6a1708cd-eb32-4c84-9cef-6a0037c4cb12, hindi-dubbed , 2026-06-09 00:15:38.222725+00
7beac62c-6a1a-4572-bc15-b65ae8481537, 4f61b37e-2cd1-42f8-9bc3-b6c16dc0b652, trailer      , 2026-06-04 23:03:45.056418+00
7bf787d0-fdb1-43c2-8eb7-fb5f129a2756, 98472ff1-4f89-4c81-a82d-5ceb3c0dd49b, malayalam    , 2026-06-09 00:15:38.222725+00
7c69f25e-86cd-465f-ad47-78eb9572836a, 67433e42-fa4c-4896-a56a-f763533d28c3, hd           , 2026-08-22 11:04:11.013132+00
7c8f9656-7e12-4b8b-a2db-83b7607caf76, d7041dfd-3492-4974-aa36-7b197f2b91bd, hd           , 2026-06-12 21:19:18.379249+00
7cd95be1-8b88-4808-b3f2-dd0a43dc289d, dee61461-85ff-476a-96e4-06739f167c96, bollywood    , 2026-06-09 00:15:38.222725+00
7cf32cb1-67eb-4bc2-ac75-e74a4220d48a, def0634a-1ee7-475a-8896-63acd8d19234, hollywood    , 2026-06-19 06:56:10.065472+00
7d2811fc-ccaa-45e8-bf65-ae008b026259, b24c6629-7baa-4b92-8a9b-d8547aa85134, hd           , 2026-06-04 23:03:45.056418+00
7d38b922-5e23-43bc-8966-0f1cee3df7b0, 741e695b-2fb2-49a5-b65e-e1ca35e4f22e, trailer      , 2026-06-19 06:56:46.112544+00
7d446730-7047-4844-b9ea-4cbcb82c808e, b398dddd-f929-4b6f-af71-38b2c44d7828, hd           , 2026-08-29 05:25:34.79132+00
7d4a71ca-8f0b-4086-8aa1-be37f9a95327, 829a1b68-157e-4fc8-b846-fc7da04dc08b, trailer      , 2026-06-04 23:03:45.056418+00
7db05978-b0e4-48d1-bf10-161694093430, 26145ba2-4653-442d-9b59-83afd588125f, hindi-dubbed , 2026-06-09 00:15:38.222725+00
7dd9627d-77f2-46d9-9ed6-dad2e6f17bd2, 689d4081-7e07-43b3-8a50-d65e0008c788, trailer      , 2026-07-07 14:33:04.081508+00
7de48003-28b7-4073-a24c-e2c9e00e4c80, fdb65087-0dd6-4412-8f04-0a92bd77d8cf, bollywood    , 2026-06-09 00:15:38.222725+00
7e190a21-e77c-4a16-82a4-24cde73762eb, 8f0b1d06-53ce-4192-ad2b-41578c782406, hd           , 2026-06-04 23:03:45.056418+00
7e3b2310-4d74-4d5c-9f4e-25cd5fb263cb, 5dab850c-9a16-4a75-aaa7-987fb18f1890, hd           , 2026-08-06 05:51:36.869959+00
7e65da9d-a37b-483a-8686-2bbc662d887e, ec1aeb7d-6836-4e79-8dec-3df86bfbf8de, zee5         , 2026-06-09 00:15:38.222725+00
7e983ab0-92eb-4745-b3b9-ac16d64c4e43, f5e3fb21-fed4-4b3b-b5a0-6f70416d607c, mystery      , 2026-08-04 09:02:49.825829+00
8075452e-e19f-4f47-92fb-53efe8153cc7, 768e4cc0-a944-42fd-bff0-cb58bde1da23, netflix      , 2026-06-09 00:15:38.222725+00
821aeee3-b170-44ca-9435-8d6642d987e8, 32ec54f9-5144-4f1f-8530-d873c9fb85a2, drama        , 2026-07-19 00:07:28.806691+00
822700a2-6b9a-48d8-b485-d7b87993c226, 1da3af44-0d70-4987-866c-282bf06193ab, trailer      , 2026-06-04 23:03:45.056418+00
82c3b794-b8fe-4717-bf06-9ea8b5560a15, 72473799-16d5-45e4-a391-3a1c6d8fbcae, hollywood    , 2026-06-09 00:15:38.222725+00
83323eb1-e497-4a25-8b6c-1206162fb296, 3d7043f5-dc1e-44eb-a753-226a9f26626b, trailer      , 2026-06-04 23:03:45.056418+00
8332e6aa-e8a7-4767-9b7c-f27e1409d7a1, c9e4afdd-d2f4-4fad-8181-69bbc91cec9f, bollywood    , 2026-06-04 23:03:45.056418+00
8335b66d-5551-4236-96c3-7c9270b1b557, c49d7610-6377-4044-8375-84b03781d3f6, netflix      , 2026-06-09 00:15:38.222725+00
833b7ae8-3e55-4048-a477-40cd6b58a472, e5875f34-1378-4c2f-be76-aab98750f553, hd           , 2026-06-04 23:03:45.056418+00
837a0546-119b-4c20-b2bf-c135c9040ebf, 69b2d8b2-f874-41ce-bb56-156780abccea, korean       , 2026-07-19 00:08:24.765468+00
83c0e709-1e04-4488-8648-f67be6ea2b5d, 5ae2583b-7181-4a06-9a3a-9843afa742e6, trailer      , 2026-06-04 23:03:45.056418+00
848ec04d-356b-4ae5-ab25-4b3e882f69b6, ba675d13-e1a9-4e4f-b9b9-b2f6df7b1e23, drama        , 2026-06-25 17:02:23.523512+00
84ac7ce5-014c-4b43-8227-36c5113c627e, 07d30f2a-ae45-4ad4-b9ea-52f4f90c3416, bollywood    , 2026-06-04 23:03:45.056418+00
8567e1cc-bc0a-435d-9628-a1dc58563ca1, e821eddb-021d-4e93-a97e-7ea625005e58, trailer      , 2026-06-13 11:14:31.079782+00
85a233d1-0818-4b1a-aec9-7facb42bdb1c, dee61461-85ff-476a-96e4-06739f167c96, dual-audio   , 2026-06-09 00:15:38.222725+00
85e0ba68-4c14-46a5-987e-ea8f0ea8a941, 98472ff1-4f89-4c81-a82d-5ceb3c0dd49b, dual-audio   , 2026-06-04 23:03:45.056418+00
85e88364-41b5-4ff2-b913-d308f355a126, 755b4907-ca6b-41e7-aac7-4fba694032df, dual-audio   , 2026-08-29 05:33:36.305553+00
85f20da3-ebca-47ba-951e-994efb39303a, eb9b7e74-32a6-4ef8-be69-173fb73a7ca0, hd           , 2026-06-04 23:03:45.056418+00
863c5a21-c7a0-448c-975b-86cca0e84489, c911a97a-60a7-4438-a73f-6d37bd943105, hindi-dubbed , 2026-06-09 00:15:38.222725+00
867d25bf-f258-43a9-84c4-0ee27931bfdc, 72a60fac-5606-419e-b8a2-f44f50a18408, bollywood    , 2026-06-04 23:03:45.056418+00
86873587-b3ed-4c78-b6c8-bf2899e47b0e, 20c6adef-a7f5-4b5c-93fe-3f702f353022, hd           , 2026-06-04 23:03:45.056418+00
86b65a43-4dec-4555-9649-ae1b873429c0, 7d8f7e22-3e9b-4386-a88c-0203f81be1ed, drama        , 2026-06-27 11:45:00.618373+00
86ec37a6-e7ba-4432-9555-5a0499466bcb, 9ffc366f-fa6f-4e1d-be04-20effd6fe78e, zee5         , 2026-06-07 08:57:45.780236+00
86fa2717-9dc9-4252-adb9-e44a083e7652, 0d807c12-c74c-4c24-bbd5-4e2b8c8c3730, hd           , 2026-08-06 13:17:29.971856+00
87853b54-49ea-48bc-825e-25bdbe7adae6, af168b1b-d8c9-4de1-b0a2-c74be9d1d219, tamil        , 2026-06-09 00:15:38.222725+00
87ef5c00-7aac-4602-90ae-10c5cc6066b1, 1ff581b9-670f-49f9-a11a-cddfb3dfa829, 300mb        , 2026-06-13 11:14:37.6578+00
8824f13b-ee63-4d2e-87c8-a1d2a307b34a, 8971172c-b776-4497-90fc-dd3edfade329, hd           , 2026-06-04 23:03:45.056418+00
88aa4416-b8cf-4351-98a1-84d51ed95420, af168b1b-d8c9-4de1-b0a2-c74be9d1d219, hd           , 2026-06-04 23:03:45.056418+00
88aae245-1110-4e5c-93a0-5f5615f0afdd, 90c0ee59-62e0-48e0-a807-dad506680bae, trailer      , 2026-06-18 14:00:57.368267+00
88bbe847-72bf-47a9-8b74-3ea4ef8c042b, 83136214-8b26-4923-bb19-4f0fec5017b0, hollywood    , 2026-08-09 03:40:41.430761+00
88e42915-84b7-40cf-bb00-2caf1585ba69, 130e9b75-fde9-4952-a933-45fd00596525, trailer      , 2026-06-04 23:03:45.056418+00
891d17af-4c8f-4623-87d5-7f997e796f22, 68048b2a-23d3-42ff-bb33-fba19c6a609b, drama        , 2026-08-06 05:44:42.254413+00
89621f83-99d6-4dc6-bf6c-6ff564198b79, e422b795-2a44-4402-822b-c63c33b5ccfd, bollywood    , 2026-06-04 23:03:45.056418+00
896eed6c-d29b-462a-8138-32be3bda6362, 377294fa-9cb6-45a9-ad8d-efacdbad0097, trailer      , 2026-06-04 23:03:45.056418+00
8994266e-79f2-4f06-bb90-f8f289632b7e, 0d807c12-c74c-4c24-bbd5-4e2b8c8c3730, netflix      , 2026-07-23 02:43:18.736572+00
899fac20-78fe-41a7-a8a9-c5dc2ed0e230, 7deb25f7-c0ec-4f6b-98a1-1448202416f7, dual-audio   , 2026-06-04 23:03:45.056418+00
899fdc0c-4a63-4ac2-afb0-accc3a751020, dee61461-85ff-476a-96e4-06739f167c96, trailer      , 2026-06-04 23:03:45.056418+00
89f16227-d52d-49e2-b272-2e1914738f6f, 98472ff1-4f89-4c81-a82d-5ceb3c0dd49b, trailer      , 2026-06-04 23:03:45.056418+00
8a11b2c7-1e15-441c-98f1-5113fa01c91d, 184e1d10-7883-49c1-b3d5-3f9a3cfab1e4, dual-audio   , 2026-06-04 23:03:45.056418+00
8a88e08d-5dfd-47b0-96d5-29e913b9183b, 403edaa0-599c-4912-8928-eeb11144764f, trailer      , 2026-07-13 21:00:04.086748+00
8a9217e6-7de2-4056-8648-2c83d9025cb1, e821eddb-021d-4e93-a97e-7ea625005e58, thriller     , 2026-06-13 11:14:31.079782+00
8aa66182-63a4-4b0d-9bce-e4af71ace4f2, 67433e42-fa4c-4896-a56a-f763533d28c3, trailer      , 2026-08-22 11:04:11.013132+00
8ae60320-ff1a-420b-be4d-1b9cf785da5e, 475c49ce-3b40-4268-a366-82f0b97879ca, hd           , 2026-08-06 13:32:47.328915+00
8b321b05-963c-41c5-88f7-b82a370a0d73, 296b3c5d-a4aa-4992-98b7-c1b5421c1cc7, trailer      , 2026-06-19 07:10:21.25912+00
8c4bdf1c-c3cb-41b7-af99-77bf65070baf, 0a46e08a-85ee-41c9-9f70-e3c0772a3dc2, trailer      , 2026-06-04 23:03:45.056418+00
8cdbdab2-d8f8-4493-ac24-9ac30139e209, 4ae4ce4d-eda6-4935-82c2-3cb70ca34506, 300mb        , 2026-06-12 11:39:33.406012+00
8cffb731-82b7-4816-9d5b-54482bbe31cd, b88d42a0-c31a-481f-858c-955078ad4cb4, crime        , 2026-07-03 16:15:05.701609+00
8d0baf54-589a-437a-a63d-a43b840f719a, 32ec54f9-5144-4f1f-8530-d873c9fb85a2, hd           , 2026-08-06 13:29:50.202043+00
8d1ef76f-9bac-420f-be13-df519bfe70b7, 4022077b-40ed-4d09-b1ad-ecc45124a99b, hindi-dubbed , 2026-06-09 00:15:38.222725+00
8d25272e-448c-452f-96b5-f355d9c9c654, 5dab850c-9a16-4a75-aaa7-987fb18f1890, dual-audio   , 2026-08-06 05:51:36.869959+00
8e5949b7-b568-461c-b069-821d546412d1, 130e9b75-fde9-4952-a933-45fd00596525, hbo-max      , 2026-06-09 00:15:38.222725+00
8eab727e-3082-4f2e-b3ab-7be0754bcb4f, 2f25d48e-f17c-4384-a307-1c9cdcf42721, trailer      , 2026-06-04 23:03:45.056418+00
8ebb3f06-7b6c-4758-bde3-9bcdbf53cdff, 9460bb80-66f8-4588-97ad-5c988f294175, hindi-dubbed , 2026-07-25 13:43:01.325045+00
8ef37b85-2ae3-4bb0-ba12-27ca21042685, ecd03f37-9d72-42cf-b1eb-73dfd6bc7c77, trailer      , 2026-06-04 23:03:45.056418+00
8efb75d6-abe3-421e-8400-6385b214fe13, 28b60b20-8c9f-445c-a05f-f08b40c58060, trailer      , 2026-06-04 23:03:45.056418+00
8fb7ddcb-4bcb-4b76-9a4c-cd7b462bbe5b, 4a021c2e-edd5-45b7-9577-7a621b42086c, trailer      , 2026-09-17 18:00:57.232498+00
9038b459-3675-422f-b931-6b4f22c4f41d, b27dc156-f6c5-4dc9-b90f-3113b9d231f1, netflix      , 2026-06-09 00:15:38.222725+00
906b7224-a861-4c42-a394-14b4bb8f1bb6, 65ab99df-f311-4919-a5d3-47ae47557d5b, trailer      , 2026-08-08 09:02:27.779554+00
907f5284-51b1-4356-8d24-07a21425bf66, 42ac169a-55a3-4ee7-88f6-60a76beb59ba, hd           , 2026-06-04 23:03:45.056418+00
90b472ec-4098-4ffa-b4b2-17f4e3fcb490, 68960430-8965-4953-88c1-a1c8b1b26722, hollywood    , 2026-08-13 12:07:25.632681+00
90d79ad5-779e-40a6-870a-69fa5a7c8d7a, b56cc77b-ae85-470e-84fb-55729cd101bb, hollywood    , 2026-06-09 00:15:38.222725+00
9139ceb6-9456-4773-8c59-5a67d11686ae, 47c34e53-c1a6-4abe-be31-093e18c8f2ef, bollywood    , 2026-06-04 23:03:45.056418+00
914db91d-304a-4eb1-85f2-959e411b3631, f970e969-3c88-467f-b755-90e2ccb9d3d7, hollywood    , 2026-08-14 01:55:33.20805+00
91a768b1-80ef-4d3d-8750-015245e2e298, 56de28be-bbde-4cb4-830c-d7817b779336, netflix      , 2026-06-09 00:15:38.222725+00
91d22760-276b-4829-bf6f-a5e8f87e7163, 423d6a4e-a0d1-4ffe-bc8a-abb10fc11310, hindi-dubbed , 2026-07-16 06:40:58.069084+00
91fd35e2-dda4-463b-817b-39f4780c90b5, 7deb25f7-c0ec-4f6b-98a1-1448202416f7, trailer      , 2026-06-04 23:03:45.056418+00
922fb8da-6225-43b0-944c-4d08d496588f, def0634a-1ee7-475a-8896-63acd8d19234, mystery      , 2026-06-19 06:56:10.721916+00
928610af-41c0-44ec-b533-08141fdbe45a, cd5c6c41-f422-4b7a-8f24-e2a6216b64ad, hollywood    , 2026-06-09 00:15:38.222725+00
936af3c7-aa2e-4adf-989d-61417b7ef3be, ba675d13-e1a9-4e4f-b9b9-b2f6df7b1e23, action       , 2026-06-25 17:02:23.523512+00
93bfde37-67f9-4dc1-b9eb-3f9a77d8d819, 30100030-4b0f-4b90-8caa-84491a782c2b, hd           , 2026-06-04 23:03:45.056418+00
940faf94-537c-484d-ac1c-b9cee527d94e, 4ae4ce4d-eda6-4935-82c2-3cb70ca34506, trailer      , 2026-06-12 11:39:33.406012+00
943d8f1e-03a5-4d5a-a2b2-f24a912c85eb, dfee6827-1afe-4008-aeb8-ad83491f7da8, hd           , 2026-06-04 23:03:45.056418+00
9463a718-b449-48fe-9f68-2ad848f449e8, 8494b67e-4488-435b-87b2-65cce3217a82, hd           , 2026-06-04 23:03:45.056418+00
948d04cd-5db2-43fc-bc84-8f516d80510b, 88368e87-b3f6-414d-9c01-30976ed1798d, dual-audio   , 2026-06-10 10:14:07.049968+00
9504e6ee-e1bc-4f20-bddf-68d48d9e6165, c138df82-b65d-456b-b928-623446a24774, netflix      , 2026-06-09 00:15:38.222725+00
95188dce-5137-43be-84ab-ee0a25d1d3ae, 2a1e25e2-34e6-472b-aa35-2f939b0f5426, trailer      , 2026-06-04 23:03:45.056418+00
95826130-d933-4c6a-bbfb-17efb70d275a, cd5c6c41-f422-4b7a-8f24-e2a6216b64ad, dual-audio   , 2026-06-07 12:22:34.991551+00
9594161a-f463-4754-88d9-51492c72ea8f, b88d42a0-c31a-481f-858c-955078ad4cb4, amazon-prime , 2026-07-03 16:15:05.701609+00
95aae08d-c4f0-4d6b-aff3-e832b9948787, 7d115252-cb74-409a-9da5-24ba96ec7279, hollywood    , 2026-07-31 06:02:19.099016+00
96d90ec2-62a3-4de2-a743-0bea95242928, 755b4907-ca6b-41e7-aac7-4fba694032df, hd           , 2026-08-29 05:33:36.305553+00
97415789-a06f-413b-9927-d4b326d0cefd, aa49d57c-083f-4b95-9cc7-50fa652677ed, dual-audio   , 2026-06-04 23:03:45.056418+00
976442f7-1460-4423-9015-17583cce3fbf, e821eddb-021d-4e93-a97e-7ea625005e58, drama        , 2026-06-13 11:14:31.079782+00
9779fc27-0881-4ffc-a120-f2e839257de7, 9eca62bc-2bef-417a-930e-97631910eb97, bollywood    , 2026-06-19 06:55:15.808591+00
97a9e3e8-8e05-4fa0-bcb3-743322bfe8fc, f5e3fb21-fed4-4b3b-b5a0-6f70416d607c, crime        , 2026-08-04 09:02:49.825829+00
97bd92c0-36f0-488c-8703-a3f530a9c92c, 3e3dc190-3328-4a5d-93f5-4ccb7445777d, hindi-dubbed , 2026-06-09 00:15:38.222725+00
97edad5c-06dd-4bd9-9ac2-e6651d258aec, ea538a38-da48-461c-ac96-eb64cf8e6d2e, dual-audio   , 2026-06-09 00:15:38.222725+00
97f38146-38af-43eb-88f3-d5a2d0f2e856, e7913254-52a2-4a54-8f19-cbd103373a74, hd           , 2026-08-09 03:44:32.107275+00
9859653e-ea94-4472-9739-d6a8726065dd, 8ef0be9f-1fd1-4ff7-aa2f-3da37a417ee1, hindi-dubbed , 2026-06-09 00:15:38.222725+00
98a54292-f9ad-4143-b5ee-0fa51e8fc59e, 8002dc82-168b-4725-a641-edfee096876b, hindi-dubbed , 2026-06-09 00:15:38.222725+00
98c85649-4f1f-4f07-961b-e38a49fc79c5, 1cc36321-4adc-4a20-a1bd-16cf1b086203, hd           , 2026-06-04 23:03:45.056418+00
993325af-2588-4520-9b74-0b53559d103b, ba2a2330-a21e-4ff3-afb3-2f8f4d5648f0, hd           , 2026-06-12 23:58:18.65192+00
99551f39-cf05-4d7d-80ca-679b3fdc94b1, 7cd4d9d5-8bda-4de5-bbeb-fe784f8601bb, tamil        , 2026-06-09 00:15:38.222725+00
9995f234-21c6-46c6-a69d-0637b8302051, ed5fe48c-f51e-4b15-8010-2bdbcf01586c, hindi-dubbed , 2026-06-09 00:15:38.222725+00
99d0e580-dd28-4549-998d-69000fac2d70, 51e9dc76-219b-4767-90e6-5047164b11cc, trailer      , 2026-09-12 17:00:21.561353+00
99d3fe3f-77c8-415d-892a-91f061557afc, f5d178b9-bf79-4d2f-a8b3-fed764eb8471, bollywood    , 2026-06-09 01:36:33.394628+00
99d79e03-ce03-4122-8157-719cfa4e8b7e, 9e1d477b-14fb-451d-be56-505eda455de3, hindi-dubbed , 2026-06-09 00:15:38.222725+00
9a13c623-3f97-4a64-8ed7-fe925fddea92, 0a1d5452-1e63-4794-b5a6-013a70f6b39f, hindi-dubbed , 2026-06-09 00:15:38.222725+00
9a2d5eeb-16e8-4ec3-8b4d-ecfe5c19b313, 72473799-16d5-45e4-a391-3a1c6d8fbcae, dual-audio   , 2026-06-09 01:00:15.366998+00
9a49b89d-cb2c-4265-a23d-c6a7062f3021, f970e969-3c88-467f-b755-90e2ccb9d3d7, netflix      , 2026-08-14 01:55:34.977881+00
9aa99789-75e3-4acd-a0ad-b65ee927e435, d14bf149-9464-488d-af10-7bd084f7c40d, hindi-dubbed , 2026-06-09 00:15:38.222725+00
9bbca898-0830-4d8e-a3f3-83a985fb982d, 1cc36321-4adc-4a20-a1bd-16cf1b086203, 300mb        , 2026-06-09 00:15:38.222725+00
9bda021c-e861-456f-96a1-65a0175e6951, e9d3760e-3188-4d88-90bd-da05714643b6, hollywood    , 2026-09-12 16:50:46.553417+00
9c3d5067-2c3b-431d-bf1d-d594c707cc26, 16b92d6b-919d-46ff-abf4-1c4586c99a33, hd           , 2026-09-17 18:02:34.527391+00
9c4b63b1-0bd0-4711-98a9-51d8617fce12, b88d42a0-c31a-481f-858c-955078ad4cb4, thriller     , 2026-07-03 16:15:05.701609+00
9c4f7d6b-24e8-4747-936e-8e14b648676a, 7d8f7e22-3e9b-4386-a88c-0203f81be1ed, netflix      , 2026-06-27 11:45:00.618373+00
9c703c2b-ace4-45af-b55e-c0167127d749, f5e3fb21-fed4-4b3b-b5a0-6f70416d607c, animation    , 2026-08-04 09:02:49.825829+00
9d0a252f-8170-483a-ba76-a3f2b688d965, eb9b7e74-32a6-4ef8-be69-173fb73a7ca0, amazon-prime , 2026-06-09 00:15:38.222725+00
9d4c8480-ff8d-4597-a7cd-12cf14c86b88, 19a21f42-9c3f-4ca8-a73b-37313652a04d, dual-audio   , 2026-06-04 23:03:45.056418+00
9db088b2-0662-4df6-9c95-ca0781f996dc, 67433e42-fa4c-4896-a56a-f763533d28c3, hollywood    , 2026-08-22 11:00:12.524603+00
9e3eddd5-c487-4aad-9e13-4e6e5766e829, 234baa19-e159-4a1e-a488-ec0872b6c318, dual-audio   , 2026-06-04 23:03:45.056418+00
9e609fc4-aa0e-426f-bd00-44c7da947e18, 526c7801-4a96-4bf3-8915-f7c71615cdf4, hd           , 2026-06-04 23:03:45.056418+00
9e7f735b-0494-40c2-b3a1-2d6083a9dbe9, b398dddd-f929-4b6f-af71-38b2c44d7828, drama        , 2026-08-29 05:22:54.768657+00
9e859f8d-7cde-42e2-8499-a5580b773c63, aa49d57c-083f-4b95-9cc7-50fa652677ed, amazon-prime , 2026-06-09 00:15:38.222725+00
9f4021bf-a6dc-40bc-ab2a-59e28edd3337, 1cc36321-4adc-4a20-a1bd-16cf1b086203, bollywood    , 2026-06-04 23:03:45.056418+00
9f5d219b-3d1b-42da-8eab-3ce6583599d8, 9460bb80-66f8-4588-97ad-5c988f294175, drama        , 2026-07-25 13:43:01.774286+00
9f7a45ae-5608-409e-a58f-10c871803df9, 666deca2-dec0-4f9a-bd66-3d65a2542c67, hd           , 2026-07-25 13:21:01.895531+00
9fa782d4-3208-47f2-9350-8f1c5f1567f9, 5b882067-20f3-4d77-93b9-c543397c2cf8, korean       , 2026-09-12 16:49:48.246574+00
a00144bf-a5ee-48b9-926a-65304ce2ba67, 68c1ea29-0353-40bb-b7aa-3daccd270158, dual-audio   , 2026-06-04 23:03:45.056418+00
a03ac227-7b1c-4324-a78c-4b9a34e4f2b3, aa49d57c-083f-4b95-9cc7-50fa652677ed, hd           , 2026-06-04 23:03:45.056418+00
a098bf5b-036d-4cff-b023-52b589ab35ee, 8002dc82-168b-4725-a641-edfee096876b, netflix      , 2026-06-09 00:15:38.222725+00
a0a6714d-cfcd-4e0a-aca2-24d7af6d9dd4, d7041dfd-3492-4974-aa36-7b197f2b91bd, hollywood    , 2026-06-09 01:36:33.394628+00
a0d1e6fe-cc7c-4218-839d-e15a64772883, c59509bd-67ad-4195-b171-687509e599bd, hd           , 2026-06-04 23:03:45.056418+00
a0ea92a8-06a5-48e3-8026-b4c75fc88e4d, b56cc77b-ae85-470e-84fb-55729cd101bb, hindi-dubbed , 2026-06-09 00:15:38.222725+00
a10b3b0e-93ea-4310-9afb-9d92cccb1cc1, 42ac169a-55a3-4ee7-88f6-60a76beb59ba, trailer      , 2026-06-04 23:03:45.056418+00
a15cc105-14a1-41d8-95ea-c827f525b354, 377294fa-9cb6-45a9-ad8d-efacdbad0097, hindi-dubbed , 2026-06-09 00:15:38.222725+00
a17a4c7a-dcc0-4840-ae5d-8924c421934d, 02221c29-2645-445d-91aa-d807e308f1a4, hindi-dubbed , 2026-06-09 00:15:38.222725+00
a1d7bc7f-4a69-49be-afea-6709120aba9e, 9f377176-5455-451f-958e-b8b522ed7f9f, bollywood    , 2026-06-09 00:15:38.222725+00
a1fa7de0-de14-4aba-919a-51721d94f17c, 8ef0be9f-1fd1-4ff7-aa2f-3da37a417ee1, hollywood    , 2026-06-09 00:15:38.222725+00
a2639510-c1ad-47c9-abfd-665ce33c3f17, 72473799-16d5-45e4-a391-3a1c6d8fbcae, netflix      , 2026-06-09 00:15:38.222725+00
a274f380-4f41-4fca-a9b8-290adeedbb13, 741e695b-2fb2-49a5-b65e-e1ca35e4f22e, dual-audio   , 2026-06-19 06:56:46.112544+00
a2c1feee-fcfe-4874-ac71-4752e68ff108, 7cc014ee-2a24-4969-b567-41061b455189, trailer      , 2026-07-07 14:44:19.998698+00
a30ba1d6-7195-4e3d-bc22-15da0bfee208, 62ef59e1-bac7-40f2-a0ec-64e098f2fcce, hd           , 2026-08-06 05:53:16.586097+00
a3195876-2ff5-4a5f-b3c4-c81a9488bc40, 1020e713-4c23-45b2-8eaf-5df683eca12c, trailer      , 2026-09-11 15:07:17.877628+00
a31f84f6-cf6e-4e4b-b3d4-f1b4c9b97a33, ec1aeb7d-6836-4e79-8dec-3df86bfbf8de, bollywood    , 2026-06-04 23:03:45.056418+00
a3357e30-ba55-4510-b24f-013db6624948, def0634a-1ee7-475a-8896-63acd8d19234, drama        , 2026-06-19 06:56:10.721916+00
a3490eec-c2b8-415d-971d-1405eae476ca, 7cc014ee-2a24-4969-b567-41061b455189, action       , 2026-06-23 16:11:53.390453+00
a39e809d-defd-423c-8bb4-4a33d01ff062, 377294fa-9cb6-45a9-ad8d-efacdbad0097, dual-audio   , 2026-06-04 23:03:45.056418+00
a3d9b6aa-d1b8-46d8-ad09-ea6cdfc8181b, def0634a-1ee7-475a-8896-63acd8d19234, trailer      , 2026-06-19 06:56:12.16165+00
a3e6fa2a-04f5-4275-b0e4-7185c0dbd248, 90c0ee59-62e0-48e0-a807-dad506680bae, drama        , 2026-06-14 05:59:52.002872+00
a47e319f-ecf9-444b-bbc0-7b65b614f4fa, 92d7266b-0364-4431-be90-1883b338822e, hindi-dubbed , 2026-06-09 00:15:38.222725+00
a4999dd9-74ac-4ee3-b30a-fe96df85969d, 65ab99df-f311-4919-a5d3-47ae47557d5b, hollywood    , 2026-08-08 08:48:07.288271+00
a4b4998e-d24b-48fc-828f-5a8746608285, 741e695b-2fb2-49a5-b65e-e1ca35e4f22e, hollywood    , 2026-06-19 06:56:43.481045+00
a5a1ad66-2051-4d86-ad9c-6ecfdc2f658d, 4091603b-0e66-46de-921c-92f62032a3eb, hindi-dubbed , 2026-06-09 00:15:38.222725+00
a62143c5-0709-4dd2-bbd8-11612ea22af1, 8ef0be9f-1fd1-4ff7-aa2f-3da37a417ee1, dual-audio   , 2026-06-04 23:03:45.056418+00
a63b4695-5aab-4bde-9f12-317967a6bf8f, 92d7266b-0364-4431-be90-1883b338822e, trailer      , 2026-06-04 23:03:45.056418+00
a689a2a5-73c8-4c7a-a3a2-6b5a81d185fc, 65ab99df-f311-4919-a5d3-47ae47557d5b, amazon-prime , 2026-08-08 08:48:08.006674+00
a6c6ce37-edc7-4188-8f4a-0bf813b09d0f, 28b60b20-8c9f-445c-a05f-f08b40c58060, hd           , 2026-06-04 23:03:45.056418+00
a6ce7cb8-760b-46b6-9ba0-ea689675d374, 90f200ca-ad34-4392-a8dc-f6d9fc7696e1, hd           , 2026-06-04 23:03:45.056418+00
a6e1527a-ca39-447e-89a9-a5f248279f28, 62ef59e1-bac7-40f2-a0ec-64e098f2fcce, dual-audio   , 2026-08-06 05:53:16.586097+00
a6f1412c-74f8-4128-b5f4-422546052843, 9eca62bc-2bef-417a-930e-97631910eb97, drama        , 2026-06-19 06:55:16.874797+00
a7115bce-12ff-4dde-9aed-c835606aeeac, 566514d0-6de2-433c-b34c-f0d573cdce01, bollywood    , 2026-06-04 23:03:45.056418+00
a7ae2a68-925b-4439-99b9-083529ad9f02, 45245829-b32d-4c17-a08d-7212c318e7cc, netflix      , 2026-07-03 16:17:01.214693+00
a83a2b7e-49c3-4a88-aceb-2e2cb6da94e3, 6a1708cd-eb32-4c84-9cef-6a0037c4cb12, hd           , 2026-06-04 23:03:45.056418+00
a91f245f-4fc8-4056-901a-28876d5f7887, e8c551cf-df8b-421c-a55b-ac661835c0b1, hd           , 2026-06-04 23:03:45.056418+00
a9811767-1901-4ddf-81d4-cce1c6316a25, c50acf53-b2cd-4b97-8393-f7ef222bad45, hollywood    , 2026-06-09 00:15:38.222725+00
a99a8aa4-07a7-4474-af99-1535b99ac227, 475c49ce-3b40-4268-a366-82f0b97879ca, trailer      , 2026-08-06 13:32:47.328915+00
a9b2bbd8-7a9c-4b63-8d75-cf2c350ae16f, 71be43fc-40d4-422d-a133-568f4041369b, hd           , 2026-06-04 23:03:45.056418+00
a9edce84-9196-4db1-9f3e-e9e3704ef4ce, a44e4c25-ae19-442c-94e8-47b4246121f8, hindi-dubbed , 2026-08-13 14:11:26.539977+00
aa09f711-9bb4-4f74-a2d9-96400b45a7e1, 5ab5a27f-8679-4b6c-b884-40202302afa9, hollywood    , 2026-06-09 00:15:38.222725+00
aa1d5f1d-1605-4961-8757-53d7d5098f50, faf3b19a-820b-4110-acd8-7c5854a180be, hollywood    , 2026-06-09 00:15:38.222725+00
aa55e928-5797-4c35-b656-0b61ee3381d0, 450644bd-f0ec-4ea0-8c81-7fb7258214c2, hd           , 2026-06-04 23:03:45.056418+00
ab424352-3135-46ca-918d-a586570dfb41, 184e1d10-7883-49c1-b3d5-3f9a3cfab1e4, hollywood    , 2026-06-09 00:15:38.222725+00
ab57c4ff-3689-4e48-921f-ea24cd539e3a, 02221c29-2645-445d-91aa-d807e308f1a4, dual-audio   , 2026-06-04 23:03:45.056418+00
ab90bc8d-595f-4087-af89-0aa800364a71, 7d8f7e22-3e9b-4386-a88c-0203f81be1ed, mystery      , 2026-06-27 11:45:00.618373+00
ab9be3a0-ae08-4c38-9993-13cbe27ec0b2, 7cd4d9d5-8bda-4de5-bbeb-fe784f8601bb, trailer      , 2026-06-04 23:03:45.056418+00
abee59f4-bf34-4637-8965-a68c0445da6b, ea538a38-da48-461c-ac96-eb64cf8e6d2e, 300mb        , 2026-06-09 00:15:38.222725+00
ac73cb1f-1df5-4a86-8db4-ba55b40cf6b2, 1c0fa1bd-e6c1-44d1-af32-372d3a3dc9e6, trailer      , 2026-06-04 23:03:45.056418+00
acdb1dc8-f076-41f3-a840-3e3727005a4d, 941105b5-4bf6-4ff7-8866-1e50b242befe, amazon-prime , 2026-06-09 00:15:38.222725+00
ad0942cd-7980-4c83-acd7-a266256fe10a, 90455827-6e07-488d-9948-f3b6d13f501f, hindi-dubbed , 2026-06-09 00:15:38.222725+00
ad3e7e05-4785-4086-817d-56b9aded3d6b, b95c1718-52ff-45b3-8c5f-0fa71875252a, netflix      , 2026-06-09 00:15:38.222725+00
ade18171-e8b3-4472-8a6e-3d976f97fb3b, 8f0b1d06-53ce-4192-ad2b-41578c782406, trailer      , 2026-06-04 23:03:45.056418+00
ae20988f-2f42-4c3f-9029-bae01a3727bf, d7830f54-c370-4dae-be8f-b1c688bc367d, hindi-dubbed , 2026-06-09 00:15:38.222725+00
ae4fc389-594e-463d-bcb8-0368fdf5a87c, b398dddd-f929-4b6f-af71-38b2c44d7828, netflix      , 2026-08-29 05:22:54.768657+00
ae5678e5-2f98-4bf8-af91-c5f561a1d36f, 9f377176-5455-451f-958e-b8b522ed7f9f, hindi-dubbed , 2026-06-09 00:15:38.222725+00
ae909d5c-24bb-4e00-8108-a89d213410ae, d3aee31c-f0ce-4187-add5-6b520d7449c8, dual-audio   , 2026-06-04 23:03:45.056418+00
ae966f77-3e5e-4ff1-9218-bf7324df4bcf, b8f3df02-3a79-49ec-ae89-b236118654ea, hollywood    , 2026-06-09 00:15:38.222725+00
aeadca76-f490-4e7f-abdc-7d41b1c71f0c, 7cc014ee-2a24-4969-b567-41061b455189, hd           , 2026-07-07 14:44:19.998698+00
aec1b2d2-5533-4f08-a34b-467d4017c106, 8f2a87dd-1d64-4210-9caf-dcbaa893b1c1, amazon-prime , 2026-06-09 00:15:38.222725+00
af219e55-4ccc-475d-a603-245a7f858121, 07d30f2a-ae45-4ad4-b9ea-52f4f90c3416, trailer      , 2026-06-04 23:03:45.056418+00
af3186bb-73ae-4ddd-916c-eb4ca9335b1a, d25650da-1900-4f77-9067-f7ee2474f800, bollywood    , 2026-06-09 01:36:33.394628+00
af94c79c-0b2c-49af-9632-60ccf3da9375, 69b2d8b2-f874-41ce-bb56-156780abccea, netflix      , 2026-07-19 00:08:25.378257+00
af98d4df-c35c-4650-ab36-966e47976cab, 689d4081-7e07-43b3-8a50-d65e0008c788, japanese     , 2026-07-07 14:33:00.225245+00
afaaa20a-607c-488a-a77e-cbb7d4dff6c2, d3aee31c-f0ce-4187-add5-6b520d7449c8, hd           , 2026-06-04 23:03:45.056418+00
afe6e0b1-1123-45a7-a581-08b619de5334, 755b4907-ca6b-41e7-aac7-4fba694032df, drama        , 2026-08-29 05:31:31.076088+00
b01789a9-55e8-4162-8c34-8d14f4ee9cbd, c50acf53-b2cd-4b97-8393-f7ef222bad45, dual-audio   , 2026-06-21 06:06:07.363996+00
b07374d2-be5d-4af2-835d-f16882cdd3cf, 234baa19-e159-4a1e-a488-ec0872b6c318, hd           , 2026-06-04 23:03:45.056418+00
b08e6d3b-4e27-4d68-ac8c-90ee93b1a6b1, 184e1d10-7883-49c1-b3d5-3f9a3cfab1e4, trailer      , 2026-06-04 23:03:45.056418+00
b09d001b-790c-4267-9c86-e3d20eae88a2, 423d6a4e-a0d1-4ffe-bc8a-abb10fc11310, hd           , 2026-08-06 13:41:30.207269+00
b0a65f69-70de-402d-b4a0-7e765553ebc3, 8f2a87dd-1d64-4210-9caf-dcbaa893b1c1, hd           , 2026-06-04 23:03:45.056418+00
b0ad4721-86d2-4927-8a6c-a02de4d916f1, b24c6629-7baa-4b92-8a9b-d8547aa85134, hollywood    , 2026-06-09 00:15:38.222725+00
b0df2452-d409-40b0-84cb-1a04b8b1b8d5, a4d7688c-c39d-495f-a95b-9af0c79a853e, amazon-prime , 2026-06-09 00:15:38.222725+00
b0fd431f-84d1-47cb-9b2f-e832e02f42f1, 3a89c539-3020-4607-8f1c-152504294a1e, bollywood    , 2026-06-04 23:03:45.056418+00
b1351de7-766e-4dc6-a1b9-fdd9e026e279, d14d36f8-8b1c-4b0e-9489-368eadbc2f68, crime        , 2026-08-21 02:00:03.535215+00
b1524000-52d3-4ef5-b015-48e4128cd520, 90c0ee59-62e0-48e0-a807-dad506680bae, hd           , 2026-06-18 14:00:57.368267+00
b1678cd8-51ae-4de4-b7e4-fbce07ddc690, 8de935dc-3b46-45ed-84b7-7292346b9c46, jiohotstar   , 2026-08-17 07:29:08.58907+00
b1f967c9-c846-4b99-902c-4dfb549766de, 3d7043f5-dc1e-44eb-a753-226a9f26626b, hindi-dubbed , 2026-06-09 00:15:38.222725+00
b217847e-5809-47a0-a071-776532286e9f, 689d4081-7e07-43b3-8a50-d65e0008c788, dual-audio   , 2026-07-07 14:33:04.081508+00
b24cfc2a-1264-40eb-9922-387bd0b09f1a, d7041dfd-3492-4974-aa36-7b197f2b91bd, netflix      , 2026-06-07 09:02:35.529218+00
b24e5d64-40a0-404f-b56f-da2fed2f51a7, b95c1718-52ff-45b3-8c5f-0fa71875252a, hd           , 2026-06-04 23:03:45.056418+00
b26846d9-8fe7-4d16-bcce-1a705c6462f7, 9fdfe89a-5ace-4ce7-ad6a-b610c16d1af8, hd           , 2026-06-04 23:03:45.056418+00
b2f8c009-74e7-45f5-9c4a-6430d50d46bd, 9d6883e5-1bee-43c4-a187-441381d6f8ff, bollywood    , 2026-06-04 23:03:45.056418+00
b2facd63-79c8-41d6-9c2b-a6a8379ab865, fca6d04b-1d23-4748-9b19-012de9845d78, dual-audio   , 2026-06-04 23:03:45.056418+00
b315493e-e4b9-459d-af16-0f5108383017, d14bf149-9464-488d-af10-7bd084f7c40d, hd           , 2026-06-04 23:03:45.056418+00
b35b90ec-d631-44a4-bd1a-f892026737e5, 92d7266b-0364-4431-be90-1883b338822e, hollywood    , 2026-06-09 00:15:38.222725+00
b3a0d3dc-81db-4de2-8878-4179233ff658, 68048b2a-23d3-42ff-bb33-fba19c6a609b, hd           , 2026-08-06 05:46:20.172572+00
b41ae8a3-b8dd-48f3-bc12-f6ce5b527938, 1c0fa1bd-e6c1-44d1-af32-372d3a3dc9e6, hd           , 2026-06-04 23:03:45.056418+00
b4585047-c2f2-4a26-a8c6-58cee200ee46, 81684038-b418-400d-bc24-79cac51ad661, netflix      , 2026-06-09 00:15:38.222725+00
b5019d22-acd8-435d-ac88-2f5a9b99b864, 6ac1c6c9-1f3b-40eb-9a75-c130b4935dd5, hollywood    , 2026-06-09 00:15:38.222725+00
b5227c1c-8825-4aec-a49d-c92ad7becdb7, df977db6-020d-441f-a70c-e6f6c2464ea6, comedy       , 2026-07-03 16:18:26.073446+00
b55086f7-58b6-4b61-9282-820698c8c80d, 0a46e08a-85ee-41c9-9f70-e3c0772a3dc2, tamil        , 2026-06-09 00:15:38.222725+00
b5933801-d4b9-4a98-9e19-ad38a7e2ace9, b6bc15f8-f5d9-4a94-b6a7-e7afef6231a2, netflix      , 2026-06-09 00:15:38.222725+00
b621d10c-add9-40db-b214-e0de6f7faace, 32ec54f9-5144-4f1f-8530-d873c9fb85a2, bollywood    , 2026-07-19 00:07:27.874331+00
b6224f4a-d396-4704-90a0-a0f3ae078299, aa165d1d-353d-44be-b5bc-35efa61cf14e, drama        , 2026-07-07 14:33:26.270508+00
b622f612-71aa-4210-a145-109730e441df, 755b4907-ca6b-41e7-aac7-4fba694032df, mystery      , 2026-08-29 05:31:31.076088+00
b72df0aa-eee1-4464-aa10-7c57a7a08a43, 9c543037-e915-491d-b424-614e4ff7ae94, hd           , 2026-06-04 23:03:45.056418+00
b766ea3d-3648-47b6-bb9c-66734475bade, 7cd4d9d5-8bda-4de5-bbeb-fe784f8601bb, hd           , 2026-06-04 23:03:45.056418+00
b767d4c4-85f8-4e0f-8e03-eade54a4f358, 16b92d6b-919d-46ff-abf4-1c4586c99a33, thriller     , 2026-09-17 00:23:59.384913+00
b768e9e6-6a60-4b2e-9fe6-3b883966f39e, bcc7da47-7059-4aa4-b143-ebac33ee1c9c, comedy       , 2026-09-13 23:18:20.471889+00
b7c8c79d-03a8-4fae-9f31-a344ceda168d, 076d2c4e-b823-440c-af91-66260f6b373a, dual-audio   , 2026-06-04 23:03:45.056418+00
b8414307-5413-4df6-bcf6-8dd63182e9b6, 76e2d952-0194-4796-9be5-b8036bdbd2ec, korean       , 2026-06-09 00:15:38.222725+00
b871b9c2-3049-4781-9a0a-82a382ae0493, 69b2d8b2-f874-41ce-bb56-156780abccea, drama        , 2026-07-19 00:08:25.378257+00
b8d3632d-eca9-4509-a542-1b5fe364cdb0, b24c6629-7baa-4b92-8a9b-d8547aa85134, hindi-dubbed , 2026-06-09 00:15:38.222725+00
b8e0460e-32d8-4510-bdcb-bf8cf19d51ad, 71be43fc-40d4-422d-a133-568f4041369b, trailer      , 2026-06-04 23:03:45.056418+00
b935776d-0bfc-48e4-902a-02cd0dbd21db, f5e3fb21-fed4-4b3b-b5a0-6f70416d607c, amazon-prime , 2026-08-04 09:02:49.825829+00
b9b8ad9d-e7e1-4ab8-9c29-105d9d7b19fc, 28f1c8e7-02f1-45c6-bc22-3aee2a4d0145, hd           , 2026-06-04 23:03:45.056418+00
ba024780-3576-409b-b14d-024eb44ac565, 7626edbf-820e-43da-b390-ba1fcd2e9327, hollywood    , 2026-08-28 16:34:33.802453+00
ba20ac8e-8f8c-465b-a336-6da5555d004e, e7913254-52a2-4a54-8f19-cbd103373a74, comedy       , 2026-08-09 03:43:26.992166+00
ba6c7518-28d4-423d-aaa7-532583763b0e, c138df82-b65d-456b-b928-623446a24774, dual-audio   , 2026-06-04 23:03:45.056418+00
ba95acbf-947b-49d6-9a87-13944e2423f4, ede93384-bad7-464c-8f89-54312a4bea74, bollywood    , 2026-06-04 23:03:45.056418+00
ba9aa5bf-a999-4e1f-8699-73f91df308d8, bab05b70-bb3c-40c9-9347-7b61d6e3580e, sonyliv      , 2026-06-09 00:15:38.222725+00
bb334869-4036-413d-9e93-370e38f011e1, fc43c8a6-6102-4bd1-bf6c-5100d5b52416, action       , 2026-07-16 06:34:35.512499+00
bb8c02d2-38f0-475c-9221-69837d2c08f7, 90455827-6e07-488d-9948-f3b6d13f501f, hd           , 2026-06-04 23:03:45.056418+00
bb985cfc-e2ef-42ee-9afd-1f58231a0660, a44e4c25-ae19-442c-94e8-47b4246121f8, amazon-prime , 2026-08-13 14:11:27.61448+00
bbf5a410-ad2c-44b7-b844-ca0100df0cdc, 076d2c4e-b823-440c-af91-66260f6b373a, hollywood    , 2026-06-09 00:15:38.222725+00
bc432db4-7a17-462e-84bd-73a5db096dca, aa49d57c-083f-4b95-9cc7-50fa652677ed, trailer      , 2026-06-04 23:03:45.056418+00
bc6fd0bd-4ee4-4f64-9840-5c506d9b0c1f, 7626edbf-820e-43da-b390-ba1fcd2e9327, mystery      , 2026-08-28 16:34:34.744866+00
bcbe5281-4a8b-4dfe-ac10-bd87f44d7989, 7cd4d9d5-8bda-4de5-bbeb-fe784f8601bb, hindi-dubbed , 2026-06-09 00:15:38.222725+00
bcd3b20e-893e-48c5-bd72-d0b30b09c0bd, 01548668-4b37-43d2-9947-5135e88ba7ae, amazon-prime , 2026-07-13 20:59:22.917458+00
bcebfe99-7f1f-4711-ac0b-40758a6823ba, 5dab850c-9a16-4a75-aaa7-987fb18f1890, trailer      , 2026-08-06 05:51:36.869959+00
bd306aff-91aa-4f12-b619-97ea29aeb18f, f101231b-5afc-4b73-891a-ee4c5e717222, hollywood    , 2026-08-17 07:45:09.283269+00
bd5ca732-325c-4265-b564-9a5942593806, aa49d57c-083f-4b95-9cc7-50fa652677ed, hollywood    , 2026-06-09 00:15:38.222725+00
bd66b555-cebc-4c47-8ebe-a8787a56952c, 56de28be-bbde-4cb4-830c-d7817b779336, trailer      , 2026-06-04 23:03:45.056418+00
bd6dd9ba-ec1e-4334-b8dd-0ccbf770a2c8, 3d7043f5-dc1e-44eb-a753-226a9f26626b, hd           , 2026-06-04 23:03:45.056418+00
bde15e4c-9278-4e98-8861-a98e8522a721, aa165d1d-353d-44be-b5bc-35efa61cf14e, crime        , 2026-07-07 14:33:26.270508+00
be3c39d4-c463-4cc8-b4bc-49fdc6f74eb6, 19a21f42-9c3f-4ca8-a73b-37313652a04d, hd           , 2026-06-04 23:03:45.056418+00
be41989b-b559-449c-9738-c23bbfba30eb, b472913f-230d-4ed9-b4e6-a87d44d84a69, trailer      , 2026-06-04 23:03:45.056418+00
be57b146-48d2-4044-91e7-9f96d441f5f0, 4ae4ce4d-eda6-4935-82c2-3cb70ca34506, crime        , 2026-06-12 11:28:16.107582+00
be97c73a-9ee5-4866-8d13-9eef0c9d2e0b, 4af87265-7b38-42c2-81cf-bdd7de90d139, bollywood    , 2026-06-04 23:03:45.056418+00
bef3acfc-d066-49f8-9a79-d071c1ab487d, 403edaa0-599c-4912-8928-eeb11144764f, drama        , 2026-07-13 21:00:00.441106+00
bf321b05-c5fd-4f0b-8fdc-9de16e6d0708, 0d807c12-c74c-4c24-bbd5-4e2b8c8c3730, dual-audio   , 2026-08-06 13:17:29.971856+00
bf6aede8-5c6b-41b5-8904-9898070557e9, 1b1c628b-7568-4b28-bb5f-2db9684c35e8, comedy       , 2026-07-14 18:03:49.277499+00
bf988f2e-bacb-492a-bb97-5267c5ec3db1, f694a5ce-e352-4cba-9b42-886b5d755166, hd           , 2026-06-04 23:03:45.056418+00
bfac84e2-66bb-49a0-8aed-0db85a398ecc, 76e2d952-0194-4796-9be5-b8036bdbd2ec, netflix      , 2026-06-09 00:15:38.222725+00
bff23591-25cb-438f-8a0e-364f65daeb9b, 8f0b1d06-53ce-4192-ad2b-41578c782406, bollywood    , 2026-06-04 23:03:45.056418+00
c0175c24-d789-43dc-97af-043983d7175d, 7a36ca12-7ab9-468b-a0b5-ab9dc4db6bde, trailer      , 2026-06-04 23:03:45.056418+00
c01b5f10-cdf9-493a-9609-eb28d9abe4dc, 83136214-8b26-4923-bb19-4f0fec5017b0, hd           , 2026-08-09 03:54:44.059214+00
c02a04d5-ac7d-414a-9e5e-d9d32681ee4c, b398dddd-f929-4b6f-af71-38b2c44d7828, dual-audio   , 2026-08-29 05:25:34.79132+00
c04234f9-ba81-4dba-b98e-d8b59eee8646, 7c0c52f6-abd7-4758-8888-07166a291a05, hd           , 2026-06-04 23:03:45.056418+00
c061cfbe-705b-4a51-ad31-bcecdd2567b1, 68960430-8965-4953-88c1-a1c8b1b26722, drama        , 2026-08-13 12:07:26.405196+00
c06c3e14-4a19-41ee-92f7-6c1655d827bf, 403edaa0-599c-4912-8928-eeb11144764f, comedy       , 2026-07-13 21:00:00.441106+00
c06d041e-605c-4ae2-9003-30e04f261e72, eb9b7e74-32a6-4ef8-be69-173fb73a7ca0, hindi-dubbed , 2026-06-09 00:15:38.222725+00
c081f17d-cd9a-425f-8c74-56b2afbbd023, 9fdfe89a-5ace-4ce7-ad6a-b610c16d1af8, trailer      , 2026-06-04 23:03:45.056418+00
c0b96b5d-8093-48e9-9c27-a4402118139e, 768e4cc0-a944-42fd-bff0-cb58bde1da23, hindi-dubbed , 2026-06-09 00:15:38.222725+00
c0e85429-2438-4c39-8a01-e1c032f79679, 423d6a4e-a0d1-4ffe-bc8a-abb10fc11310, crime        , 2026-07-16 06:40:58.686174+00
c0f42b45-a5b1-4fc5-a5e5-0a68150fa238, 296b3c5d-a4aa-4992-98b7-c1b5421c1cc7, comedy       , 2026-06-19 07:04:17.173383+00
c14c3c38-c7df-4d9c-a2e1-a902c7ce700a, 9bb2b683-55ff-4154-97fa-33fe11d1240e, hindi-dubbed , 2026-06-09 00:15:38.222725+00
c22535ac-a6db-426d-9de9-af1d05a600fc, 435d747d-63b7-47c2-bfe8-7d63f048b372, hd           , 2026-06-27 06:46:21.77373+00
c27a187e-f4a3-4cb6-9b58-4abd3015c6f6, a80c60e7-50bc-4441-9674-ba8c498042b8, trailer      , 2026-09-13 23:18:38.99562+00
c2878eb3-41dc-42d3-bd3d-34c223a41607, 4022077b-40ed-4d09-b1ad-ecc45124a99b, hollywood    , 2026-06-09 00:15:38.222725+00
c3601ea0-3548-49a1-b2b5-b36f4f87349d, 7a36ca12-7ab9-468b-a0b5-ab9dc4db6bde, hd           , 2026-06-04 23:03:45.056418+00
c36d4cc0-050f-4eee-bf90-b18e242bc168, c911a97a-60a7-4438-a73f-6d37bd943105, hd           , 2026-06-04 23:03:45.056418+00
c38323ba-751d-41a8-9b7e-aa40831e5ffb, 2f25d48e-f17c-4384-a307-1c9cdcf42721, hd           , 2026-06-04 23:03:45.056418+00
c3b3b740-7ed1-4222-b23f-364d2d45629f, 04ea18a2-920d-4ab1-8e66-2cd63e0cad64, dual-audio   , 2026-06-04 23:03:45.056418+00
c4064d70-689c-4a43-9bc8-2a4e347ade5d, 234baa19-e159-4a1e-a488-ec0872b6c318, hindi-dubbed , 2026-06-09 00:15:38.222725+00
c4cbd67c-97dd-4d90-958a-3e97b840888e, 92d7266b-0364-4431-be90-1883b338822e, amazon-prime , 2026-06-09 00:15:38.222725+00
c4fa5b55-abd5-44b5-8d83-f4b2ddcbdbe9, 9d6883e5-1bee-43c4-a187-441381d6f8ff, hd           , 2026-06-04 23:03:45.056418+00
c501d3f1-e48d-4cde-8be1-6d6d63c2f07b, c50acf53-b2cd-4b97-8393-f7ef222bad45, amazon-prime , 2026-06-09 00:15:38.222725+00
c52e9aed-e546-43c6-85c6-4cbf9459a33e, 5ab5a27f-8679-4b6c-b884-40202302afa9, hd           , 2026-06-04 23:03:45.056418+00
c543df5f-c104-4351-adb8-a072b31802ef, af0a6fc8-5ed9-4238-8f2e-8e3ce81ef741, trailer      , 2026-06-09 01:01:27.705805+00
c5ae0af8-ad86-4575-b21d-9950941f7c2b, 0a1d5452-1e63-4794-b5a6-013a70f6b39f, hd           , 2026-06-04 23:03:45.056418+00
c5d3cada-86a1-4421-a275-3e4d1ed64306, efb25d7d-11d3-4978-81da-966f8cb37d28, bollywood    , 2026-06-04 23:03:45.056418+00
c5fd10c4-4517-40bc-a5ed-d91dd7e799dc, 383029f2-f469-4ed3-9590-e07620231896, trailer      , 2026-06-04 23:03:45.056418+00
c62095a5-da91-4b2e-8226-94726a53c3ea, 1cc36321-4adc-4a20-a1bd-16cf1b086203, trailer      , 2026-06-04 23:03:45.056418+00
c658f020-b48b-4027-8376-5b2c791d194f, 7408a1ec-8192-46fa-98b0-3756186922b4, trailer      , 2026-06-04 23:03:45.056418+00
c669acb6-2aba-4cd5-91c6-f5ac5bda0911, e7913254-52a2-4a54-8f19-cbd103373a74, dual-audio   , 2026-08-09 03:44:32.107275+00
c67bd53b-bfd3-4b32-b66a-1a8f462f7a25, 9e1d477b-14fb-451d-be56-505eda455de3, hollywood    , 2026-06-09 00:15:38.222725+00
c701d6d8-ab20-49bc-8bff-dd229bf81a9f, 4a021c2e-edd5-45b7-9577-7a621b42086c, hd           , 2026-09-17 18:00:57.232498+00
c7529012-d2da-43a5-be86-aab8c2c8efe5, 5ae2583b-7181-4a06-9a3a-9843afa742e6, japanese     , 2026-06-09 00:15:38.222725+00
c7722eda-6cbf-4e72-9ba6-c402fc725147, 741e695b-2fb2-49a5-b65e-e1ca35e4f22e, amazon-prime , 2026-06-19 06:56:44.477821+00
c774b23c-6179-463a-b9c4-70a9f25b3264, 16b92d6b-919d-46ff-abf4-1c4586c99a33, crime        , 2026-09-17 00:23:59.384913+00
c7fbe8ff-c78a-41a1-8a35-d42d2d3dbe3a, 3a89c539-3020-4607-8f1c-152504294a1e, hd           , 2026-06-04 23:03:45.056418+00
c8176a64-f9ca-46c3-bf39-9fa2dd156949, 952ff658-0fb5-49bc-a9ba-c02c6b6ee1ad, hd           , 2026-06-04 23:03:45.056418+00
c85b8723-d265-4b7d-9003-4acf9e5872d2, d14d36f8-8b1c-4b0e-9489-368eadbc2f68, adventure    , 2026-08-21 02:00:03.535215+00
c8d46a7a-d785-4b13-9791-081d7af118d9, c59509bd-67ad-4195-b171-687509e599bd, trailer      , 2026-06-04 23:03:45.056418+00
c9ca4af1-7cdb-4143-9ea5-417e0f009545, c138df82-b65d-456b-b928-623446a24774, hollywood    , 2026-06-09 00:15:38.222725+00
ca4870f7-9b81-410a-87ca-8ee0e8aea055, def0634a-1ee7-475a-8896-63acd8d19234, crime        , 2026-06-19 06:56:10.721916+00
ca8aec2a-6c4c-45e4-ba52-72267619f9ec, aaa65bdd-374f-4199-9299-53e886026431, hd           , 2026-08-04 17:59:33.794141+00
cacc3d41-275f-4dbf-9ee5-b373e14e6fb7, 0d807c12-c74c-4c24-bbd5-4e2b8c8c3730, hollywood    , 2026-07-23 02:43:17.820801+00
cad61623-ac11-4c5d-b19f-ec005c4649bb, 3d7043f5-dc1e-44eb-a753-226a9f26626b, dual-audio   , 2026-06-04 23:03:45.056418+00
cb3cff3a-2dfa-4a53-b12e-351af33bdc21, 56799a48-c778-49f3-9c76-1cce663929cf, bollywood    , 2026-06-04 23:03:45.056418+00
cb6953d0-b400-4b8d-9b4c-1207c8c4591b, 941105b5-4bf6-4ff7-8866-1e50b242befe, bollywood    , 2026-06-04 23:03:45.056418+00
cb9278af-10b3-4d0e-bc1e-98f4fe63ed71, eb9b7e74-32a6-4ef8-be69-173fb73a7ca0, hollywood    , 2026-06-09 00:15:38.222725+00
cbd3c483-2f64-4b64-a49d-dc869cfe067f, 6ac1c6c9-1f3b-40eb-9a75-c130b4935dd5, dual-audio   , 2026-06-04 23:03:45.056418+00
cc2bcd31-0cfa-416d-8d35-673e1cbede00, 0a46e08a-85ee-41c9-9f70-e3c0772a3dc2, hindi-dubbed , 2026-06-09 00:15:38.222725+00
cc46416e-e1c4-489e-a0b4-db1a0042d2fc, 689d4081-7e07-43b3-8a50-d65e0008c788, netflix      , 2026-07-07 14:33:01.178268+00
cc52a68c-47ad-4f62-9a62-8a8b1f7d22ab, 475c49ce-3b40-4268-a366-82f0b97879ca, netflix      , 2026-07-19 00:06:27.721539+00
cc58cd3b-b121-4872-ae1c-335852b9e9dd, c50acf53-b2cd-4b97-8393-f7ef222bad45, jiohotstar   , 2026-06-09 00:15:38.222725+00
cc6e57ad-75b7-4791-bb48-00c766f52b62, 1c0fa1bd-e6c1-44d1-af32-372d3a3dc9e6, dual-audio   , 2026-06-04 23:03:45.056418+00
cd2254a0-c11b-4036-bdd0-7e759511dfe9, e7913254-52a2-4a54-8f19-cbd103373a74, trailer      , 2026-08-09 03:44:32.107275+00
cdafe6b1-c052-4d26-ab43-01a3da4377d3, 37168671-cb42-47cc-a08f-6be07dee9e5d, trailer      , 2026-06-04 23:03:45.056418+00
ce360136-99c9-4994-9a1a-7eeaf0c60f00, fdb65087-0dd6-4412-8f04-0a92bd77d8cf, hindi-dubbed , 2026-06-09 00:15:38.222725+00
ce509c5a-f5b1-40ac-b4a0-a9320158841a, ff086370-d003-408b-a6bc-fb76be4bbc97, hd           , 2026-07-29 04:41:04.570279+00
ce62d368-1158-404b-adc2-02316d88bba8, 8971172c-b776-4497-90fc-dd3edfade329, trailer      , 2026-06-04 23:03:45.056418+00
ce8c6d48-3bbe-49a8-a132-f043cf31d6c2, 9e1d477b-14fb-451d-be56-505eda455de3, amazon-prime , 2026-06-09 00:15:38.222725+00
cf5c4bfb-b7d0-45b2-ab89-5fdd5e6d0104, 9460bb80-66f8-4588-97ad-5c988f294175, hd           , 2026-07-25 20:12:13.795537+00
cfbf359b-6dd4-482c-8508-a2ffe1b50bd4, 9f377176-5455-451f-958e-b8b522ed7f9f, dual-audio   , 2026-06-09 00:15:38.222725+00
d0026045-0cb7-49e3-bd26-fcecdc521c42, 88368e87-b3f6-414d-9c01-30976ed1798d, amazon-prime , 2026-06-09 00:15:38.222725+00
d04ff022-f1f5-42e3-bafc-d2470515da6b, 2b4664cd-3ef5-4ffe-9050-38c9f782cec3, hindi-dubbed , 2026-06-09 00:15:38.222725+00
d06d562a-2e0d-473b-8c56-9d56b7adbbbf, 741e695b-2fb2-49a5-b65e-e1ca35e4f22e, drama        , 2026-06-19 06:56:44.477821+00
d08a6baf-9d5c-4964-aa86-6b14a790d46f, b56cc77b-ae85-470e-84fb-55729cd101bb, trailer      , 2026-06-04 23:03:45.056418+00
d0c245b4-eb9b-40fd-b1b5-da8263281c8b, 526c7801-4a96-4bf3-8915-f7c71615cdf4, bollywood    , 2026-06-04 23:03:45.056418+00
d12296e1-f596-49cf-9895-653329cfa191, 1b1c628b-7568-4b28-bb5f-2db9684c35e8, bollywood    , 2026-07-14 18:03:48.621539+00
d17995c4-b1d6-4e9f-805a-a94e30dea8d0, 130e9b75-fde9-4952-a933-45fd00596525, bollywood    , 2026-06-09 00:15:38.222725+00
d1f93244-608d-40d2-bfc6-d216515b0785, 1020e713-4c23-45b2-8eaf-5df683eca12c, hd           , 2026-09-11 15:07:17.877628+00
d215125f-f7ff-4da7-a98d-5bdbb37226a8, 88368e87-b3f6-414d-9c01-30976ed1798d, trailer      , 2026-06-10 10:14:07.049968+00
d24a4686-5490-4c11-8096-4be3d407cc0d, 1c0fa1bd-e6c1-44d1-af32-372d3a3dc9e6, hollywood    , 2026-06-09 00:15:38.222725+00
d2542c95-3789-4b49-beca-67dd8f0c667d, 7c0c52f6-abd7-4758-8888-07166a291a05, hollywood    , 2026-06-09 00:15:38.222725+00
d2575b4f-f7e8-4813-b3ac-f08ced7dba05, 1ff581b9-670f-49f9-a11a-cddfb3dfa829, trailer      , 2026-06-13 11:14:37.6578+00
d2c30d9a-5bd6-4262-a4c1-c6cedddc49ae, 1d4c1705-f497-45df-afe3-010f05361758, trailer      , 2026-06-04 23:03:45.056418+00
d2ecf00a-a1fe-4a8f-8a32-162e4da0db06, 666deca2-dec0-4f9a-bd66-3d65a2542c67, hindi-dubbed , 2026-07-24 14:57:45.261934+00
d325814e-f148-4501-b601-06d8ac1078c2, faf3b19a-820b-4110-acd8-7c5854a180be, hindi-dubbed , 2026-06-09 00:15:38.222725+00
d325b786-39f2-48bc-b1b8-95d59693528f, 0a1d5452-1e63-4794-b5a6-013a70f6b39f, dual-audio   , 2026-06-04 23:03:45.056418+00
d35998c6-4871-488f-8bd4-ad311ec643d3, d7041dfd-3492-4974-aa36-7b197f2b91bd, trailer      , 2026-06-12 21:19:18.379249+00
d35a0dd0-0fe2-436e-bd48-3895ad6189c6, c59509bd-67ad-4195-b171-687509e599bd, hollywood    , 2026-06-09 00:15:38.222725+00
d3c29b38-7186-4543-b829-67fd19211531, c50acf53-b2cd-4b97-8393-f7ef222bad45, hindi-dubbed , 2026-06-09 00:15:38.222725+00
d3d01060-c9cd-48a8-8608-779b05073cbb, ec1aeb7d-6836-4e79-8dec-3df86bfbf8de, hd           , 2026-06-04 23:03:45.056418+00
d439635a-f8f6-4b1a-bb11-253854b75d30, b6bc15f8-f5d9-4a94-b6a7-e7afef6231a2, dual-audio   , 2026-06-04 23:03:45.056418+00
d4458fdd-9856-462d-bd3b-82857841d584, 5fcb4a48-1e95-4ca4-91b3-81a80c1b3f0f, mystery      , 2026-08-07 18:26:58.577082+00
d47aa1df-cfde-4415-864c-afca3c23178a, f5e3fb21-fed4-4b3b-b5a0-6f70416d607c, hd           , 2026-08-06 05:56:06.7274+00
d49917ef-fded-45c8-a9c2-255447f991e5, d14d36f8-8b1c-4b0e-9489-368eadbc2f68, thriller     , 2026-08-21 02:00:03.535215+00
d4f14095-28a8-4540-8661-6e69317ef523, e821eddb-021d-4e93-a97e-7ea625005e58, korean       , 2026-06-13 11:14:31.079782+00
d4f5fe44-7827-44d8-9538-30038830f3a1, 076d2c4e-b823-440c-af91-66260f6b373a, hd           , 2026-06-04 23:03:45.056418+00
d51699ee-f0db-4f6f-9284-b57563773164, 9460bb80-66f8-4588-97ad-5c988f294175, trailer      , 2026-07-25 20:12:13.795537+00
d5bf24b5-11db-41bf-a78e-7a3ee4dfb6c0, b3279048-970b-4055-a379-ebd04a048b45, drama        , 2026-06-20 07:57:55.053039+00
d5e8449c-794e-432f-b5b5-c3e8fb93ad58, df54e4d7-c368-40fa-9b8e-df6af7f3b420, bollywood    , 2026-06-04 23:03:45.056418+00
d60405e8-f993-4c1e-90ab-a6fed208adb4, 5dab850c-9a16-4a75-aaa7-987fb18f1890, telugu       , 2026-08-05 11:53:51.340236+00
d61e9d0f-5844-4f36-b037-73b4aa545eb0, 3e3dc190-3328-4a5d-93f5-4ccb7445777d, hollywood    , 2026-06-09 00:15:38.222725+00
d62244c7-b373-4157-a6be-dccbf969461d, 5fcb4a48-1e95-4ca4-91b3-81a80c1b3f0f, trailer      , 2026-08-09 03:37:27.347978+00
d63432c7-6cad-4573-b466-a72ee1ab4336, 42de4746-5199-4b0c-9a5f-4df2cd20d040, bollywood    , 2026-08-07 19:54:00.790695+00
d7347fe1-5cae-4e6c-ab1f-4bcf24f48e62, 7d8f7e22-3e9b-4386-a88c-0203f81be1ed, dual-audio   , 2026-06-27 15:05:36.516584+00
d73fb77e-1e94-458c-8425-8ce8ac5fbc6f, 526c7801-4a96-4bf3-8915-f7c71615cdf4, zee5         , 2026-06-09 00:15:38.222725+00
d7b08065-7d6f-46e0-80b8-4d54e2cefe41, a19bb686-e4d7-491d-968c-3c930462fb43, trailer      , 2026-06-04 23:03:45.056418+00
d7f76416-2fd0-464a-a05f-13a04ee891b5, fe01848f-f896-4d79-8d11-f2d668a9a788, hollywood    , 2026-06-09 00:15:38.222725+00
d80fa90b-b2ca-4654-97ba-5450ba4a2da4, 37168671-cb42-47cc-a08f-6be07dee9e5d, bollywood    , 2026-06-04 23:03:45.056418+00
d81c8818-4c6d-4baa-9fac-b0d73ac4dc50, ed5fe48c-f51e-4b15-8010-2bdbcf01586c, trailer      , 2026-06-04 23:03:45.056418+00
d8ae607c-d76e-4e6a-b295-4cc69de8b070, 941105b5-4bf6-4ff7-8866-1e50b242befe, hd           , 2026-06-04 23:03:45.056418+00
d8da2ede-228d-4deb-becf-3ab1d68763c4, 7408a1ec-8192-46fa-98b0-3756186922b4, netflix      , 2026-06-09 00:15:38.222725+00
d925e86b-5e81-417b-adf1-7f6dd76e69c9, 423d6a4e-a0d1-4ffe-bc8a-abb10fc11310, action       , 2026-07-16 06:40:58.686174+00
d951838f-0b98-4228-9c91-bff7e6eaca32, fe01848f-f896-4d79-8d11-f2d668a9a788, dual-audio   , 2026-06-04 23:03:45.056418+00
da1838ab-b57b-435c-843f-7cedf8afb00a, 184e1d10-7883-49c1-b3d5-3f9a3cfab1e4, hd           , 2026-06-04 23:03:45.056418+00
da4472b1-3f04-4823-bb1f-91018c60ff09, a80c60e7-50bc-4441-9674-ba8c498042b8, bollywood    , 2026-09-12 16:50:45.246337+00
daa78d09-c096-4dab-b9d7-67876d7e3940, b95c1718-52ff-45b3-8c5f-0fa71875252a, bollywood    , 2026-06-04 23:03:45.056418+00
db6665fe-23f6-4e25-ad58-2a71b9ee17db, 601d1d9f-9c38-48a3-8e09-d32f16e52e06, hollywood    , 2026-06-09 00:15:38.222725+00
dc1d630d-47de-43d7-96db-11f8e8a7cf0b, 03a9531b-221e-459a-8464-815356d5cd03, trailer      , 2026-06-04 23:03:45.056418+00
dc328d55-58d2-419a-b1d1-f1d3c329cd85, 7a36ca12-7ab9-468b-a0b5-ab9dc4db6bde, dual-audio   , 2026-06-09 00:15:38.222725+00
dc3a550b-2542-4fc8-b71c-b7f2182f3047, 7408a1ec-8192-46fa-98b0-3756186922b4, dual-audio   , 2026-06-04 23:03:45.056418+00
dcc76ce2-29c8-40db-8646-fb61ac757675, d14bf149-9464-488d-af10-7bd084f7c40d, dual-audio   , 2026-06-04 23:03:45.056418+00
dd0eef72-b36f-4ca9-9405-4f6bb30c985b, 28b60b20-8c9f-445c-a05f-f08b40c58060, bollywood    , 2026-06-04 23:03:45.056418+00
dd108e5e-4892-46e4-b9f8-94900225022b, 5e0bce29-10fe-4286-8085-f681a158910d, trailer      , 2026-09-17 18:14:07.321499+00
dd231bce-2266-4f73-8ef2-df2dd4ade55d, 42de4746-5199-4b0c-9a5f-4df2cd20d040, drama        , 2026-08-07 19:54:01.438788+00
dd89b057-fb4e-45c1-9842-02c5458f5b4b, b3279048-970b-4055-a379-ebd04a048b45, amazon-prime , 2026-06-20 07:57:55.053039+00
dde5bf5b-e7ef-4f0f-bebe-de69780b80fd, d14d36f8-8b1c-4b0e-9489-368eadbc2f68, hd           , 2026-08-24 19:41:14.277322+00
de3df988-8962-4d83-a946-13a0a4165172, 62ef59e1-bac7-40f2-a0ec-64e098f2fcce, trailer      , 2026-08-06 05:53:16.586097+00
de56ad62-dba0-47eb-b8c9-c6c6ac0f82f0, 90f200ca-ad34-4392-a8dc-f6d9fc7696e1, bollywood    , 2026-06-04 23:03:45.056418+00
de776ce8-7cc6-4881-9c85-95db0dfbf050, aa165d1d-353d-44be-b5bc-35efa61cf14e, trailer      , 2026-07-07 14:54:59.919124+00
de93bf80-173c-4fbb-bc39-c3380ec6a01f, 6e93fc6e-d6c5-4ac4-9339-e7f074dfe5ee, trailer      , 2026-06-04 23:03:45.056418+00
df2df16c-f7c0-44ad-bae0-8732905769df, aa49d57c-083f-4b95-9cc7-50fa652677ed, hindi-dubbed , 2026-06-09 00:15:38.222725+00
df425c33-141d-4236-80c4-db600f66a5d8, 04ea18a2-920d-4ab1-8e66-2cd63e0cad64, hindi-dubbed , 2026-06-09 00:15:38.222725+00
dfa607e7-e86f-43fe-9c07-7d8889a16a95, 51e9dc76-219b-4767-90e6-5047164b11cc, bollywood    , 2026-09-12 16:50:00.136491+00
dfae6007-4f77-4fd7-8804-1a1045dc8c27, 78ab7224-0ce0-40bd-b25d-d5714b6f8b34, hindi-dubbed , 2026-06-09 00:15:38.222725+00
dfb59737-7aaa-4a7e-b5ed-20c7bf8da93e, 90f200ca-ad34-4392-a8dc-f6d9fc7696e1, trailer      , 2026-06-04 23:03:45.056418+00
dfe29c48-8eeb-4174-9f7d-22f0dae9ed28, 98472ff1-4f89-4c81-a82d-5ceb3c0dd49b, hindi-dubbed , 2026-06-09 00:15:38.222725+00
e004c613-8962-45ef-84c6-a8a796ffe757, 90c0ee59-62e0-48e0-a807-dad506680bae, mystery      , 2026-06-14 05:59:52.002872+00
e00d6dd8-4ac1-4cc5-bd60-d4e8a3ad0157, e8c551cf-df8b-421c-a55b-ac661835c0b1, jiohotstar   , 2026-06-09 00:15:38.222725+00
e01d9e9f-a0c2-4663-897c-7af20aff6436, 5dab850c-9a16-4a75-aaa7-987fb18f1890, comedy       , 2026-08-05 11:53:52.013525+00
e03abae6-3984-4e09-9604-782ba89b5366, e66bcb49-3e7a-4182-a128-7d06eb4a2819, trailer      , 2026-06-04 23:03:45.056418+00
e0490e05-63a6-4a53-82ab-bfc07eb8100b, 7deb25f7-c0ec-4f6b-98a1-1448202416f7, disney       , 2026-06-09 00:15:38.222725+00
e04ca38c-58f1-42ac-967a-2bf2bced2446, ed5fe48c-f51e-4b15-8010-2bdbcf01586c, tamil        , 2026-06-09 00:15:38.222725+00
e05de9bf-de2a-4417-bce3-f510a08d6753, c50acf53-b2cd-4b97-8393-f7ef222bad45, hd           , 2026-06-21 06:06:07.363996+00
e069f338-1b9e-4c3d-b45f-6c7cb7215198, 4280ee8b-dee8-43e1-86fc-c5b4d90e0f04, bollywood    , 2026-06-09 00:15:38.222725+00
e0e14dce-c1ce-47bb-9a6f-cb54b37311e3, fdb65087-0dd6-4412-8f04-0a92bd77d8cf, amazon-prime , 2026-06-09 00:15:38.222725+00
e0efc59f-4b26-470e-b3e8-267b9e1baa66, 4a451471-0a46-407c-9431-c0a1806848ff, hd           , 2026-06-04 23:03:45.056418+00
e0f0b29f-740d-4808-85c3-593cd8a7be5d, d3aee31c-f0ce-4187-add5-6b520d7449c8, hindi-dubbed , 2026-06-09 00:15:38.222725+00
e0fd45e6-d045-4402-8ccd-dc895c890a5b, 71be43fc-40d4-422d-a133-568f4041369b, dual-audio   , 2026-06-04 23:03:45.056418+00
e114b8d5-d909-444e-ab39-0f6e196958c9, 130e9b75-fde9-4952-a933-45fd00596525, hd           , 2026-06-04 23:03:45.056418+00
e183a12f-7ccb-48d4-a72c-33398b357c8e, 68c1ea29-0353-40bb-b7aa-3daccd270158, hindi-dubbed , 2026-06-09 00:15:38.222725+00
e1e5e9c5-3767-45e0-b9e9-f17afdc67081, 9bb2b683-55ff-4154-97fa-33fe11d1240e, trailer      , 2026-06-04 23:03:45.056418+00
e24e1d8c-9390-4748-a3a9-c9ed786844b5, 1a8eabfd-0e1c-44b2-a67f-955ccc93843f, trailer      , 2026-06-04 23:03:45.056418+00
e294134b-35e0-4cf5-9f95-d35cfda47590, dfee6827-1afe-4008-aeb8-ad83491f7da8, bollywood    , 2026-06-04 23:03:45.056418+00
e2ac9ec6-1143-4bcc-aa9e-9b88ae0ed7cd, 9e1d477b-14fb-451d-be56-505eda455de3, dual-audio   , 2026-06-04 23:03:45.056418+00
e2f2a5ae-5168-4e68-8d4a-7b3f0408c4f8, ba675d13-e1a9-4e4f-b9b9-b2f6df7b1e23, trailer      , 2026-06-25 17:03:36.731633+00
e302ae9d-3e80-4488-91cd-a5e52185dd04, af168b1b-d8c9-4de1-b0a2-c74be9d1d219, hindi-dubbed , 2026-06-09 00:15:38.222725+00
e326ead1-ec5c-41c7-972c-d652512d6139, 8e7cc07c-ac93-46f6-8f3c-44c0887f2790, amazon-prime , 2026-06-09 00:15:38.222725+00
e35cd49b-3072-424f-8c2f-1e2efe4ba5b7, 37168671-cb42-47cc-a08f-6be07dee9e5d, hd           , 2026-06-04 23:03:45.056418+00
e35e7046-7582-4a1c-83d4-1e06cc3eb495, 9460bb80-66f8-4588-97ad-5c988f294175, bollywood    , 2026-07-25 13:43:01.325045+00
e363b059-1c86-49f8-a197-b5d2c75221c9, ede93384-bad7-464c-8f89-54312a4bea74, trailer      , 2026-06-04 23:03:45.056418+00
e3805d6f-f975-4925-802f-ec5a15a8f9de, 5ab5a27f-8679-4b6c-b884-40202302afa9, trailer      , 2026-06-04 23:03:45.056418+00
e38d7a8b-2b16-4d82-95b6-70d01bd27b92, 78ab7224-0ce0-40bd-b25d-d5714b6f8b34, trailer      , 2026-06-04 23:03:45.056418+00
e42bfd52-72aa-4e79-bfe2-f7953567029d, 7d115252-cb74-409a-9da5-24ba96ec7279, trailer      , 2026-08-06 05:59:10.702106+00
e4b9119f-4b40-4ca9-bc4f-7754cbc553ed, 8de935dc-3b46-45ed-84b7-7292346b9c46, trailer      , 2026-08-17 07:43:17.530186+00
e4d25480-bfa5-448a-8a6b-10a4c60483a8, 72a60fac-5606-419e-b8a2-f44f50a18408, hd           , 2026-06-04 23:03:45.056418+00
e537efa1-e434-4c3d-ad43-f44a97533d88, 383029f2-f469-4ed3-9590-e07620231896, hindi-dubbed , 2026-06-09 00:15:38.222725+00
e5554308-cfdc-4b50-a605-9070f3c4b2bd, 68048b2a-23d3-42ff-bb33-fba19c6a609b, trailer      , 2026-08-06 05:46:20.172572+00
e55f8a52-a22c-41ce-9725-e9eab37aae5f, 72473799-16d5-45e4-a391-3a1c6d8fbcae, hindi-dubbed , 2026-06-09 00:15:38.222725+00
e56ad988-9e32-463f-8aa1-b5ea1ee35028, c9e4afdd-d2f4-4fad-8181-69bbc91cec9f, trailer      , 2026-06-04 23:03:45.056418+00
e6c10b47-c7b5-419d-80eb-0a9b72dbae98, 8f2a87dd-1d64-4210-9caf-dcbaa893b1c1, bollywood    , 2026-06-04 23:03:45.056418+00
e6e8d1f4-8e23-4481-bce3-a1aa1e060182, ba675d13-e1a9-4e4f-b9b9-b2f6df7b1e23, fantasy      , 2026-06-25 17:02:23.523512+00
e74f712f-0c8c-4a45-8678-6b0ead19184c, 234baa19-e159-4a1e-a488-ec0872b6c318, bollywood    , 2026-06-09 00:15:38.222725+00
e76429b0-51ac-44ae-b798-9f1686f81001, fdb65087-0dd6-4412-8f04-0a92bd77d8cf, hd           , 2026-06-04 23:03:45.056418+00
e7937a97-e3a1-4998-9b62-cc11da015489, b6bc15f8-f5d9-4a94-b6a7-e7afef6231a2, hindi-dubbed , 2026-06-09 00:15:38.222725+00
e7acb55a-6179-417b-a3a2-a7edcc3398b7, 403edaa0-599c-4912-8928-eeb11144764f, crime        , 2026-07-13 21:00:00.441106+00
e7de0667-4b0a-49bb-9178-3e4fd668ea6d, 383029f2-f469-4ed3-9590-e07620231896, dual-audio   , 2026-06-04 23:03:45.056418+00
e8342fec-d161-40e9-941a-929adaa48366, 26145ba2-4653-442d-9b59-83afd588125f, dual-audio   , 2026-06-04 23:03:45.056418+00
e84db1a6-3f7f-44b4-bb8d-39457c63a851, 27de0935-fe37-4084-a7e5-0dc458dff5dd, dual-audio   , 2026-06-04 23:03:45.056418+00
e88076c2-08e0-4387-80a0-f36f2a8b9887, 5fcb4a48-1e95-4ca4-91b3-81a80c1b3f0f, drama        , 2026-08-07 18:26:58.577082+00
e8961b06-0835-4087-a696-0186d4d91e17, 71be43fc-40d4-422d-a133-568f4041369b, hindi-dubbed , 2026-06-09 00:15:38.222725+00
e912ae1c-c3f7-486f-8e41-7557f2d2b6ea, 9bb2b683-55ff-4154-97fa-33fe11d1240e, hd           , 2026-06-04 23:03:45.056418+00
e92026e5-d1cc-42c3-838d-78db3f20ec91, 4280ee8b-dee8-43e1-86fc-c5b4d90e0f04, 300mb        , 2026-06-09 00:15:38.222725+00
e9392ac3-0f69-4293-93c0-50c498ea0b6c, 7d115252-cb74-409a-9da5-24ba96ec7279, hd           , 2026-08-06 05:59:10.702106+00
e98337d4-c5df-4d9f-80dd-d8a0db905249, 4ae4ce4d-eda6-4935-82c2-3cb70ca34506, thriller     , 2026-06-12 11:28:16.107582+00
e9ae8e8a-a8df-44f9-885c-663cc96fc281, 20c6adef-a7f5-4b5c-93fe-3f702f353022, hindi-dubbed , 2026-06-09 00:15:38.222725+00
e9c8eb31-9c75-47e8-941d-287d6518df72, d7830f54-c370-4dae-be8f-b1c688bc367d, dual-audio   , 2026-06-04 23:03:45.056418+00
e9f7c652-7c3c-4782-9324-ada2e84be425, e7913254-52a2-4a54-8f19-cbd103373a74, netflix      , 2026-08-09 03:43:26.992166+00
ea2bdf92-14c5-4cda-bab5-307e2436f4a6, 20ffca1e-57a4-4058-8a58-d3416fd2f98f, trailer      , 2026-08-21 13:15:17.114695+00
eaaa391b-fde6-46c0-9781-d42185313ede, 3e3dc190-3328-4a5d-93f5-4ccb7445777d, trailer      , 2026-06-04 23:03:45.056418+00
eb265e32-73af-4843-8ef3-79d3edff1deb, 601d1d9f-9c38-48a3-8e09-d32f16e52e06, hindi-dubbed , 2026-06-09 00:15:38.222725+00
eb2c4884-424e-44e9-9a8a-1c093b6ddfa0, 423d6a4e-a0d1-4ffe-bc8a-abb10fc11310, thriller     , 2026-07-16 06:40:58.686174+00
eb346c72-9ea6-4259-9c5b-5d49b87af504, 72473799-16d5-45e4-a391-3a1c6d8fbcae, hd           , 2026-06-09 01:00:15.366998+00
eb4b36c1-af04-4cab-a3e5-bd2c202a45f1, cc2c296d-601c-4a3c-a0e4-406aefc229f2, drama        , 2026-08-18 22:35:25.391505+00
eb86b7a8-8be3-41a7-bf39-55f744165e2f, 9eca62bc-2bef-417a-930e-97631910eb97, jiohotstar   , 2026-06-19 06:55:16.874797+00
eba50e54-31f3-49d2-8c9b-294f327e971c, 829a1b68-157e-4fc8-b846-fc7da04dc08b, hd           , 2026-06-04 23:03:45.056418+00
ebdfd7dd-1d8f-4c9a-98f5-2099a0330c58, 3e3dc190-3328-4a5d-93f5-4ccb7445777d, dual-audio   , 2026-06-04 23:03:45.056418+00
ebf59656-4dd1-46a0-bd94-9aa79436b790, 7408a1ec-8192-46fa-98b0-3756186922b4, hindi-dubbed , 2026-06-09 00:15:38.222725+00
ec07c4a3-9cb9-4db4-8913-9b31af220176, 7cd4d9d5-8bda-4de5-bbeb-fe784f8601bb, dual-audio   , 2026-06-09 00:15:38.222725+00
ec1da63f-e754-4994-8847-aad0dab263dc, d7830f54-c370-4dae-be8f-b1c688bc367d, hollywood    , 2026-06-09 00:15:38.222725+00
ec22cd31-e81c-4c9d-b759-ca2207b76eeb, 19a21f42-9c3f-4ca8-a73b-37313652a04d, netflix      , 2026-06-09 00:15:38.222725+00
ec3fe8f2-6474-4279-896e-359d34c2eb0b, af0a6fc8-5ed9-4238-8f2e-8e3ce81ef741, hollywood    , 2026-06-09 01:36:33.394628+00
ec51db8f-92e0-4b73-9de3-a4df7cbe54a5, af0a6fc8-5ed9-4238-8f2e-8e3ce81ef741, netflix      , 2026-06-07 12:19:45.735293+00
ec55cbfb-3c53-47dd-8518-4842383c6888, 9460bb80-66f8-4588-97ad-5c988f294175, netflix      , 2026-07-25 13:43:01.774286+00
ec7f7119-3497-4274-bcfd-a43f856559a8, c911a97a-60a7-4438-a73f-6d37bd943105, amazon-prime , 2026-06-09 00:15:38.222725+00
ec95234c-4e50-4ac9-83c5-f6ad94b047b4, 68960430-8965-4953-88c1-a1c8b1b26722, trailer      , 2026-08-26 12:54:14.099735+00
eca93190-8060-4553-b03a-b45a078e4199, 755b4907-ca6b-41e7-aac7-4fba694032df, crime        , 2026-08-29 05:31:31.076088+00
ecc882c6-e718-450d-b242-15f819585a34, 47c34e53-c1a6-4abe-be31-093e18c8f2ef, trailer      , 2026-06-04 23:03:45.056418+00
ecef3fc9-7556-4315-b660-ce2bfb091722, 4280ee8b-dee8-43e1-86fc-c5b4d90e0f04, hd           , 2026-06-04 23:03:45.056418+00
ed3105d8-929d-48a0-98aa-d8183cb7c054, c59509bd-67ad-4195-b171-687509e599bd, dual-audio   , 2026-06-04 23:03:45.056418+00
edd17e70-256d-4be0-887f-e9132ea42bbd, 65ab99df-f311-4919-a5d3-47ae47557d5b, hd           , 2026-08-08 09:02:27.779554+00
edd5428f-96e5-46a2-a888-e4ba9254cd73, 3e3dc190-3328-4a5d-93f5-4ccb7445777d, hd           , 2026-06-04 23:03:45.056418+00
edf0cd45-4284-49fa-b047-80eb3b9ac7c0, 6a1708cd-eb32-4c84-9cef-6a0037c4cb12, netflix      , 2026-06-09 00:15:38.222725+00
edf793ad-fb3d-440c-8413-b3e643f35ead, d14d36f8-8b1c-4b0e-9489-368eadbc2f68, romance      , 2026-08-21 02:00:03.535215+00
ee0363f1-4773-4e59-a20e-f54c4d792c7f, 715c3d79-e4ea-4fad-bb8a-c638e65ce944, bollywood    , 2026-06-04 23:03:45.056418+00
ee254458-5ae6-4a3c-8c1d-a6884989531d, 2541320c-757e-470e-b08d-239ff40118be, bollywood    , 2026-06-09 00:15:38.222725+00
ee6dea21-6437-4947-bb70-8704c33faeb6, 7deb25f7-c0ec-4f6b-98a1-1448202416f7, hd           , 2026-06-04 23:03:45.056418+00
eed2ad2f-c716-4be3-ba91-33d35a3975b9, 1020e713-4c23-45b2-8eaf-5df683eca12c, korean       , 2026-08-31 20:00:10.288689+00
eefd09d1-da3f-408b-9d8a-32e3f702aefe, b88d42a0-c31a-481f-858c-955078ad4cb4, dual-audio   , 2026-07-03 16:15:08.292506+00
ef261cee-2679-438f-a0fd-d28cefb4de8d, 70644fac-d048-403f-b789-7465d5721dd5, hindi-dubbed , 2026-06-09 00:15:38.222725+00
efa4d62d-00bc-483b-a596-374025ff51c6, 8e7cc07c-ac93-46f6-8f3c-44c0887f2790, hd           , 2026-06-04 23:03:45.056418+00
f0422d83-47d7-47b5-a23f-aa60e77d2720, 02221c29-2645-445d-91aa-d807e308f1a4, amazon-prime , 2026-06-09 00:15:38.222725+00
f053da56-66b8-4931-8577-8fe572c1cfb0, efb25d7d-11d3-4978-81da-966f8cb37d28, hd           , 2026-06-04 23:03:45.056418+00
f068ee1b-4393-4791-b980-9cb05a6cbb41, fc43c8a6-6102-4bd1-bf6c-5100d5b52416, hd           , 2026-08-06 13:44:49.30803+00
f07c12e3-fb2c-413b-8472-616583a5f5fc, 7626edbf-820e-43da-b390-ba1fcd2e9327, hd           , 2026-08-31 20:09:50.379413+00
f0848f84-03ce-413a-bffd-47beeeb4a369, b88d42a0-c31a-481f-858c-955078ad4cb4, action       , 2026-07-03 16:15:05.701609+00
f0b0a309-ebc1-473e-a34c-8e40b91895bd, aa165d1d-353d-44be-b5bc-35efa61cf14e, jiohotstar   , 2026-07-07 14:33:26.270508+00
f0dd94fb-0beb-4dcd-aefc-034429e75d83, 42ac169a-55a3-4ee7-88f6-60a76beb59ba, bollywood    , 2026-06-04 23:03:45.056418+00
f11b1088-75b5-4055-9ce4-77f1627a6ddd, 7c0c52f6-abd7-4758-8888-07166a291a05, trailer      , 2026-06-04 23:03:45.056418+00
f186c26e-5472-4ca1-a385-433a2dd617f3, 01548668-4b37-43d2-9947-5135e88ba7ae, drama        , 2026-07-13 20:59:22.917458+00
f1aed94e-9e44-462f-9ba7-d721b9dbaab1, 9ffc366f-fa6f-4e1d-be04-20effd6fe78e, trailer      , 2026-06-09 01:05:32.185634+00
f1bcdfe7-bd88-4bfe-b69a-96b4a79963f9, 9c543037-e915-491d-b424-614e4ff7ae94, amazon-prime , 2026-06-09 00:15:38.222725+00
f2263274-f3bf-4bb1-ac5a-4457107bd34a, fc43c8a6-6102-4bd1-bf6c-5100d5b52416, amazon-prime , 2026-07-16 06:34:35.512499+00
f299b83a-86c6-4968-80ee-f82a439cb531, ba675d13-e1a9-4e4f-b9b9-b2f6df7b1e23, netflix      , 2026-06-25 17:02:23.523512+00
f29cc60b-d8ce-4296-9924-a3640acfc258, 70644fac-d048-403f-b789-7465d5721dd5, trailer      , 2026-06-04 23:03:45.056418+00
f2c20394-bdbd-4882-9a58-60f2eb8035ef, cd5c6c41-f422-4b7a-8f24-e2a6216b64ad, trailer      , 2026-06-07 12:22:34.991551+00
f2ce34f9-c2dd-4f41-91ff-3689d6e07d84, 30100030-4b0f-4b90-8caa-84491a782c2b, netflix      , 2026-06-09 00:15:38.222725+00
f33ebb97-6264-42d4-80de-3e5d32ad4514, fdb52a6d-45e4-41cd-965d-5727812bb9e0, amazon-prime , 2026-06-09 00:15:38.222725+00
f36727fe-1b73-4bf5-865d-ebe0066fccde, d14d36f8-8b1c-4b0e-9489-368eadbc2f68, trailer      , 2026-08-24 19:41:14.277322+00
f3900234-96dd-474e-89fc-87f351f6805a, 32ec54f9-5144-4f1f-8530-d873c9fb85a2, family       , 2026-07-19 00:07:28.806691+00
f3faadce-0e40-4df9-ba6f-4da1e41334dd, 9f377176-5455-451f-958e-b8b522ed7f9f, trailer      , 2026-06-04 23:03:45.056418+00
f4935cc3-cac0-48ae-82f1-ea4c3ce76ab1, 666deca2-dec0-4f9a-bd66-3d65a2542c67, trailer      , 2026-07-25 13:21:01.895531+00
f4ac1425-06c6-4075-b7f3-f6125c62178f, e422b795-2a44-4402-822b-c63c33b5ccfd, trailer      , 2026-06-04 23:03:45.056418+00
f4cbc123-769c-476d-9903-ebaee2caea23, 8ef0be9f-1fd1-4ff7-aa2f-3da37a417ee1, trailer      , 2026-06-04 23:03:45.056418+00
f506a1ec-e66b-43e4-be9e-4cf16b430ca4, 7deb25f7-c0ec-4f6b-98a1-1448202416f7, hollywood    , 2026-06-09 00:15:38.222725+00
f5429626-a405-4628-8370-a2233c800517, 1ff581b9-670f-49f9-a11a-cddfb3dfa829, hindi-dubbed , 2026-06-13 11:14:37.6578+00
f551716f-3d48-4611-8a06-fedecf1ad4a6, 7deb25f7-c0ec-4f6b-98a1-1448202416f7, hindi-dubbed , 2026-06-09 00:15:38.222725+00
f5ad93d6-80a7-4394-a817-0fe79048746f, 76e2d952-0194-4796-9be5-b8036bdbd2ec, trailer      , 2026-06-04 23:03:45.056418+00
f5d4036c-4cdc-4200-979b-454835b7498c, d25650da-1900-4f77-9067-f7ee2474f800, trailer      , 2026-06-09 01:03:00.352147+00
f5dba68c-1478-4e6d-be4a-21e3275f0169, 28f1c8e7-02f1-45c6-bc22-3aee2a4d0145, bollywood    , 2026-06-04 23:03:45.056418+00
f6185478-a332-4455-9184-0a87e1b18658, 715c3d79-e4ea-4fad-bb8a-c638e65ce944, hd           , 2026-06-04 23:03:45.056418+00
f62842f4-639c-4836-a1e5-d942fc5f547d, df54e4d7-c368-40fa-9b8e-df6af7f3b420, trailer      , 2026-06-04 23:03:45.056418+00
f63cf988-f892-4af6-9052-945ea93e52ea, 8002dc82-168b-4725-a641-edfee096876b, hd           , 2026-06-10 10:08:59.802176+00
f63ea26f-14bc-491e-9770-fe0457ca2b0c, fc43c8a6-6102-4bd1-bf6c-5100d5b52416, trailer      , 2026-08-06 13:44:49.30803+00
f6aebbe9-7274-4f34-864f-84502de7e57a, 9f377176-5455-451f-958e-b8b522ed7f9f, hd           , 2026-06-04 23:03:45.056418+00
f72cd214-4c9f-4a63-94db-2eeb58e788de, 5ab5a27f-8679-4b6c-b884-40202302afa9, dual-audio   , 2026-06-04 23:03:45.056418+00
f74e573d-7161-4a3d-82e5-f75887290b39, f101231b-5afc-4b73-891a-ee4c5e717222, adventure    , 2026-08-17 07:45:09.934215+00
f792b6ca-1f25-4bd5-a9c8-dc33a38f5cf0, 4022077b-40ed-4d09-b1ad-ecc45124a99b, dual-audio   , 2026-06-04 23:03:45.056418+00
f81f0f00-295d-4fee-bd26-62e7fce6489f, 689d4081-7e07-43b3-8a50-d65e0008c788, thriller     , 2026-07-07 14:33:01.178268+00
f8236770-66b9-4a27-bb45-89f4304915e6, 5ae2583b-7181-4a06-9a3a-9843afa742e6, dual-audio   , 2026-06-04 23:03:45.056418+00
f829803f-4ea6-4700-94b5-3ffb3791b9af, 768e4cc0-a944-42fd-bff0-cb58bde1da23, hd           , 2026-06-04 23:03:45.056418+00
f8a900cb-f05e-4570-9032-1495d7cd9906, 2b4664cd-3ef5-4ffe-9050-38c9f782cec3, dual-audio   , 2026-06-04 23:03:45.056418+00
f8f94109-3fff-4b54-8d40-3a1e6da56636, 9d6883e5-1bee-43c4-a187-441381d6f8ff, trailer      , 2026-06-04 23:03:45.056418+00
f968643e-e212-4480-b78e-567de338347b, b88d42a0-c31a-481f-858c-955078ad4cb4, drama        , 2026-07-03 16:15:05.701609+00
f9800d1d-1655-4879-8bf8-101b04d3b6a7, 377294fa-9cb6-45a9-ad8d-efacdbad0097, hd           , 2026-06-04 23:03:45.056418+00
f9c6998e-6e7e-4cae-a898-ca1debf055a7, 03ec91f3-6b88-4e64-85ee-8c83bfe14a32, comedy       , 2026-07-11 20:19:23.766455+00
f9fc5eae-a36c-4886-a1e5-3c82a524718a, 65ab99df-f311-4919-a5d3-47ae47557d5b, drama        , 2026-08-08 08:48:08.006674+00
fa319e5a-bd46-42b8-89dd-e29a4ec5f771, 78ab7224-0ce0-40bd-b25d-d5714b6f8b34, dual-audio   , 2026-06-04 23:03:45.056418+00
fa683ab5-f1fd-465b-9c9c-81025d45186c, f101231b-5afc-4b73-891a-ee4c5e717222, amazon-prime , 2026-08-17 07:45:09.934215+00
fac8898e-39c7-4ece-b29c-1ce3450bb00b, 1b1c628b-7568-4b28-bb5f-2db9684c35e8, hindi-dubbed , 2026-07-14 18:03:48.621539+00
fad55687-d681-4ab7-95ad-9b1c7562a72c, 7cc014ee-2a24-4969-b567-41061b455189, fantasy      , 2026-06-23 16:11:53.390453+00
fb14355d-9c23-4ba7-a171-a3e3889b6fd7, 35836d0d-3a19-42e0-a73d-ddec43b115c5, dual-audio   , 2026-06-09 00:15:38.222725+00
fb92f244-ddbc-4aae-ac7c-f44234f7aca7, 4091603b-0e66-46de-921c-92f62032a3eb, dual-audio   , 2026-06-04 23:03:45.056418+00
fbb619d6-0302-453a-9e17-c968ca071775, aaa65bdd-374f-4199-9299-53e886026431, trailer      , 2026-08-04 17:59:33.794141+00
fc0e7a53-36ff-4890-a31b-76c7ae979087, 403edaa0-599c-4912-8928-eeb11144764f, korean       , 2026-07-13 20:59:59.624109+00
fc1dd078-dda7-4585-a8ce-dfb775e115ca, 16b92d6b-919d-46ff-abf4-1c4586c99a33, drama        , 2026-09-17 00:23:59.384913+00
fcd13dcc-f161-4587-8bd7-ba4f91ab4d98, 5fcb4a48-1e95-4ca4-91b3-81a80c1b3f0f, tamil        , 2026-08-07 18:26:57.841912+00
fd73e9fb-88aa-4253-b545-94ba0f31086b, b8f3df02-3a79-49ec-ae89-b236118654ea, hindi-dubbed , 2026-06-09 00:15:38.222725+00
fdd5aa33-86f5-4f7a-859a-6e360165cac3, 20ffca1e-57a4-4058-8a58-d3416fd2f98f, korean       , 2026-08-21 13:13:47.613055+00
fe1e74a1-039e-4a9a-8e90-0b890c8c951e, b6bc15f8-f5d9-4a94-b6a7-e7afef6231a2, trailer      , 2026-06-04 23:03:45.056418+00
fe36cbe7-fd5d-4459-bf85-3d8ddb297fdc, fc43c8a6-6102-4bd1-bf6c-5100d5b52416, hollywood    , 2026-07-16 06:34:34.509056+00
fe42b69c-bc74-4687-9b0f-73da7dccfd44, ede93384-bad7-464c-8f89-54312a4bea74, hd           , 2026-06-04 23:03:45.056418+00
fe4fe376-9e61-44d5-85ef-2699286324f6, 45245829-b32d-4c17-a08d-7212c318e7cc, dual-audio   , 2026-07-03 16:17:03.251576+00
fe64e52b-1a8f-4a5b-8a60-20722674df30, 7626edbf-820e-43da-b390-ba1fcd2e9327, crime        , 2026-08-28 16:34:34.744866+00
fe709148-fbc2-46a3-86e9-86df11be1e3a, 2541320c-757e-470e-b08d-239ff40118be, hindi-dubbed , 2026-06-09 00:15:38.222725+00
feac841e-252a-4676-acc5-f5e5f0f915ca, 7d115252-cb74-409a-9da5-24ba96ec7279, western      , 2026-07-31 06:02:20.043696+00
ff21976e-c0ad-4d19-97a6-676328c446d1, f694a5ce-e352-4cba-9b42-886b5d755166, trailer      , 2026-06-04 23:03:45.056418+00
ff7b569e-ad0b-4b2e-98cd-a4b6c174737e, 1020e713-4c23-45b2-8eaf-5df683eca12c, mystery      , 2026-08-31 20:00:11.082776+00
ff8142d9-c40d-48b5-84cb-b7ac1a356a8e, 0a46e08a-85ee-41c9-9f70-e3c0772a3dc2, hd           , 2026-06-04 23:03:45.056418+00