id                                  , title                                   , slug                                        , description                                                                                                                                                                                                                                                                                                                                                                                                                                                                                                                                                                                                                                                                                                                                                                                                                                                                                                                                                   , poster_url                                                                                                   , backdrop_url                                                       , trailer_url                                     , release_year, rating, imdb_rating, director                                                                                , actors                                                                                                                                                                                                             , genres                                                                          , status, featured, trending, popular, new_release, show_in_hero, views_count, display_order, created_at                   , updated_at                   , hero_only, hero_order, tmdb_id, language, has_hindi_dub, available_subs, language_description                                                , platforms
01548668-4b37-43d2-9947-5135e88ba7ae, Silo                                    , silo-2023                                   , "In a ruined and toxic future, thousands live in a giant silo deep underground. After its sheriff breaks a cardinal rule and residents die mysteriously, engineer Juliette starts to uncover shocking secrets and the truth about the silo."                                                                                                                                                                                                                                                                                                                                                                                                                                                                                                                                                                                                                                                                                                                  , https://image.tmdb.org/t/p/w500/gMYZZvnkVNTqSVnVCphWbPXwWwb.jpg                                              , https://image.tmdb.org/t/p/original/uTWhbLc7Bj4qNSdW3ZvZKL8cOHv.jpg, https://www.youtube.com/watch?v=8ZYhuvIv1pA     ,         2023,      0,       8.2  , Graham Yost                                                                             , "[""Rebecca Ferguson"",""Common"",""Chinaza Uche"",""Ashley Zukerman"",""Shane McRae"",""Remmie Milner"",""Alexandria Riley"",""Reed Birney"",""Laura Innes"",""Jessica Brown Findlay""]"                          , "[""Sci-Fi & Fantasy"",""Drama""]"                                              , active, false   , false   , false  , false      , false       ,           0,             0, 2026-07-13 20:58:19.949967+00, 2026-08-01 12:17:01.170013+00, false    ,        999,  125988, en      , false        , "[""en""]"    , Language: English DD5.1 / ESubs                                     , "[""amazon-prime""]"
02221c29-2645-445d-91aa-d807e308f1a4, The Boys                                , the-boys-2019                               , A group of vigilantes known informally as “The Boys” set out to take down corrupt superheroes with no more than blue-collar grit and a willingness to fight dirty.                                                                                                                                                                                                                                                                                                                                                                                                                                                                                                                                                                                                                                                                                                                                                                                            , https://image.tmdb.org/t/p/w500/in1R2dDc421JxsoRWaIIAqVI2KE.jpg                                              , https://image.tmdb.org/t/p/original/bq28ajZaoMyzEIm6REelqyqtEDZ.jpg, https://www.youtube.com/watch?v=test123         ,         2019,      0,       8.6  , Eric Kripke                                                                             , "[""Karl Urban"",""Jack Quaid"",""Antony Starr"",""Erin Moriarty"",""Jessie T. Usher"",""Laz Alonso"",""Chace Crawford"",""Tomer Capone"",""Karen Fukuhara"",""Nathan Mitchell""]"                                 , "[""Sci-Fi & Fantasy"",""Action & Adventure""]"                                 , active, false   , true    , false  , false      , false       ,           0,             0, 2026-04-12 05:11:41.990885+00, 2026-08-01 12:17:01.170013+00, false    ,        999,   76479, en      , true         , "[""en""]"    , Language: Dual Audio [Hindi (DD5.1) + English] / ESubs              , []
03a9531b-221e-459a-8464-815356d5cd03, Surely Tomorrow                         , surely-tomorrow-2025                        , "In their twenties, Lee Kyeong-do and Seo Ji-woo part ways after two passionate relationships. A decade later, they meet again as a reporter who covers an adultery scandal and the wife of the man at the center of that scandal. Reuniting in their late thirties, their youth has passed, but their love remains vivid. Kyeong-do now strives to prove to her and to himself that he still loves her."                                                                                                                                                                                                                                                                                                                                                                                                                                                                                                                                                     , https://image.tmdb.org/t/p/w500/k9xPcIsxXbc1Xuf45K0FU8yM2m5.jpg                                              , https://image.tmdb.org/t/p/original/2sthhg2okBF91wlwxvFaM4eXiTg.jpg, https://www.youtube.com/watch?v=dVoO8wLcAB8     ,         2025,      0,       4.4  , Im Hyeon-wook                                                                           , "[""Park Seo-jun"",""Won Ji-an"",""Lee El"",""Lee Zoo-young"",""Kang Ki-doong"",""Cho Min-guk"",""Han Eun-seong"",""Kang Mal-geum"",""Lee Joong-hyun"",""Kim Mi-kyeong""]"                                         , "[""Comedy"",""Drama""]"                                                        , active, false   , true    , false  , true       , false       ,           0,             0, 2025-12-30 02:37:10.435147+00, 2026-08-01 12:17:01.170013+00, false    ,        999,  281005, en      , true         , "[""en""]"    , Language: Dual Audio [Hindi (DD2.0) & English] / ESubs              , []
03ec91f3-6b88-4e64-85ee-8c83bfe14a32, Crushology 101                          , crushology-101-2025                         , Bunny is a talented sculpture student with a warm personality but struggles with low self-esteem due to a failed first love.                                                                                                                                                                                                                                                                                                                                                                                                                                                                                                                                                                                                                                                                                                                                                                                                                                  , https://image.tmdb.org/t/p/w500/9K4rTjVM9YLsYLeQxgKuea8qonE.jpg                                              , https://image.tmdb.org/t/p/original/oQor5Njbut53tVMa5YBrBZa3Duj.jpg,                                                 ,         2025,      0,       3.8  ,                                                                                         , "[""Roh Jeong-eui"",""Lee Chae-min"",""Cho Jun-young"",""Kim Hyun-jin"",""Choi Ji-su"",""Lee Ji-hoon"",""Hong Min-gi"",""Nam Kyu-hee"",""Kim Jae-hwa"",""Kim Min-chul""]"                                          , "[""Comedy"",""Drama""]"                                                        , active, false   , true    , false  , false      , false       ,           0,             0, 2026-07-11 20:19:22.39766+00 , 2026-08-01 12:17:01.170013+00, false    ,        999,  262828,         , false        , []            ,                                                                     , []
041a15c8-e06c-48a1-ab3b-c7533f7e1032, Stranger Things                         , stranger-things-2016                        , "When a young boy vanishes, a small town uncovers a mystery involving secret experiments, terrifying supernatural forces, and one strange little girl."                                                                                                                                                                                                                                                                                                                                                                                                                                                                                                                                                                                                                                                                                                                                                                                                       , https://image.tmdb.org/t/p/w500/cVxVGwHce6xnW8UaVUggaPXbmoE.jpg                                              , https://image.tmdb.org/t/p/original/8zbAoryWbtH0DKdev8abFAjdufy.jpg, https://www.youtube.com/watch?v=PssKpzB0Ah0     ,         2016,      0,       4.3  , "Ross Duffer, Matt Duffer"                                                              , "[""Millie Bobby Brown"",""Winona Ryder"",""David Harbour"",""Finn Wolfhard"",""Gaten Matarazzo"",""Caleb McLaughlin"",""Noah Schnapp"",""Sadie Sink"",""Charlie Heaton"",""Natalia Dyer""]"                       , "[""Sci-Fi & Fantasy"",""Mystery"",""Action & Adventure""]"                     , active, false   , true    , true   , false      , false       ,           0,             0, 2025-12-30 02:10:11.944907+00, 2026-08-01 12:17:01.170013+00, false    ,        999,   66732, en      , true         , "[""en""]"    , Language: Dual Audio [Hindi (DD5.1) + English] / ESubs              , []
04ea18a2-920d-4ab1-8e66-2cd63e0cad64, The House of the Spirits                , the-house-of-the-spirits-2026               , "The epic tale of a proud and passionate family, secret loves, and bloody revolution. The Trueba family's passions, struggles, and secrets span a century of violent social change, culminating in a crisis that hurls the proud, tyrannical patriarch and his beloved granddaughter towards opposite sides of the fence."                                                                                                                                                                                                                                                                                                                                                                                                                                                                                                                                                                                                                                    , https://image.tmdb.org/t/p/w500/yb682O0KCZlS5qRydxOytO5A6co.jpg                                              , https://image.tmdb.org/t/p/original/kt87GDnUHXU8F4EHmiafVRAMmak.jpg, https://www.youtube.com/watch?v=KaniPxYVbMU     ,         2026,      0,       3.6  , "Francisca Alegría, Fernanda Urrejola"                                                  , "[""Alfonso Herrera"",""Dolores Fonzi"",""Nicole Wallace"",""Rocío Hernández"",""Juan Pablo Raba"",""Aline Küppenheim"",""Eduard Fernández"",""Fernanda Castillo"",""Sara Becker"",""Fernanda Urrejola""]"         , "[""Drama""]"                                                                   , active, false   , false   , false  , true       , false       ,           0,             0, 2026-04-29 16:00:20.812322+00, 2026-08-01 12:17:01.170013+00, false    ,        999,  259702, en      , true         , "[""en""]"    , Language: Dual Audio [Hindi (DD5.1) + English] / ESubs              , []
076d2c4e-b823-440c-af91-66260f6b373a, Boyfriend on Demand                     , boyfriend-on-demand-2026                    , "Webtoon producer Seo Mi-rae, seeking a risk-free romance, immerses herself in a virtual dating simulation, experiencing love through a digital relationship."                                                                                                                                                                                                                                                                                                                                                                                                                                                                                                                                                                                                                                                                                                                                                                                                , https://image.tmdb.org/t/p/w500/1WSuH8eK44KDavNggmWhKS5zUCF.jpg                                              , https://image.tmdb.org/t/p/original/1xqUl81vfbnX4iIqC4652J1mvKi.jpg,                                                 ,         2026,      0,       5    , Namgung Do-young                                                                        , "[""JISOO"",""Seo In-guk"",""Gong Min-jeung"",""Lee Hak-ju"",""Kim Ah-young"",""Park Hae-lin"",""Ahn Ha-young"",""Cho Han-cheul"",""Ko Kyu-phil"",""한가을""]"                                                     , "[""Sci-Fi & Fantasy"",""Comedy"",""Drama""]"                                   , active, false   , true    , false  , true       , false       ,           0,             0, 2026-03-06 13:26:37.799456+00, 2026-08-01 12:17:01.170013+00, false    ,        999,  281016, en      , true         , "[""en""]"    , Language: Dual Audio [Hindi (DD5.1) & English] / ESubs              , []
07d30f2a-ae45-4ad4-b9ea-52f4f90c3416, Vimal Khanna                            , vimal-khanna-2026                           , "An accountant accused of killing his brother flees, assumes the identity Vimal Khanna, and faces blackmail while seeking his vanished wife. Survival and accidental heroism drive noir-style rescues and moral choices."                                                                                                                                                                                                                                                                                                                                                                                                                                                                                                                                                                                                                                                                                                                                     , https://image.tmdb.org/t/p/w500/x46kt1DCCpDfwp5Xfr12uJtrPN1.jpg                                              , https://image.tmdb.org/t/p/original/x9gBrPP5ZnSdFDfVcdx4CmI7VLb.jpg, https://www.youtube.com/watch?v=dD2hVmpvtpE     ,         2026,      0,            , Abhinav Pareek                                                                          , "[""Sunny Hinduja"",""Isha Talwar"",""Tara Alisha Berry"",""Surjyasikha Das"",""Vinod Suryavanshi"",""Akshay Anand"",""Shakti Singh"",""Manjeet Singh Rathore"",""Piloo Vidyarthi""]"                              , "[""Action & Adventure"",""Crime""]"                                            , active, false   , false   , false  , true       , false       ,           0,             0, 2026-05-16 16:47:36.004104+00, 2026-08-01 12:17:01.170013+00, false    ,        999,  322558, hi      , false        , "[""en""]"    , Language: Hindi DD5.1 / ESubs                                       , []
0a1d5452-1e63-4794-b5a6-013a70f6b39f, Spring Fever                            , spring-fever-2026                           , "After moving to a quiet rural town to heal from past heartbreak, a withdrawn teacher slowly rediscovers warmth and joy through her unexpected connection with a rough-around-the-edges but kindhearted local man."                                                                                                                                                                                                                                                                                                                                                                                                                                                                                                                                                                                                                                                                                                                                           , https://image.tmdb.org/t/p/w500/50e9qtv8rKmcayAQSgB9P9XELpQ.jpg                                              , https://image.tmdb.org/t/p/original/nRxbtO6OchyepUL2Zr4dpMZsdsX.jpg, https://www.youtube.com/watch?v=0kmSL0dQlWI     ,         2026,      0,       4.2  , Kim A-jung                                                                              , "[""Ahn Bo-hyun"",""Lee Ju-bin"",""Cha Seo-won"",""Cho Jun-young"",""Lee Jae-in"",""Na Young-hee"",""Cho Seung-yeon"",""Im Su-hyung"",""Jin Kyung"",""Bae Jung-nam""]"                                             , "[""Comedy"",""Drama""]"                                                        , active, false   , true    , false  , true       , false       ,           0,             0, 2026-01-06 18:23:13.747017+00, 2026-08-01 12:17:01.170013+00, false    ,        999,  280948, en      , true         , "[""en""]"    , Language: Dual Audio [Hindi (DD2.0) & English] / ESubs              , []
0a46e08a-85ee-41c9-9f70-e3c0772a3dc2, Kuttram purindhavan : The Guilty one    , kuttram-purindhavan-the-guilty-one-2025     , "The story follows Bhaskar (Pasupathy), a former government pharmacist whose attempt to help goes wrong when a child goes missing, plunging him into a complex case fraught with guilt, secrets, and moral ambiguity. Gowtham (Vidharth) is the investigating officer, while Esther (Lakshmi Priyaa Chandramouli) is the frantic mother of the missing child.[7][8]"                                                                                                                                                                                                                                                                                                                                                                                                                                                                                                                                                                                          , https://image.tmdb.org/t/p/w500/2ELw8en4H2PayT6B80kPAUGULXt.jpg                                              , https://image.tmdb.org/t/p/original/fuuIf2raK9MThwaF6e5QZs2q09R.jpg, https://youtu.be/OXLq-1aGRBc?si=Ejo7m0DSHsfObmSl,         2025,      0,            ,                                                                                         , "[""""]"                                                                                                                                                                                                           , "[""""]"                                                                        , active, false   , false   , false  , true       , false       ,           0,             0, 2025-12-30 02:11:59.240314+00, 2026-08-01 12:17:01.170013+00, false    ,        999,  307794, ta      , true         , "[""en""]"    , Language: Dual Audio [Hindi (DD5.1) + Tamil] / ESubs                , []
0d807c12-c74c-4c24-bbd5-4e2b8c8c3730, Elite Force                             , elite-force-2026                            , "Following an unprecedented attack on the GIGN, an officer—just as he is leaving the force—will carry out a mission that rivals the intensity of that attack."                                                                                                                                                                                                                                                                                                                                                                                                                                                                                                                                                                                                                                                                                                                                                                                                , https://image.tmdb.org/t/p/w500/ymjYmuHG4Af93fcoF0NKwx9Rovb.jpg                                              , https://image.tmdb.org/t/p/original/tMpfa73LmKpeZ3Fix1QmFGIUrKI.jpg,                                                 ,         2026,      0,       7.8  , "Julien Leclercq, Sylvain Caron"                                                        , "[""Tomer Sisley"",""Guillaume Gouix"",""Philip Schurer"",""Nicolas Wanczycki"",""Leanna Chea"",""Géraldine Pailhas"",""Tristan Zanchi"",""Thierry Neuvic"",""Grégori Derangère"",""Kévin Azaïs""]"                , "[""Action & Adventure"",""Crime"",""Drama""]"                                  , active, false   , false   , false  , true       , false       ,           0,             0, 2026-07-23 02:43:07.427204+00, 2026-08-01 12:17:01.170013+00, false    ,        999,  281281, fr      , false        , "[""en""]"    , Language: Dual Audio [Hindi + French] / ESubs                       , "[""netflix""]"
1020e713-4c23-45b2-8eaf-5df683eca12c, The King of Pigs                        , the-king-of-pigs-2022                       , "Two friends in the past were victims of serious school bullying. One could not resist his trauma, and becomes a serial killer, walking in the path of revenge. Another one tries his best to overcome the trauma and becomes a police detective. He now faces tragic fate to risk his life to capture the serial killer."                                                                                                                                                                                                                                                                                                                                                                                                                                                                                                                                                                                                                                    , https://image.tmdb.org/t/p/w500/zCyngZDHOESiY52bg4QXhtkM2S5.jpg                                              , https://image.tmdb.org/t/p/original/pMDhLfyYcuz6MMicbhkFKxMjcEE.jpg, https://www.youtube.com/watch?v=9W8P5fQaBTo     ,         2022,      0,       8.4  , Yeon Sang-ho                                                                            , "[""Kim Dong-wook"",""Kim Sung-kyu"",""Chae Jung-an"",""Choi Hyeon-jin"",""Oh Min-suk"",""Moon Seong-hyun"",""Han Soo-yeon"",""Lee Ji-ha"",""Jung Eui-jae"",""Ji Chan""]"                                          , "[""Drama"",""Mystery""]"                                                       , active, false   , false   , false  , false      , false       ,           0,             0, 2026-08-31 19:59:59.729225+00, 2026-08-31 20:00:10.288689+00, false    ,        999,  154523, ko      , false        , "[""en""]"    , Language: Dual Audio [Hindi + Korean] / ESubs                       , []
130e9b75-fde9-4952-a933-45fd00596525, A Knight of the Seven Kingdoms          , a-knight-of-the-seven-kingdoms-2026         , "A century before the events of Game of Thrones, two unlikely heroes wandered Westeros: a young, naive but courageous knight, Ser Duncan the Tall, and his diminutive squire, Egg. Set in an age when the Targaryen line still holds the Iron Throne and the last dragon has not yet passed from living memory, great destinies, powerful foes, and dangerous exploits await these improbable and incomparable friends."                                                                                                                                                                                                                                                                                                                                                                                                                                                                                                                                      , https://image.tmdb.org/t/p/w500/6igvNs5VJB4ryBLgjjXksDVs0Fm.jpg                                              , https://image.tmdb.org/t/p/original/7mkUu1F2hVUNgz24xO8HPx0D6mK.jpg, https://www.youtube.com/watch?v=sItUCKJQLTU     ,         2026,      0,       8.3  , "George R. R. Martin, Ira Parker"                                                       , "[""Peter Claffey"",""Dexter Sol Ansell""]"                                                                                                                                                                        , "[""Drama"",""Sci-Fi & Fantasy"",""Action & Adventure""]"                       , active, false   , true    , false  , true       , false       ,           0,             0, 2026-01-20 20:26:44.575561+00, 2026-08-01 12:17:01.170013+00, false    ,        999,  224372, hi      , true         , "[""en""]"    , Language: Hindi (ORG 2.0) + English / ESubs                         , []
13b2b136-b027-4100-9786-f6a59a8c95d1, Lingam                                  , lingam-2026                                 , "Framed for a crime he didn't commit, a kabaddi hero gets pushed into a world he never wanted and ultimately becomes a feared name."                                                                                                                                                                                                                                                                                                                                                                                                                                                                                                                                                                                                                                                                                                                                                                                                                          , https://image.tmdb.org/t/p/w500/l5utMuTzwMUpypOTOSLQLg5WY57.jpg                                              , https://image.tmdb.org/t/p/original/4hU24wP2A1Vq72aHhXaRBRB247B.jpg,                                                 ,         2026,      0,            , Prashanth Pandiraj                                                                      , "[""Kathir"",""Divyabharathi"",""Poornima Ravi"",""Radikaa Sarathkumar"",""Bose Venkat""]"                                                                                                                         , "[""Crime""]"                                                                   , active, false   , false   , false  , true       , false       ,           0,             0, 2026-07-03 16:12:19.477697+00, 2026-08-01 12:17:01.170013+00, false    ,        999,  307949, ta      , false        , "[""en""]"    , Language: Dual Audio [Hindi + Tamil] / ESubs                        , "[""jiohotstar""]"
161f7975-6619-4209-9910-f94921b30a2b, Viral Hit                               , viral-hit-2026                              , "A bullied high schooler becomes an overnight sensation after a viral video. But when his newfound fame turns sour, he must learn to fight for himself."                                                                                                                                                                                                                                                                                                                                                                                                                                                                                                                                                                                                                                                                                                                                                                                                      , https://image.tmdb.org/t/p/w500/8VCLKvxUpnsRH4ZjECM5e22KcIB.jpg                                              , https://image.tmdb.org/t/p/original/cUNHl2RBFO7qNoAhmRyML0BdWsY.jpg,                                                 ,         2026,      0,       7.6  ,                                                                                         , "[""Ouji Suzuka"",""Ai Mikami"",""Araki Sugou"",""Meru Nukumi"",""Noritaka Hamao"",""Mieko Harada"",""Takuro Osada"",""Nana Asakawa"",""Kentaro Maeda"",""Yūsuke Iseya""]"                                         , "[""Drama"",""Action & Adventure""]"                                            , active, false   , false   , false  , true       , false       ,           0,             0, 2026-06-12 23:25:16.062602+00, 2026-08-01 12:17:01.170013+00, false    ,        999,  312493,         , false        , []            ,                                                                     , []
16b92d6b-919d-46ff-abf4-1c4586c99a33, Neagley                                 , neagley-2026                                , "Frances Neagley is a private investigator in Chicago and former military colleague of Jack Reacher in the Army's 110th Special Investigations Unit. When she learns that a beloved friend from her past has been killed in a suspicious accident, she becomes hell-bent on justice."                                                                                                                                                                                                                                                                                                                                                                                                                                                                                                                                                                                                                                                                         , https://image.tmdb.org/t/p/w500/1m6CxPAuGv2oHc1ahERrcVWnk2J.jpg                                              , https://image.tmdb.org/t/p/original/20ivBYm3H9MbGtRISGdhjydll9L.jpg, https://www.youtube.com/watch?v=BOzNaa_o9_g     ,         2026,      0,       3.4  , "Nick Santora, Nicholas Wootton"                                                        , "[""Maria Sten"",""Greyston Holt"",""Adeline Rudolph"",""Matthew Del Negro"",""Damon Herriman"",""Jasper Jones""]"                                                                                                 , "[""Drama"",""Mystery"",""Crime""]"                                             , active, false   , false   , false  , true       , false       ,           0,             0, 2026-09-17 00:21:20.355012+00, 2026-09-17 00:23:58.960253+00, false    ,        999,  273207,         , false        , []            ,                                                                     , []
184e1d10-7883-49c1-b3d5-3f9a3cfab1e4, Unchosen                                , unchosen-2026                               , "When a young mother from a sheltered cult crosses paths with a mysterious stranger, she embarks on a risky affair that awakens desires and dark secrets."                                                                                                                                                                                                                                                                                                                                                                                                                                                                                                                                                                                                                                                                                                                                                                                                    , https://image.tmdb.org/t/p/w500/oVl01a7R8rfmWrolWtrlPXYQqzj.jpg                                              , https://image.tmdb.org/t/p/original/rfUT32eWuaYcs7pFSyhT08vfCaF.jpg, https://www.youtube.com/watch?v=ahMnT9f2uDM     ,         2026,      0,       7.8  , Julie Gearey                                                                            , "[""Molly Windsor"",""Asa Butterfield"",""Fra Fee"",""Siobhan Finneran"",""Christopher Eccleston"",""Rory Wilmot"",""Olivia Pickering""]"                                                                          , "[""Drama""]"                                                                   , active, false   , false   , false  , true       , false       ,           0,             0, 2026-04-22 07:28:37.840342+00, 2026-08-01 12:17:01.170013+00, false    ,        999,  262848, en      , true         , "[""en""]"    , Language: Dual Audio [Hindi (DD5.1) & English] / ESubs              , []
19a21f42-9c3f-4ca8-a73b-37313652a04d, Agent from Above                        , agent-from-above-2026                       , "Bound by a deity's pact, Han Chieh fights demons on Earth. When he uncovers an old enemy's plan for a second invasion, he must fight to save humanity."                                                                                                                                                                                                                                                                                                                                                                                                                                                                                                                                                                                                                                                                                                                                                                                                      , https://image.tmdb.org/t/p/w500/ShizRVGvyFCmGqv7tFA0hxzQ8E.jpg                                               , https://image.tmdb.org/t/p/original/w1DjULItqmTGKnavi5hAtOGMogA.jpg, https://youtu.be/0IqEM3Sstbg?si=lzEJi3cjZzvHzAdg,         2026,      0,       6.3  , Xing Zi                                                                                 , "[""Kai Ko"",""Buffy Chen"",""Edison Wang"",""Simon Hsueh"",""Johnny Yang"",""Chen Yi-wen"",""Lin He-hsuan"",""Leon Dai"",""David Chao"",""Tzu-Chien Kuo""]"                                                       , "[""Drama"",""Action & Adventure"",""Sci-Fi & Fantasy""]"                       , active, false   , false   , false  , true       , false       ,           0,             0, 2026-04-12 04:45:49.347698+00, 2026-08-01 12:17:01.170013+00, false    ,        999,  213703, en      , true         , "[""en""]"    , Language: Dual Audio [Hindi (DD5.1) & English] / ESubs              , []
1a8eabfd-0e1c-44b2-a67f-955ccc93843f, Maa Ka Sum                              , maa-ka-sum-2026                             , "Agastya, a math prodigy, believes every problem has a formula - even love. When he sets out to find the perfect match for his mother, his algorithm-fueled adventure spirals into a hilarious tangle of bad dates, big feelings, and one unexpected discovery: sometimes love can't be calculated, only felt."                                                                                                                                                                                                                                                                                                                                                                                                                                                                                                                                                                                                                                               , https://image.tmdb.org/t/p/w500/82UCOLso29RQ4ihiau8DpocAGuH.jpg                                              , https://image.tmdb.org/t/p/original/ff4B8sHVJ0fVBTxbYUdIq7xvtqF.jpg, https://youtu.be/COjXn88L9v0?si=-aGgZeK0z_ctorwc,         2026,      0,       7.7  , "Samir Kohli, Vijay Vinayak Joshi, Prasad kadam"                                        , "[""Mona Singh"",""Mihir Ahuja"",""Angira Dhar"",""Ranveer Brar"",""Celesti Bairagey"",""Hetal Gada"",""Manish Anand""]"                                                                                           , "[""Comedy"",""Drama""]"                                                        , active, false   , false   , false  , true       , false       ,           0,             0, 2026-04-12 04:49:34.999229+00, 2026-08-01 12:17:01.170013+00, false    ,        999,  249771, hi      , false        , "[""en""]"    , Language: Hindi DD5.1 / ESubs                                       , []
1b1c628b-7568-4b28-bb5f-2db9684c35e8, Indori Ishq                             , indori-ishq-2021                            , "First love always remains one of the most cherished experiences in one’s life. The butterflies in your stomach every time your crush passes by, the thoughts of being with them one day, the fear of rejection holding you back and all that comes with it is truly an eccentric feeling. MX Player’s latest original, Indoori Ishq web series explores the excursion of one such love story, which starts with a meet-cute of a high school sweethearts but ends in a rather nasty manner. The Indoori Ishq story revolves around Kunal, who is about to pass out of his school and leave his hometown. Kunal has it all in life- he is leaving his hometown of Indore to pursue his future education in Mumbai where he has a seat secured in one of the country’s best Naval colleges. Not only has he made his parents and everyone proud but is also in a secured relationship with his high school sweetheart, Tara. What could go wrong with him now?", https://image.tmdb.org/t/p/w500/4BDkq0LStumvsHSi5aHMc7ZPqxH.jpg                                              , https://image.tmdb.org/t/p/original/nLjAcs4kikPWZpzyXMfHMlkMu80.jpg, https://www.youtube.com/watch?v=I6DGsJ5LQDk     ,         2021,      0,       6.7  , Samit Kakkad                                                                            , "[""Ritwik Sahore"",""Vedika Bhandari"",""Aashay Kulkarni"",""Dheer Hira"",""Donna Munshi"",""Tithi Raaj"",""Meera Joshi""]"                                                                                       , "[""Drama"",""Comedy""]"                                                        , active, false   , false   , false  , false      , false       ,           1,             0, 2026-07-14 18:03:48.621539+00, 2026-08-11 05:33:02.248507+00, false    ,        999,  127306, hi      , true         , "[""en""]"    , Language: Hindi DD5.1 / ESubs                                       , []
1c0fa1bd-e6c1-44d1-af32-372d3a3dc9e6, Unfamiliar                              , unfamiliar-2026                             , "Hidden in the middle of Berlin, ex-spies Simon and Meret run the safe house called ""The Nest."" When a threat they thought was eliminated catches up with them again, they suddenly have to hide from hit men, Russian agents, the Federal Intelligence Service (BND), ex-lovers and a lot of people they have wronged—and try to keep their marriage intact at the same time."                                                                                                                                                                                                                                                                                                                                                                                                                                                                                                                                                                             , https://image.tmdb.org/t/p/w500/cdXNPeSidTtc8JG24K7oq7vcab8.jpg                                              , https://image.tmdb.org/t/p/original/qDq3dG4ElRohih5fUGNQRLHuBaC.jpg, https://www.youtube.com/watch?v=RY-FSHJ7fKA     ,         2026,      0,       3.7  ,                                                                                         , "[""Felix Kramer"",""Susanne Wolff"",""Samuel Finzi"",""Natalia Belitski"",""Andreas Pietschmann"",""Maja Bons"",""Genija Rykova"",""Henry Hübchen""]"                                                             , "[""Drama"",""Action & Adventure""]"                                            , active, false   , false   , false  , true       , false       ,           0,             0, 2026-02-06 11:42:39.936723+00, 2026-08-01 12:17:01.170013+00, false    ,        999,  274776, en      , true         , "[""en""]"    , Language: Dual Audio [Hindi (DD5.1) & English] / ESubs              , []
1cc36321-4adc-4a20-a1bd-16cf1b086203, Black Warrant                           , black-warrant-2025                          , "A global spy thriller filled with betrayal, missions & suspense."                                                                                                                                                                                                                                                                                                                                                                                                                                                                                                                                                                                                                                                                                                                                                                                                                                                                                            , https://m.media-amazon.com/images/M/MV5BNGQyOGM2ZWMtM2ZlNS00MTA3LWI0ZTctOWIwNmVhNWVlMDU0XkEyXkFqcGc@._V1_.jpg,                                                                    , https://youtu.be/GRM8Q-1fVJ0?si=OV6N4th7typ6xUKR,         2025,      0,       7.9  , Vikramaditya Motwane Satyanshu Singh Arkesh Ajay Rohin Raveendran Nair Ambiecka Pandit  , "[""Zahan Kapoor Rahul Bhat Paramvir Singh Cheema Anurag Thakur""]"                                                                                                                                                , "[""Crime"",""Drama"",""Thriller""]"                                            , active, false   , false   , false  , false      , false       ,           0,             0, 2025-11-14 12:59:46.553939+00, 2026-08-01 12:17:01.170013+00, false    ,        999,  983768, hi      , false        , "[""en""]"    , Language: Hindi DD5.1 / ESubs                                       , []
1d4c1705-f497-45df-afe3-010f05361758, Joe Pickett                             , joe-pickett-2021                            , "A game warden and his family navigate the changing political and socio-economic climate in a small rural town in Wyoming on the verge of economic collapse. Surrounded by rich history and vast wildlife, the township hides decades of schemes and secrets that are yet to be uncovered."                                                                                                                                                                                                                                                                                                                                                                                                                                                                                                                                                                                                                                                                   , https://image.tmdb.org/t/p/w500/pWBCwK0lp5RLCyG89JzrhEVny47.jpg                                              , https://image.tmdb.org/t/p/original/gazijGFhqouUBvrTiFE9f0ZqF07.jpg, https://www.youtube.com/watch?v=KFdzAweTlSs     ,         2021,      0,       7.6  , "John Erick Dowdle, Drew Dowdle, C.J. Box"                                              , "[""Michael Dorman"",""Julianna Guill"",""Skywalker Hughes"",""Vivienne Guynn"",""Mustafa Speaks"",""Chad Rook""]"                                                                                                 , "[""Drama"",""Western""]"                                                       , active, false   , false   , false  , false      , false       ,           0,             0, 2026-02-18 01:13:25.70841+00 , 2026-08-01 12:17:01.170013+00, false    ,        999,  122235, en      , true         , "[""en""]"    , Language: Dual Audio [Hindi (DD2.0) & English] / ESubs              , []
1da3af44-0d70-4987-866c-282bf06193ab, Chiraiya                                , chiraiya-2026                               , "Kamlesh's world as a devoted wife and daughter-in-law shatters when her new sister-in-law confides a disturbing secret about her wedding night, forcing Kamlesh to confront uncomfortable truths within her own family."                                                                                                                                                                                                                                                                                                                                                                                                                                                                                                                                                                                                                                                                                                                                     , https://image.tmdb.org/t/p/w500/hyiZwtwNLxTZOpZSIY1OIM0sSU9.jpg                                              , https://image.tmdb.org/t/p/original/1qIxZYPwp9SIIm7qy64ns6EQLOJ.jpg, https://youtu.be/L8GgQcCZM0E?si=gfWDVbgPSdDMSn-8,         2026,      0,            , Divy Nidhi Sharma                                                                       , "[""Divya Dutta"",""Sanjay Mishra"",""Prasanna Bisht"",""Siddharth Shaw"",""Faisal Rashid"",""Tinnu Anand"",""Sarita Joshi""]"                                                                                     , "[""Drama""]"                                                                   , active, false   , false   , false  , true       , false       ,           0,             0, 2026-03-20 15:31:27.487194+00, 2026-08-01 12:17:01.170013+00, false    ,        999,  316879, hi      , false        , "[""en""]"    , Language: Hindi DD5.1 / ESubs                                       , []
1ff581b9-670f-49f9-a11a-cddfb3dfa829, Money Heist                             , money-heist-2017                            , "To carry out the biggest heist in history, a mysterious man called The Professor recruits a band of eight robbers who have a single characteristic: none of them has anything to lose. Five months of seclusion - memorizing every step, every detail, every probability - culminate in eleven days locked up in the National Coinage and Stamp Factory of Spain, surrounded by police forces and with dozens of hostages in their power, to find out whether their suicide wager will lead to everything or nothing."                                                                                                                                                                                                                                                                                                                                                                                                                                       , https://image.tmdb.org/t/p/w500/reEMJA1uzscCbkpeRJeTT2bjqUp.jpg                                              , https://image.tmdb.org/t/p/original/gFZriCkpJYsApPZEF3jhxL4yLzG.jpg, https://www.youtube.com/watch?v=_InqQJRqGW4     ,         2017,      0,       4.1  , Álex Pina                                                                               , "[""Úrsula Corberó"",""Itziar Ituño"",""Álvaro Morte"",""Pedro Alonso"",""Miguel Herrán"",""Jaime Lorente"",""Esther Acebo"",""Najwa Nimri"",""Enrique Arce"",""Rodrigo de la Serna""]"                            , "[""Crime"",""Drama""]"                                                         , active, false   , false   , false  , false      , false       ,           0,             0, 2026-06-10 06:52:29.972706+00, 2026-08-01 12:17:01.170013+00, false    ,        999,   71446, es      , true         , "[""en""]"    , Language: Dual Audio [Hindi (DD5.1) + Spanish (ORG)] / ESubs        , []
20c6adef-a7f5-4b5c-93fe-3f702f353022, Suicide Squad Isekai                    , suicide-squad-isekai-2024                   , "In the crime-ridden city of Gotham, Amanda Waller, the head of A.R.G.U.S., assembles a group of notorious criminals—Harley Quinn, Deadshot, Peacemaker, Clayface and King Shark—for a mission into an otherworldly realm that's connected to this world through a gate. It's a realm of swords and magic where orcs rampage and dragons rule the skies. Can Harley Quinn and her crew conquer this perilous realm?"                                                                                                                                                                                                                                                                                                                                                                                                                                                                                                                                          , https://image.tmdb.org/t/p/w500/AbVwsBJnLoqJzPJn8dlGFSGfygy.jpg                                              , https://image.tmdb.org/t/p/original/v6RfEUoDrB5iAZXmJ6ZT9tUs3ZX.jpg, https://www.youtube.com/watch?v=lsLAMV7lQX4     ,         2024,      0,       6.2  ,                                                                                         , "[""Anna Nagase"",""Reigo Yamaguchi"",""Takehito Koyasu"",""Jun Fukuyama"",""Subaru Kimura"",""Jun Fukushima"",""Seán Patrick Judge""]"                                                                            , "[""Animation"",""Action & Adventure"",""Sci-Fi & Fantasy""]"                   , active, false   , false   , false  , false      , false       ,           0,             0, 2026-01-28 10:25:50.677898+00, 2026-08-01 12:17:01.170013+00, false    ,        999,  229926, ja      , true         , "[""en""]"    , Language: Dual Audio [Hindi (DD2.0) & Japanese] / ESubs             , []
20ffca1e-57a4-4058-8a58-d3416fd2f98f, Mad Concrete Dreams                     , mad-concrete-dreams-2026                    , "A debt-ridden building owner agrees to stage a fake kidnapping to save his family and property, only for the plan to spiral into a real abduction and a dangerously escalating situation."                                                                                                                                                                                                                                                                                                                                                                                                                                                                                                                                                                                                                                                                                                                                                                   , https://image.tmdb.org/t/p/w500/vX5dzW0qmFvrhTsTQj4IPZHnbpt.jpg                                              , https://image.tmdb.org/t/p/original/uyXmG9UoUrCaDwAK3HtXtPSImeU.jpg, https://www.youtube.com/watch?v=BmR4ZawPebU     ,         2026,      0,       8.3  ,                                                                                         , "[""Ha Jung-woo"",""Lim Soo-jung"",""Kim Jun-han"",""Krystal Jung"",""Shim Eun-kyung"",""Lee Shin-ki"",""Park Seo-kyung"",""Kim Keum-soon"",""Lee Ju-woo"",""Nam Myung-ryeol""]"                                   , "[""Crime"",""Comedy"",""Drama""]"                                              , active, false   , false   , false  , false      , false       ,           0,             0, 2026-08-21 13:13:47.613055+00, 2026-08-21 13:13:47.613055+00, false    ,        999,  281965, ko      , false        , "[""en""]"    , Language: Dual Audio [Hindi + Korean] / ESubs                       , []
234baa19-e159-4a1e-a488-ec0872b6c318, ONE PIECE                               , one-piece-2023                              , "With his straw hat and ragtag crew, young pirate Monkey D. Luffy goes on an epic voyage for treasure."                                                                                                                                                                                                                                                                                                                                                                                                                                                                                                                                                                                                                                                                                                                                                                                                                                                       , https://image.tmdb.org/t/p/w500/blWCPEqDGLBuLB9u89CxP9ORQP4.jpg                                              , https://image.tmdb.org/t/p/original/qD211Hb5XwFxrszzBBe5EUYJerh.jpg, https://www.youtube.com/watch?v=l6kp780S-os     ,         2023,      0,       8.3  , "Matt Owens, Steven Maeda"                                                              , "[""Iñaki Godoy"",""Emily Rudd"",""Mackenyu"",""Jacob Gibson"",""Taz Skylar"",""Charithra Chandran""]"                                                                                                             , "[""Action & Adventure"",""Sci-Fi & Fantasy""]"                                 , active, false   , true    , false  , false      , false       ,           0,             0, 2026-03-03 21:59:22.274587+00, 2026-08-01 12:17:01.170013+00, false    ,        999,  111110, hi      , true         , "[""en""]"    , Language: Dual Audio [Hindi(ORG 5.1) + English] DD5.1 / ESubs       , []
2541320c-757e-470e-b08d-239ff40118be, Murder Mindfully                        , murder-mindfully-2024                       , "When mafia lawyer Björn attends a mindfulness class to find a better work-life balance, he discovers surprising new coping strategies — including murder."                                                                                                                                                                                                                                                                                                                                                                                                                                                                                                                                                                                                                                                                                                                                                                                                   , https://image.tmdb.org/t/p/w500/rt6SspSLBl5PqWXGstR7HlUM3Nj.jpg                                              , https://image.tmdb.org/t/p/original/rsLZK4xAw1Oun0T5UWfG213qalP.jpg, https://www.youtube.com/watch?v=cMxkl9X586w     ,         2024,      0,       3.9  , Karsten Dusse                                                                           , "[""""]"                                                                                                                                                                                                           , "[""Drama"",""Comedy"",""Crime""]"                                              , active, false   , true    , false  , false      , false       ,           0,             0, 2026-05-29 14:37:14.555681+00, 2026-08-01 12:17:01.170013+00, false    ,        999,  252372, hi      , true         , "[""en""]"    , Language: Dual Audio [Hindi (ORG 5.1) + English] / ESubs            , []
26145ba2-4653-442d-9b59-83afd588125f, Bloodhounds                             , bloodhounds-2023                            , "Faced with ruthless foes with a violent thirst, two young boxers band together — risking life and limb to bring justice and protect their loved ones."                                                                                                                                                                                                                                                                                                                                                                                                                                                                                                                                                                                                                                                                                                                                                                                                       , https://image.tmdb.org/t/p/w500/yu4oHDi6kO3cYXdmEnYT6SibATj.jpg                                              , https://image.tmdb.org/t/p/original/zhsEnDNCQX5dlI2wbKzV90pV0B9.jpg, https://www.youtube.com/watch?v=eyiR8pO50JE     ,         2023,      0,       8.1  , Jason Kim                                                                               , "[""Woo Do-hwan"",""Lee Sang-yi"",""Rain""]"                                                                                                                                                                       , "[""Drama"",""Action & Adventure"",""Crime""]"                                  , active, false   , true    , false  , false      , false       ,           0,             0, 2026-04-12 04:53:57.466802+00, 2026-08-01 12:17:01.170013+00, false    ,        999,  127529, en      , true         , "[""en""]"    , Language: Dual Audio [Hindi (DD5.1) & English] / ESubs              , []
27de0935-fe37-4084-a7e5-0dc458dff5dd, Fallout                                 , fallout-2024                                , "The story of haves and have-nots in a world in which there's almost nothing left to have. 200 years after the apocalypse, the gentle denizens of luxury fallout shelters are forced to return to the irradiated hellscape their ancestors left behind — and are shocked to discover an incredibly complex, gleefully weird, and highly violent universe waiting for them."                                                                                                                                                                                                                                                                                                                                                                                                                                                                                                                                                                                   , https://image.tmdb.org/t/p/w500/c15BtJxCXMrISLVmysdsnZUPQft.jpg                                              , https://image.tmdb.org/t/p/original/cIgHBLTMbcIkS0yvIrUUVVKLdOz.jpg, https://www.youtube.com/watch?v=7h8zJHywjAw     ,         2024,      0,       8.3  , "Geneva Robertson-Dworet, Graham Wagner"                                                , "[""Ella Purnell"",""Aaron Moten"",""Moisés Arias"",""Frances Turner"",""Kyle MacLachlan"",""Walton Goggins""]"                                                                                                    , "[""Action & Adventure"",""Sci-Fi & Fantasy""]"                                 , active, false   , true    , false  , false      , false       ,           0,             0, 2025-12-30 02:32:16.675684+00, 2026-08-01 12:17:01.170013+00, false    ,        999,  106379, en      , true         , "[""en""]"    , Language: Dual Audio [Hindi (DD5.1) + English] / ESubs              , []
28b60b20-8c9f-445c-a05f-f08b40c58060, Hostages                                , hostages-2019                               , "Four masked men break into the Anand family home, taking them hostage. Pushed into a do-or-die situation, Dr. Mira Anand has to make a choice. Will she take a life to save lives?"                                                                                                                                                                                                                                                                                                                                                                                                                                                                                                                                                                                                                                                                                                                                                                          , https://image.tmdb.org/t/p/w500/s4bv1qeIzqsI5YlnZm2WG3fPb45.jpg                                              , https://image.tmdb.org/t/p/original/n2vlqGq2Z12Pf862phcfsNUcVOe.jpg, https://youtu.be/pymRhLERVI4?si=DkJsgrFOv97yrD95,         2019,      0,       3.2  , Sudhir Mishra                                                                           , "[""Ronit Roy"",""Anangsha Biswas"",""Aashim Gulati"",""Dalip Tahil"",""Divya Dutta"",""Dino Morea"",""Shibani Dandekar"",""Amit Sial"",""Kanwaljit Singh"",""Shriswara Dubey""]"                                  , "[""Drama"",""Crime""]"                                                         , active, false   , false   , false  , false      , false       ,           0,             0, 2026-03-31 00:32:54.02799+00 , 2026-08-01 12:17:01.170013+00, false    ,        999,   89865, hi      , false        , "[""en""]"    , Language: Hindi [ With ESubs ]                                      , []
28f1c8e7-02f1-45c6-bc22-3aee2a4d0145, Mitti  Ek Nayi Pehchaan                 , mitti-ek-nayi-pehchaan-2025                 , """Mitti – Ek Nayi Pehchaan"" follows Raghav Sharma’s return to Dol Chhapra, his ancestral village, to fulfill his late grandfather’s vision of modern farming. Leaving behind his life as a creative director in advertising, Raghav confronts village rivalries and emotional ties as he embarks on a profound journey of transformation—from urban professional to progressive farmer, rediscovering identity, purpose, and belonging."                                                                                                                                                                                                                                                                                                                                                                                                                                                                                                                    , https://image.tmdb.org/t/p/w400/rxTwoXoD83Hm5PyrKOxZ4rac6J6.jpg                                              , https://image.tmdb.org/t/p/original/kaTrTPmZx3pdfqLWIArXbOTKQkQ.jpg, https://youtu.be/9eVnW29V6v0?si=YV028voG_8eT3AIc,         2025,      0,       8.1  ,                                                                                         , "[""Ishwak Singh"",""Shruti Sharma"",""Alka Amin"",""Yogendra Tiku"",""Pranjal Pateriya"",""Diksha Juneja"",""Piyush Kumar"",""Sharat Sonu""]"                                                                     , "[""Drama"",""Family""]"                                                        , active, false   , false   , false  , false      , false       ,           0,             0, 2026-04-21 08:37:13.650172+00, 2026-08-01 12:17:01.170013+00, false    ,        999,  295719, hi      , false        , "[""en""]"    , Language: Hindi DD5.1 / ESubs                                       , []
296b3c5d-a4aa-4992-98b7-c1b5421c1cc7, Gullak                                  , gullak-2019                                 , "Set in quaint by-lanes in the heart of India, Gullak is a collection of disarming and relatable tales of the Mishra family."                                                                                                                                                                                                                                                                                                                                                                                                                                                                                                                                                                                                                                                                                                                                                                                                                                 , https://image.tmdb.org/t/p/w500/arn3mvRYSrEqO7vaKbH8QxM8EEK.jpg                                              , https://image.tmdb.org/t/p/original/t0J74zw5N5Ux7CvvBtIHvjnSB4n.jpg, https://www.youtube.com/watch?v=XKVYXYuPUm8     ,         2019,      0,       3.9  , "Nikhil Vijay, Shreyansh Pandey"                                                        , "[""Jameel Khan"",""Geetanjali Kulkarni"",""Harsh Mayar"",""Shivankit Singh Parihar"",""Sunita Rajwar"",""Anant Joshi""]"                                                                                          , "[""Comedy"",""Drama"",""Family""]"                                             , active, false   , true    , false  , false      , false       ,           0,             0, 2026-06-10 09:32:26.839925+00, 2026-08-01 12:17:01.170013+00, false    ,        999,   90966, hi      , false        , "[""en""]"    , Language: Hindi DD2.0 / ESubs                                       , []
2a1e25e2-34e6-472b-aa35-2f939b0f5426, Inspector Avinash                       , inspector-avinash-2023                      , "Set in 1998 UP, this is the story of a dynamic cop leading a Special Task Force which becomes instrumental in eliminating a dreaded weapons cartel."                                                                                                                                                                                                                                                                                                                                                                                                                                                                                                                                                                                                                                                                                                                                                                                                         , https://image.tmdb.org/t/p/w500/cyX4lDfLOtejavCY5PbtRlk4C63.jpg                                              , https://image.tmdb.org/t/p/original/5X8rPeV0VhcPND4OHwgaudRqZhf.jpg, https://www.youtube.com/watch?v=oKVhaC7TJlw     ,         2023,      0,       7.6  ,                                                                                         , "[""Randeep Hooda"",""Urvashi Rautela"",""Amit Sial"",""Abhimanyu Singh"",""Rajneesh Duggal"",""Shalin Bhanot"",""Freddy Daruwala""]"                                                                              , "[""Action & Adventure"",""Mystery""]"                                          , active, false   , false   , false  , false      , false       ,           0,             0, 2026-05-14 21:02:24.884469+00, 2026-08-01 12:17:01.170013+00, false    ,        999,  226707, hi      , false        , "[""en""]"    , Language: Hindi DD5.1 / ESubs                                       , []
2b4664cd-3ef5-4ffe-9050-38c9f782cec3, The Pitt                                , the-pitt-2025                               , The staff of Pittsburgh's Trauma Medical Center work around the clock to save lives in an overcrowded and underfunded emergency department.                                                                                                                                                                                                                                                                                                                                                                                                                                                                                                                                                                                                                                                                                                                                                                                                                   , https://image.tmdb.org/t/p/w500/kvFSpESyBZMjaeOJDx7RS3P1jey.jpg                                              , https://image.tmdb.org/t/p/original/6uPBHw488MUW6x51zZ2OCJo6Dgp.jpg, https://www.youtube.com/watch?v=ufR_08V38sQ     ,         2025,      0,       4.4  , R. Scott Gemmill                                                                        , "[""Noah Wyle"",""Patrick Ball"",""Katherine LaNasa"",""Supriya Ganesh"",""Fiona Dourif"",""Taylor Dearden"",""Isa Briones"",""Gerran Howell"",""Shabana Azeez"",""Sepideh Moafi""]"                               , "[""Drama""]"                                                                   , active, false   , true    , false  , false      , false       ,           0,             0, 2026-01-11 03:35:48.985064+00, 2026-08-01 12:17:01.170013+00, false    ,        999,  250307, en      , true         , "[""en""]"    , Language: Dual Audio [Hindi (DD2.0) & English] / ESubs              , []
2f25d48e-f17c-4384-a307-1c9cdcf42721, Man vs Baby                             , man-vs-baby-2025                            , "As Christmas approaches, a blundering-all-the-way dad juggles housesitting a posh London penthouse with an unexpected pickle: caring for a lost baby."                                                                                                                                                                                                                                                                                                                                                                                                                                                                                                                                                                                                                                                                                                                                                                                                       , https://image.tmdb.org/t/p/w500/x7UZVTEr26H5yCSVQoKTeBdvUvg.jpg                                              , https://image.tmdb.org/t/p/original/lSffVt0etoSLyl2hsTREdJ1CnQ1.jpg, https://www.youtube.com/watch?v=zHhR3daI3bY     ,         2025,      0,       3.4  , "Rowan Atkinson, William Davies"                                                        , "[""Rowan Atkinson""]"                                                                                                                                                                                             , "[""Comedy"",""Family""]"                                                       , active, false   , false   , false  , true       , false       ,           0,             0, 2025-12-30 02:16:50.743954+00, 2026-08-01 12:17:01.170013+00, false    ,        999,  279601, en      , true         , "[""en""]"    , Language: Dual Audio [Hindi (DD5.1) & English] / ESubs              , []
30100030-4b0f-4b90-8caa-84491a782c2b, Hello Bachhon                           , hello-bachhon-2026                          , A physics teacher sets out to make quality education accessible to all students through online learning.                                                                                                                                                                                                                                                                                                                                                                                                                                                                                                                                                                                                                                                                                                                                                                                                                                                      , https://image.tmdb.org/t/p/w500/sBprJ6cIkWWKl4ABWgxNDKxe9kL.jpg                                              , https://image.tmdb.org/t/p/original/akwxUU6YDiAixkx7t8AOSzxzkNG.jpg,                                                 ,         2026,      0,            , Abhishek Yadav                                                                          , "[""Vineet Kumar Singh"",""Vikram Kochhar"",""Girija Oak""]"                                                                                                                                                       , "[""Drama""]"                                                                   , active, false   , false   , false  , true       , false       ,           0,             0, 2026-03-06 13:23:49.530142+00, 2026-08-01 12:17:01.170013+00, false    ,        999,  313100, hi      , false        , "[""en""]"    , Language: Hindi DD5.1 / ESubs                                       , []
32ec54f9-5144-4f1f-8530-d873c9fb85a2, Perfect Family                          , perfect-family-2025                         , "A Punjabi family appears happy but deals with hidden issues, attending therapy together to address mental health and family bonds while fighting cultural stigma."                                                                                                                                                                                                                                                                                                                                                                                                                                                                                                                                                                                                                                                                                                                                                                                           , https://image.tmdb.org/t/p/w500/4HZCp7StTidUMJvty4fZ2VJaQgm.jpg                                              , https://image.tmdb.org/t/p/original/tsDmPboTBEDiG7Bklg0OV2b3KlW.jpg, https://www.youtube.com/watch?v=al9YyOkHQiM     ,         2025,      0,       3    , Palak Bhambri                                                                           , "[""Neha Dhupia"",""Manoj Pahwa"",""Seema Pahwa"",""Gulshan Devaiah"",""Girija Oak"",""Kaveri Seth"",""Hirva Samir Trivedi"",""Ronav Vaswani"",""Sachin Kathuria""]"                                               , "[""Family"",""Drama""]"                                                        , active, false   , false   , false  , false      , false       ,           0,             0, 2026-07-19 00:07:27.874331+00, 2026-08-01 12:17:01.170013+00, false    ,        999,  306974, hi      , true         , "[""en""]"    , Language: Hindi DD5.1 / ESubs                                       , []
35836d0d-3a19-42e0-a73d-ddec43b115c5, Game of Thrones                         , game-of-thrones-2011                        , "Seven noble families fight for control of the mythical land of Westeros. Friction between the houses leads to full-scale war. All while a very ancient evil awakens in the farthest north. Amidst the war, a neglected military order of misfits, the Night's Watch, is all that stands between the realms of men and icy horrors beyond."                                                                                                                                                                                                                                                                                                                                                                                                                                                                                                                                                                                                                   , https://image.tmdb.org/t/p/w500/1XS1oqL89opfnbLl8WnZY1O1uJx.jpg                                              , https://image.tmdb.org/t/p/original/2OMB0ynKlyIenMJWI2Dy9IWT4c.jpg , https://www.youtube.com/watch?v=KPLWWIOCOOQ     ,         2011,      0,       9.2  , "David Benioff, D. B. Weiss"                                                            , "[""Peter Dinklage"",""Kit Harington"",""Nikolaj Coster-Waldau"",""Lena Headey"",""Emilia Clarke"",""Liam Cunningham"",""Maisie Williams"",""Isaac Hempstead Wright"",""Sophie Turner"",""John Bradley""]"         , "[""Sci-Fi & Fantasy"",""Drama"",""Action & Adventure""]"                       , active, false   , false   , false  , false      , false       ,           0,             0, 2026-05-14 07:33:49.302423+00, 2026-08-01 12:17:01.170013+00, false    ,        999,    1399, hi      , true         , "[""en""]"    , Language: Hindi (ORG 2.0) + English 5.1 / ESubs “NEW JioCinema Dub!”, []
37168671-cb42-47cc-a08f-6be07dee9e5d, Bhay: The Gaurav Tiwari Story           , bhay-the-gaurav-tiwari-story-2025           , "Gaurav Tiwari, a paranormal investigator, faces his greatest challenge when his pursuit of the truth behind unexplained phenomena leads him into a deadly spiral. As his mysterious death leaves questions unanswered, a journalist delves into his eerie and celebrated legacy, unearthing secrets that blur the line between reality and the supernatural."                                                                                                                                                                                                                                                                                                                                                                                                                                                                                                                                                                                                , https://image.tmdb.org/t/p/w500/7QeF07BZJBw64pZ7zoPzVxIxFdk.jpg                                              , https://image.tmdb.org/t/p/original/9EAJbb6IYjQCUcxMxb3kty4Thnm.jpg, https://youtu.be/I8pz4rlV-VY?si=GifbOBjk4cQymeBW,         2025,      0,       4.5  , Robby Grewal                                                                            , "[""Karan Tacker"",""Kalki Koechlin"",""Saloni Batra"",""Nimisha Nair"",""Danish Sood"",""Shubham Chaudhary"",""Babla Kochar"",""Sonal Jha"",""Jennifer K Preston""]"                                              , "[""Drama"",""Mystery""]"                                                       , active, false   , true    , false  , false      , false       ,           0,             0, 2025-12-30 01:32:38.6789+00  , 2026-08-01 12:17:01.170013+00, false    ,        999,  308053, hi      , false        , "[""en""]"    , Language: Hindi DD5.1 / ESubs                                       , []
377294fa-9cb6-45a9-ad8d-efacdbad0097, Dynamite Kiss                           , dynamite-kiss-2025                          , "A passionate fling in Jeju ends abruptly — until fate reunites an heir and a young woman when she joins his company, disguised as a married mother."                                                                                                                                                                                                                                                                                                                                                                                                                                                                                                                                                                                                                                                                                                                                                                                                         , https://image.tmdb.org/t/p/w500/qY3ltlWUB7u3ENocrMOkbGCGYnt.jpg                                              , https://image.tmdb.org/t/p/original/cTFQKu8CLftXHUCIBGksfL8uhf3.jpg, https://www.youtube.com/watch?v=PukVwohE-Vk     ,         2025,      0,       4    , "Kim Jae-hyun, Ha Yoon-ah, Kim Hyun-woo"                                                , "[""Jang Ki-yong"",""Ahn Eun-jin"",""Kim Moo-joon"",""Woo Da-vi"",""Choi Gwang-il"",""Nam Kee-ae"",""Jeong Ga-hee"",""Cha Mi-kyeong"",""Seo Sang-won"",""Seo Jeong-yeon""]"                                        , "[""Drama"",""Comedy""]"                                                        , active, false   , true    , false  , true       , false       ,           0,             0, 2025-12-30 02:33:23.838287+00, 2026-08-01 12:17:01.170013+00, false    ,        999,  281013, ko      , true         , "[""en""]"    , Language: Dual Audio [Hindi (2.0) & Korean] / ESubs                 , []
383029f2-f469-4ed3-9590-e07620231896, Wheel Of Fortune India                  , wheel-of-fortune-india-2026                 , "Recognised by Guinness World Records as the world's most popular TV game show, Wheel of Fortune arrives in India in spectacular fashion, hosted by Akshay Kumar- Contestants enter a thrilling word game, decoding phrases spanning Bollywood, pop culture and everyday life- Blending entertainment with edge-of- the-seat moments, every alphabet can change the game as players compete for paisa and prizes!"                                                                                                                                                                                                                                                                                                                                                                                                                                                                                                                                            , https://image.tmdb.org/t/p/w500/rJEeYiafPQrtFI3d0bpUP7NOmCL.jpg                                              , https://image.tmdb.org/t/p/original/3KHsYztMdRu94K0PFeFpZHw5d2k.jpg, https://www.youtube.com/watch?v=hJ24umQgv_k     ,         2026,      0,            ,                                                                                         , "[""Akshay Kumar"",""Elnaaz Norouzi""]"                                                                                                                                                                            , "[""Drama"",""Reality"",""Comedy"",""Family""]"                                 , active, false   , false   , false  , true       , false       ,           0,             0, 2026-02-01 09:06:49.213008+00, 2026-08-01 12:17:01.170013+00, false    ,        999,  312551, hi      , true         , "[""en""]"    , Language: Dual Audio [Hindi (ORG 5.1) + English] / ESubs            , []
3a89c539-3020-4607-8f1c-152504294a1e, Kaptaan                                 , kaptaan-2026                                , "SSP Samardeep, a feared encounter specialist, hides a broken past behind his ruthless image. Years ago, in his pursuit of revenge, he abandoned his informant DK’s brothers. Now In Jwalabad, as Munna, Tinnu, and Shaheen battle for a ₹180-crore tender, Samar joins forces with the ruthless Kabir—only to discover he is one of those lost children, forcing him to face his past."                                                                                                                                                                                                                                                                                                                                                                                                                                                                                                                                                                      , https://image.tmdb.org/t/p/w500/77qaK1E2epERADWahm5s5mtopVm.jpg                                              , https://image.tmdb.org/t/p/original/dJ89QRFHX77ZWZXGnSS5LxSbtec.jpg, https://www.youtube.com/watch?v=uTrFkP4uXjs     ,         2026,      0,            , Jatin Satish Wagle                                                                      , "[""Saqib Saleem"",""Anjum Sharma"",""Siddharth Nigam"",""Arif Zakaria"",""Varun Badola"",""Vikram Kochhar"",""Kavita Kaushik"",""Pooja Gor"",""Anushka Kaushik""]"                                                , "[""Crime"",""Drama""]"                                                         , active, false   , false   , false  , true       , false       ,           0,             0, 2026-04-28 10:39:12.16715+00 , 2026-08-01 12:17:01.170013+00, false    ,        999,  318254, hi      , false        , "[""en""]"    , Language: Hindi (DD5.1)  / ESubs                                    , []
3abc57e3-cb2e-46fd-8fdb-80ce365ec6e7, The 50                                  , the-50-2026                                 , India's biggest reality show is about to redefine reality! 50 celebs face survival challenges and intense mind games under the watchful eye of the masked lion.                                                                                                                                                                                                                                                                                                                                                                                                                                                                                                                                                                                                                                                                                                                                                                                               , https://image.tmdb.org/t/p/w500/r7ZPWfdKJJmSjZDOIMQCz3PXjIa.jpg                                              , https://image.tmdb.org/t/p/original/54W3B9UEn68Oc9cnTsEw3fyyCkD.jpg,                                                 ,         2026,      0,            ,                                                                                         , "[""Natalia Janoszek"",""Nikki Tamboli"",""Ridhi Dogra"",""Divya Agarwal"",""Vikrant Singh Rajput"",""Siddharth Bhardwaj"",""Ridhima Pandit"",""Yuvika Chaudhary"",""Sumaira Shaikh"",""Manisha Rani""]"           , "[""Reality""]"                                                                 , active, false   , false   , false  , true       , false       ,           0,             0, 2026-02-02 04:12:52.593888+00, 2026-08-01 12:17:01.170013+00, false    ,        999,  311924, hi      , false        , "[""en""]"    , Language: Hindi DD5.1 / ESubs                                       , []
3d7043f5-dc1e-44eb-a753-226a9f26626b, Pharma                                  , pharma-2025                                 , "A young medical representative struggles against the pharma game, masters it and eventually fights against it."                                                                                                                                                                                                                                                                                                                                                                                                                                                                                                                                                                                                                                                                                                                                                                                                                                              , https://image.tmdb.org/t/p/w500/nG7VvjRiS8nsOy7qR7vF1tlZzSU.jpg                                              , https://image.tmdb.org/t/p/original/n1qDEYpr3pq7bJ9GGaF9zVNjdNq.jpg, https://www.youtube.com/watch?v=O7wQuF6OKtI     ,         2025,      0,       3.5  , P. R. Arun                                                                              , "[""Nivin Pauly"",""Veena Nandakumar"",""Rajit Kapoor"",""Narain"",""Shruti Ramachandran"",""Binu Pappu"",""Muthumani Somasundaran"",""Aalekh Kapoor"",""Aswathy Manoharan"",""Sruthi Jayan""]"                    , "[""Drama"",""Family""]"                                                        , active, false   , false   , false  , true       , false       ,           0,             0, 2025-12-30 02:21:41.631957+00, 2026-08-01 12:17:01.170013+00, false    ,        999,  243826, ml      , true         , "[""en""]"    , Language: Dual Audio [Hindi (DD5.1) + Malayalam] / ESubs            , []
3e3dc190-3328-4a5d-93f5-4ccb7445777d, Daredevil: Born Again                   , daredevil-born-again-2025                   , "Matt Murdock, a blind lawyer with heightened abilities, is fighting for justice through his bustling law firm, while former mob boss Wilson Fisk pursues his own political endeavors in New York. When their past identities begin to emerge, both men find themselves on an inevitable collision course."                                                                                                                                                                                                                                                                                                                                                                                                                                                                                                                                                                                                                                                   , https://image.tmdb.org/t/p/w500/xDUoAsU8lQHOOoRkFiBuarmACDN.jpg                                              , https://image.tmdb.org/t/p/original/qrTAc0ZtQ859Qu5O8cixJzNJpQs.jpg, https://www.youtube.com/watch?v=7xALolZzhSM     ,         2025,      0,       4    , "Dario Scardapane, Chris Ord, Matt Corman"                                              , "[""Charlie Cox"",""Vincent D'Onofrio"",""Wilson Bethel"",""Deborah Ann Woll"",""Margarita Levieva"",""Matthew Lillard"",""Lili Taylor"",""Tony Dalton"",""Michael Gandolfini"",""Nikki M. James""]"               , "[""Drama"",""Action & Adventure"",""Crime""]"                                  , active, false   , true    , false  , false      , false       ,           0,             0, 2026-03-25 21:47:27.681311+00, 2026-08-01 12:17:01.170013+00, false    ,        999,  202555, en      , true         , "[""en""]"    , Language: Dual Audio [Hindi (DD5.1) + English] / ESubs              , []
4022077b-40ed-4d09-b1ad-ecc45124a99b, The Chestnut Man                        , the-chestnut-man-2021                       , "At a grisly murder scene sits a figurine made of chestnuts. From this creepy clue, two detectives hunt a killer linked to a politician's missing child."                                                                                                                                                                                                                                                                                                                                                                                                                                                                                                                                                                                                                                                                                                                                                                                                     , https://image.tmdb.org/t/p/w500/tdLJTZJ184PsO9QkK9aPeeAXLlo.jpg                                              , https://image.tmdb.org/t/p/original/fIXTetAsXkPO6UUUw85IU4oactf.jpg, https://www.youtube.com/watch?v=LE0jZnMuAQE     ,         2021,      0,       3.8  , "Søren Sveistrup, David Sandreuter, Mikkel Serup, Dorthe Warnø Høgh"                    , "[""Danica Ćurčić"",""Mikkel Boe Følsgaard"",""Sofie Gråbøl"",""Katinka Lærke Petersen""]"                                                                                                                         , "[""Crime"",""Drama"",""Mystery""]"                                             , active, false   , false   , false  , false      , false       ,           0,             0, 2026-05-07 13:45:36.077274+00, 2026-08-01 12:17:01.170013+00, false    ,        999,  127865, en      , true         , "[""en""]"    , Language: Dual Audio [Hindi (DD5.1) & English] / ESubs              , []
403edaa0-599c-4912-8928-eeb11144764f, The Apartment Job                       , the-apartment-job-2026                      , "Desperate for cash, a former gang boss teams up with an aspiring lawyer to steal an apartment complex's reserve fund — only to uncover deep corruption."                                                                                                                                                                                                                                                                                                                                                                                                                                                                                                                                                                                                                                                                                                                                                                                                     , https://image.tmdb.org/t/p/w500/qFxbrHvNq5tn9SCBq3aKPgaGfyO.jpg                                              , https://image.tmdb.org/t/p/original/stJcZWrpfT2DjY0K261Q2FpxUkS.jpg, https://www.youtube.com/watch?v=aovCC9XFVew     ,         2026,      0,       5.3  , 김윤영                                                                                  , "[""Ji Sung"",""Ha Yoon-kyung"",""Moon So-ri"",""Park Byung-eun"",""Bek Hyun-jin"",""Jung Seung-kil"",""Kim Taek"",""Kim Kyu-won""]"                                                                               , "[""Drama"",""Comedy"",""Crime""]"                                              , active, false   , false   , false  , true       , false       ,           0,             0, 2026-07-13 20:59:59.624109+00, 2026-08-01 12:17:01.170013+00, false    ,        999,  300727, ko      , false        , "[""en""]"    , Language: Dual Audio [Hindi + Korean] / ESubs                       , []
4091603b-0e66-46de-921c-92f62032a3eb, Landman                                 , landman-2024                                , "Set in the proverbial boomtowns of West-Texas and a modern-day tale of fortune-seeking in the world of oil rigs, the series is an upstairs/downstairs story of roughnecks and wildcat billionaires that are fueling a boom so big it’s reshaping our climate, our economy and our geopolitics."                                                                                                                                                                                                                                                                                                                                                                                                                                                                                                                                                                                                                                                              , https://image.tmdb.org/t/p/w500/hYthRgS1nvQkGILn9YmqsF8kSk6.jpg                                              , https://image.tmdb.org/t/p/original/q71au2YjcwXBMZKNzNgjK7RZ3Hs.jpg, https://www.youtube.com/watch?v=wXzhEhCOlnM     ,         2024,      0,       8.2  , "Taylor Sheridan, Christian Wallace"                                                    , "[""Billy Bob Thornton"",""Demi Moore"",""Andy Garcia"",""Ali Larter"",""Jacob Lofland"",""Michelle Randolph"",""Paulina Chávez"",""Kayla Wallace"",""Mark Collie"",""James Jordan""]"                             , "[""Drama""]"                                                                   , active, false   , true    , false  , false      , false       ,           0,             0, 2025-12-30 02:40:56.054708+00, 2026-08-01 12:17:01.170013+00, false    ,        999,  157741, en      , true         , "[""en""]"    , Language: Dual Audio [Hindi (DD2.0) & English] / ESubs              , []
423d6a4e-a0d1-4ffe-bc8a-abb10fc11310, Raktanchal                              , raktanchal-2020                             , "Raktanchal is a crime drama inspired by real-life events from the '80s of Purvanchal, Uttar Pradesh, at the time when the state development work was distributed through tenders. The criminal empire of Waseem Khan, the tender mafia is challenged by a young criminal Vijay Singh who is driven by vengeance. The story sets in motion, a clash for acquiring tenders with a political battle in the background, which unleashes a bloodbath in the city of Purvanchal. Vijay must overcome great personal odds to beat Waseem Khan and become the tender king."                                                                                                                                                                                                                                                                                                                                                                                          , https://image.tmdb.org/t/p/w500/tSLQ7AUHCbu5COsInB3WnrZKMgt.jpg                                              , https://image.tmdb.org/t/p/original/vYWu1xtfxFcj1u2xbGARmE8cOfT.jpg, https://www.youtube.com/watch?v=6EQYBIePdIE     ,         2020,      0,       7.3  ,                                                                                         , "[""Kranti Prakash Jha"",""Soundarya Sharma"",""Krishna Singh Bisht"",""Pramod Pathak"",""Basu Soni"",""Ronjini Chakraborty"",""Chittaranjan Tripathy"",""Nikitin Dheer""]"                                        , "[""Crime"",""Drama""]"                                                         , active, false   , false   , false  , false      , false       ,           0,             0, 2026-07-16 06:40:58.069084+00, 2026-08-01 12:17:01.170013+00, false    ,        999,  103761, hi      , true         , "[""en""]"    , Language: Hindi DD5.1 / ESubs                                       , "[""amazon-prime""]"
4280ee8b-dee8-43e1-86fc-c5b4d90e0f04, IT: Welcome to Derry                    , it-welcome-to-derry-2025                    , "In 1962, amid a spate of unexplained disappearances of local children, a group of misfit friends begin to suspect a long-buried ancient evil lurking. As the kids set out to determine what's really going on, a rising unease prompts several townspeople to work together to restore peace – all while a U.S. military operation seeks to exploit Derry for its own objectives."                                                                                                                                                                                                                                                                                                                                                                                                                                                                                                                                                                           , https://image.tmdb.org/t/p/w500/nyy3BITeIjviv6PFIXtqvc8i6xi.jpg                                              , https://image.tmdb.org/t/p/original/2fOKVDoc2O3eZmBZesWPuE5kgPN.jpg, https://www.youtube.com/watch?v=u4JE2AyqDII     ,         2025,      0,       4.1  , "Andy Muschietti, Barbara Muschietti, Jason Fuchs"                                      , "[""Taylour Paige"",""Jovan Adepo"",""Matilda Lawler"",""Amanda Christine"",""Clara Stack"",""Chris Chalk"",""James Remar"",""Stephen Rider"",""Blake Cameron James"",""Arian S. Cartaya""]"                       , "[""Drama"",""Mystery""]"                                                       , active, false   , true    , false  , true       , false       ,           0,             0, 2025-12-30 02:19:39.2584+00  , 2026-08-01 12:17:01.170013+00, false    ,        999,  200875, hi      , true         , "[""en""]"    , Language: Hindi (ORG 2.0) + English / ESubs                         , []
42ac169a-55a3-4ee7-88f6-60a76beb59ba, Bindiya Ke Bahubali                     , bindiya-ke-bahubali-2025                    , "With humour, absurdity and family cat and mouse at its center, this is a tale of family gangsters in a fictitious madhouse city, Bindiya. As the current Don is put behind bars, the gangster family's alliances shift, new love, friendships, and betrayals explode until Bindiya becomes a full-blown circus-where love is a deal, power is personal, and every one has a card and blood on their hands."                                                                                                                                                                                                                                                                                                                                                                                                                                                                                                                                                  , https://image.tmdb.org/t/p/w500/eSJGKRff52Pg2SfOiIdC4IlMMQR.jpg                                              , https://image.tmdb.org/t/p/original/GH306nU2JUgOWOu1vaf9Mjpssl.jpg , https://www.youtube.com/watch?v=jOLjZjlF94E     ,         2025,      0,            , Raj Amit Kumar                                                                          , "[""Ranvir Shorey"",""Saurabh Shukla"",""Seema Biswas"",""Tannishtha Chatterjee"",""Sai Tamhankar"",""Kranti Prakash Jha"",""Vineet Kumar"",""Sheeba Chaddha"",""Sushant Singh"",""Dibyendu Bhattacharya""]"       , "[""Comedy""]"                                                                  , active, false   , false   , false  , false      , false       ,           0,             0, 2026-01-21 22:11:28.168064+00, 2026-08-01 12:17:01.170013+00, false    ,        999,  297594, hi      , false        , "[""en""]"    , Language: Hindi (DD5.1) / ESubs                                     , []
42de4746-5199-4b0c-9a5f-4df2cd20d040, Operation Safed Sagar                   , operation-safed-sagar-2026                  , A squadron of Indian Air Force pilots push beyond their limits to attempt a daring and dangerous mission.                                                                                                                                                                                                                                                                                                                                                                                                                                                                                                                                                                                                                                                                                                                                                                                                                                                     , https://image.tmdb.org/t/p/w500/f56PHAGbUFPmHMRippWWNpRgSao.jpg                                              , https://image.tmdb.org/t/p/original/bKvEIOHJ2UpK6NhF86n36dOmfBY.jpg,                                                 ,         2026,      0,            , Abhijeet Singh Parmar                                                                   , "[""Dia Mirza"",""Jimmy Shergill"",""Siddharth"",""Abhay Verma"",""Mihir Ahuja"",""Taaruk Raina"",""Arnav Bhasin"",""Prajakta Koli"",""Adil Hussain"",""Vinay Pathak""]"                                           , "[""Drama""]"                                                                   , active, false   , false   , false  , true       , false       ,           0,             0, 2026-08-07 19:54:00.790695+00, 2026-08-07 19:54:00.790695+00, false    ,        999,  284753, hi      , true         , "[""en""]"    , Language: Hindi DD5.1 / ESubs                                       , "[""netflix""]"
435d747d-63b7-47c2-bfe8-7d63f048b372, Gram Chikitsalay                        , gram-chikitsalay-2025                       , "The young, idealistic and brilliant Dr. Prabhat, takes charge of a neglected Primary Health Centre in a North India Village hoping to bring about much needed changes only to realise it is he who will have do change before anything else."                                                                                                                                                                                                                                                                                                                                                                                                                                                                                                                                                                                                                                                                                                                , https://image.tmdb.org/t/p/w500/peRHZYhvuA6MLTJkpf5nIjgsWx5.jpg                                              , https://image.tmdb.org/t/p/original/k2RvAGp7b9Yh2py7NC6ZFZ9N5gR.jpg, https://www.youtube.com/watch?v=Yg4kr164mEI     ,         2025,      0,       3.2  , "Arunabh Kumar, Deepak Kumar Mishra"                                                    , "[""Amol Parashar"",""Anandeshwar Dwivedi"",""Akash Makhija"",""Garima Vikrant Singh"",""Vinay Pathak"",""Akansha Ranjan Kapoor""]"                                                                                , "[""Comedy"",""Drama""]"                                                        , active, false   , false   , false  , false      , false       ,           0,             0, 2025-11-15 03:51:30.878055+00, 2026-08-01 12:17:01.170013+00, false    ,        999,  290138, hi      , false        , "[""en""]"    , Language: Hindi DD5.1 / ESubs                                       , []
440ae2b7-215c-4f62-9db3-0530ad58668b, Heartbeats: Pyaar aur Armaan            , heartbeats-pyaar-aur-armaan-2024            , "Heartbeats is a hospital drama that follows Akshat as he pursues his dream of becoming a neurosurgeon while navigating a budding romance with Sanjh, a ""nepo kid"" from a family of doctors."                                                                                                                                                                                                                                                                                                                                                                                                                                                                                                                                                                                                                                                                                                                                                               , https://image.tmdb.org/t/p/w500/lSNw3lgebQX34kJZmtaC7pV9vmq.jpg                                              , https://image.tmdb.org/t/p/original/ze1q9kENpl1Rk5zqJiYHeuk70Aj.jpg,                                                 ,         2024,      0,            , Alka Shukla                                                                             , "[""Harsh Beniwal"",""Shivangi Joshi"",""Yuvraj Dua"",""Ankit Siwach"",""Aditi Sharma"",""Rohan Gurbaxani"",""Keshav Mehta"",""Naqiyah Haji""]"                                                                    , "[""Drama"",""Comedy""]"                                                        , active, false   , false   , false  , false      , false       ,           0,             0, 2026-09-12 16:49:40.165677+00, 2026-09-12 16:49:40.165677+00, false    ,        999,  278565, hi      , false        , []            ,                                                                     , []
450644bd-f0ec-4ea0-8c81-7fb7258214c2, The Waking of a Nation                  , the-waking-of-a-nation-2025                 , "‘The Waking of a Nation' explores the events surrounding the Jallianwala Bagh massacre through the eyes of Kantilal, a fictitious member of the Hunter Commission. When General Dyer orders his troops to open fire at a gathering in Jallianwala Bagh, Kantilal takes it upon himself, with his life under threat, to uncover the dark conspiracy that led to the massacre."                                                                                                                                                                                                                                                                                                                                                                                                                                                                                                                                                                                , https://image.tmdb.org/t/p/w500/nJYPeMgrywL5jdQc9f3QD3Fujo8.jpg                                              , https://image.tmdb.org/t/p/original/dSjx3PL2cmsBGDXXd3jkhNOsqBc.jpg, https://www.youtube.com/watch?v=bDdY-vdUnzw     ,         2025,      0,       4    , Ram Madhvani                                                                            , "[""Taaruk Raina"",""Nikita Dutta"",""Sahil Mehta"",""Paul McEwan"",""Alex Reece"",""Bhawsheel Singh Sahni"",""Tómas Howser""]"                                                                                    , "[""Drama""]"                                                                   , active, false   , true    , false  , true       , false       ,           0,             0, 2025-11-14 05:28:01.923557+00, 2026-08-01 12:17:01.170013+00, false    ,        999,  285099, hi      , false        , "[""en""]"    , Language: Hindi DD5.1 / ESubs                                       , []
45245829-b32d-4c17-a08d-7212c318e7cc, Summer '36                              , summer-36-2026                              , "Nice, 1936. As workers enjoy their first paid holidays, four very different women become entangled in the murder of a prosecutor at the Riviera hotel."                                                                                                                                                                                                                                                                                                                                                                                                                                                                                                                                                                                                                                                                                                                                                                                                      , https://image.tmdb.org/t/p/w500/ijMbSFhBd0m8TFuaALtOQp5kLwM.jpg                                              , https://image.tmdb.org/t/p/original/8KDxgfQ4JHgnEozwToRQaUgNAmP.jpg,                                                 ,         2026,      0,       6.6  , "Catherine Touzet, Marie Deshaires"                                                     , "[""Julie de Bona"",""Sofia Essaïdi"",""Nolwenn Leroy"",""Constance Gay"",""François-Xavier Demaison"",""Miou-Miou"",""Pascal Elbé"",""Sam Karmann"",""Constance Dollé"",""Camille Japy""]"                        , "[""Drama""]"                                                                   , active, false   , false   , false  , true       , false       ,           0,             0, 2026-07-03 16:17:00.238454+00, 2026-08-01 12:17:01.170013+00, false    ,        999,  287976, fr      , false        , "[""en""]"    , Language: Dual Audio [Hindi + French] / ESubs                       , "[""netflix""]"
46afe60d-84b1-4b08-b5f5-94de0f4823eb, The Revolutionaries                     , the-revolutionaries-2026                    , The Revolutionaries narrates the inspiring tale of brave young Indian freedom fighters who fought for ending British Raj with their unwavering spirit and ideology.                                                                                                                                                                                                                                                                                                                                                                                                                                                                                                                                                                                                                                                                                                                                                                                           , https://image.tmdb.org/t/p/w500/7oikzZ6QgHsTjZ2JqkmKH1NRS9A.jpg                                              , https://image.tmdb.org/t/p/original/uImwvxPG2klY0VyybGPt5zRJVMc.jpg, https://www.youtube.com/watch?v=5HkDfG5BhCU     ,         2026,      0,            , Nikkhil Advani                                                                          , "[""Bhuvan Bam"",""Pratibha Ranta"",""Rohit Saraf"",""Gurfateh Pirzada"",""Paoli Dam"",""Jason Shah"",""Prosenjit Bhattacharya"",""Rajdeep Bhattacharya""]"                                                        , "[""Drama""]"                                                                   , active, false   , false   , false  , false      , false       ,           0,             0, 2026-09-12 16:49:38.930959+00, 2026-09-12 16:49:38.930959+00, false    ,        999,  249863, hi      , false        , []            ,                                                                     , []
475c49ce-3b40-4268-a366-82f0b97879ca, The Map of Longing                      , the-map-of-longing-2026                     , "Before her death, Lucy creates a game for her sister, Greta, pushing her into a journey of self-discovery — and toward the charming Will Tucker."                                                                                                                                                                                                                                                                                                                                                                                                                                                                                                                                                                                                                                                                                                                                                                                                            , https://image.tmdb.org/t/p/w500/wcgjZ7koqOYDcKUn6DmnNolqmUS.jpg                                              , https://image.tmdb.org/t/p/original/lDhs7EFH1DaOoRXEaTiNhuYaAbC.jpg, https://www.youtube.com/watch?v=qpXDZA7f3N4     ,         2026,      0,       7.3  , Isa Sánchez                                                                             , "[""Alícia Falcó"",""Pablo Álvarez"",""Georgina Amorós"",""Laia Marull"",""Mario de la Rosa"",""Ramón Barea""]"                                                                                                    , "[""Drama""]"                                                                   , active, false   , false   , false  , true       , false       ,           0,             0, 2026-07-19 00:06:15.756909+00, 2026-08-01 12:17:01.170013+00, false    ,        999,  288671, es      , false        , "[""en""]"    , Language: Dual Audio [Hindi + Spanish] / ESubs                      , "[""netflix""]"
47c34e53-c1a6-4abe-be31-093e18c8f2ef, Taskaree: The Smuggler's Web            , taskaree-the-smugglers-web-2026             , "A dedicated customs officer and his team take on a notorious smuggler leading a powerful syndicate, but unexpected obstacles threaten their mission."                                                                                                                                                                                                                                                                                                                                                                                                                                                                                                                                                                                                                                                                                                                                                                                                        , https://image.tmdb.org/t/p/w500/25fKRXvQLBq4nXu9vjOVJcvCiiD.jpg                                              , https://image.tmdb.org/t/p/original/tdwutOaSt1ttLmLixBWACLEJBL9.jpg, https://youtu.be/gKhfbEpM45E?si=CxbMk-wIL623SBlJ,         2026,      0,            , Neeraj Pandey                                                                           , "[""Emraan Hashmi"",""Sharad Kelkar"",""Zoya Afroz"",""Freddy Daruwala"",""Anurag Sinha"",""Nandish Singh"",""Amruta Khanvilkar"",""Anuja Sathe"",""Veerendra Saxena"",""Hemant Kher""]"                           , "[""Crime"",""Mystery""]"                                                       , active, false   , false   , false  , true       , false       ,           0,             0, 2026-01-14 03:57:53.655524+00, 2026-08-01 12:17:01.170013+00, false    ,        999,  308482, hi      , false        , "[""en""]"    , Language: Hindi DD5.1 / ESubs                                       , []
49a266c2-c4dc-4a30-804b-8b29197c1eec, Ziddi Ishq                              , ziddi-ishq-2025                             , "Mehul, a young woman whose innocent crush on her tuition teacher, Shekhar Da, develops into a dangerous obsession. After his death is ruled a suicide, Mehul refuses to accept the official story and begins her own investigation, which leads her to uncover a tangled web of secrets and lies."                                                                                                                                                                                                                                                                                                                                                                                                                                                                                                                                                                                                                                                           , https://image.tmdb.org/t/p/w500/wta6iL1GEMnV4Wzl7fKoopXFcCi.jpg                                              , https://image.tmdb.org/t/p/original/7KVEcoBaC8fKqcOJscdmpEl3tNb.jpg, https://youtu.be/MCZZqrtDF-8?si=jSAIrNmhfKXluGq8,         2025,      0,       4.3  , Raj Chakraborty                                                                         , "[""Aaditi Pohankar"",""Riya Sen"",""Barkha Bisht"",""Sumeet Vyas"",""Parambrata Chatterjee"",""Priyanshu Painyuli"",""Shaji Choudhary""]"                                                                         , "[""Drama""]"                                                                   , active, false   , false   , false  , true       , false       ,           0,             0, 2026-02-02 04:22:20.293615+00, 2026-08-01 12:17:01.170013+00, false    ,        999,  306142, hi      , false        , "[""en""]"    , Language: Hindi DD5.1 / ESubs                                       , []
4a021c2e-edd5-45b7-9577-7a621b42086c, Monster: The Lizzie Borden Story        , monster-the-lizzie-borden-story-2026        , "Trapped in a cruel Victorian-era household, Lizzie Borden kills her parents in a gory ax murder that shocks the nation."                                                                                                                                                                                                                                                                                                                                                                                                                                                                                                                                                                                                                                                                                                                                                                                                                                     , https://image.tmdb.org/t/p/w500/57XScX1aYtKi1LvHYFQLPUxVhTG.jpg                                              , https://image.tmdb.org/t/p/original/3JVjgaqfX5MhxxHKpGWz05QV7Dz.jpg, https://www.youtube.com/watch?v=gYTzF1vna40     ,         2026,      0,       4    , Ian Brennan                                                                             , "[""Ella Beatty"",""Vicky Krieps"",""Sarah Paulson"",""Charlie Hunnam"",""Rebecca Hall"",""Billie Lourd"",""Jessica Barden""]"                                                                                     , "[""Drama"",""Crime""]"                                                         , active, false   , true    , false  , true       , false       ,           0,             0, 2026-09-17 17:14:39.821155+00, 2026-09-17 17:58:53.998989+00, false    ,        999,  299939, en      , false        , []            ,                                                                     , []
4a451471-0a46-407c-9431-c0a1806848ff, The Night Agent                         , the-night-agent-2023                        , "Brought together by a midnight phone call, an FBI agent and a cybersecurity expert must unravel an ever-growing web of political conspiracies."                                                                                                                                                                                                                                                                                                                                                                                                                                                                                                                                                                                                                                                                                                                                                                                                              , https://image.tmdb.org/t/p/w500/4c5yUNcaff4W4aPrkXE6zr7papX.jpg                                              , https://image.tmdb.org/t/p/original/gklrevVndG98GHGDwfm8y8kxESo.jpg, https://www.youtube.com/watch?v=YDbnY9Obsfs     ,         2023,      0,       7.4  , Shawn Ryan                                                                              , "[""Gabriel Basso"",""Fola Evans-Akingbola"",""Louis Herthum"",""Genesis Rodriguez"",""Albert Jones"",""Ward Horton"",""David Lyons"",""Jennifer Morrison"",""Stephen Moyer"",""Callum Vinson""]"                  , "[""Action & Adventure"",""Drama"",""Mystery""]"                                , active, false   , true    , false  , false      , false       ,           0,             0, 2026-02-20 09:15:54.983699+00, 2026-08-01 12:17:01.170013+00, false    ,        999,  129552, hi      , true         , "[""en""]"    , Language: Dual Audio [Hindi (ORG 5.1) + English] / ESubs            , []
4ae4ce4d-eda6-4935-82c2-3cb70ca34506, Raakh                                   , raakh-2026                                  , "When two teenagers vanish, a close-knit family is shattered and the city is left on edge. Determined to uncover the truth, a relentless officer leads a nationwide manhunt that pulls him deep into a world of violence and human depravity."                                                                                                                                                                                                                                                                                                                                                                                                                                                                                                                                                                                                                                                                                                                , https://image.tmdb.org/t/p/w500/5MbNy94ia4ZLf8OGtSfSjjlxxWN.jpg                                              , https://image.tmdb.org/t/p/original/hAuYDYBgLJ1qIPoAOM7yOD56uCp.jpg, https://youtu.be/RdB_TgwLPqs?si=5te2mTE0ceCNcuaO,         2026,      0,            , "Anusha Nandakumar, Sandeep Saket"                                                      , "[""Ali Fazal"",""Sonali Bendre"",""Aamir Bashir"",""Akash Makhija"",""Ramandeep Yadav"",""Anshul Chauhan"",""Rakesh Bedi"",""Dibyendu Bhattacharya"",""Divya Sharma"",""Baharul Islam""]"                         , "[""Crime"",""Drama"",""Mystery"",""Thriller""]"                                , active, false   , false   , false  , true       , false       ,           0,             0, 2026-06-12 11:28:15.576314+00, 2026-08-01 12:17:01.170013+00, false    ,        999,  284631,         , false        , []            ,                                                                     , []
4af87265-7b38-42c2-81cf-bdd7de90d139, Matka King                              , matka-king-2026                             , "In this fictional tale set in 1960s Mumbai, an enterprising cotton trader who craves legitimacy and respect, starts a new gambling game dubbed ‘Matka’, that takes the city by storm and democratizes a terrain previously reserved for the rich and elite."                                                                                                                                                                                                                                                                                                                                                                                                                                                                                                                                                                                                                                                                                                 , https://image.tmdb.org/t/p/w500/cAWIMbCmzVBi86kEOHKjHZCKGyo.jpg                                              , https://image.tmdb.org/t/p/original/ecEnU3seGbNCPYj3c76ePmIZfat.jpg, https://youtu.be/9T1oy0y8-zY?si=0QsayyyMHtWry_gZ,         2026,      0,            , "Nagraj Popatrao Manjule, Abhay Koranne"                                                , "[""Vijay Varma"",""Sai Tamhankar"",""Kritika Kamra"",""Gulshan Grover"",""Siddharth Jadhav"",""Bhupendra Jadawat"",""Bharat Jadhav"",""Girish Kulkarni"",""Jamie Lever"",""Kishore Kadam""]"                      , "[""Drama"",""Crime""]"                                                         , active, false   , false   , false  , true       , false       ,           0,             0, 2026-04-18 00:34:55.01555+00 , 2026-08-01 12:17:01.170013+00, false    ,        999,  249765, hi      , false        , "[""en""]"    , Language: Hindi DD5.1 / ESubs                                       , []
4f61b37e-2cd1-42f8-9bc3-b6c16dc0b652, Mrs. Deshpande                          , mrs-deshpande-2025                          , Behind a mask of beauty lies a darkness she's ready to unleash.                                                                                                                                                                                                                                                                                                                                                                                                                                                                                                                                                                                                                                                                                                                                                                                                                                                                                               , https://image.tmdb.org/t/p/w500/7uZ9ZQHVfOACW7Got0wMg8ykGkz.jpg                                              , https://image.tmdb.org/t/p/original/5lwjnSZvcaWyd1nkjoRQD0ON242.jpg, https://youtu.be/dh-Vzwftf4E?si=JPv37pZE0flVwVKL,         2025,      0,            ,                                                                                         , "[""Priyanshu Chatterjee"",""Madhuri Dixit"",""Siddharth Chandekar"",""Diksha Juneja"",""Nimisha Nair"",""Pradeep Welankar"",""Kavin Dave"",""Kenneth Desai"",""Umakant Patil"",""Hardik Soni""]"                  , "[""Crime""]"                                                                   , active, false   , false   , false  , true       , false       ,           0,             0, 2025-12-30 02:22:26.05974+00 , 2026-08-01 12:17:01.170013+00, false    ,        999,  260846, hi      , false        , "[""en""]"    , Language: Hindi DD5.1 / ESubs                                       , []
51e9dc76-219b-4767-90e6-5047164b11cc, Chumbak                                 , chumbak-2026                                , "Five quirky families navigate life as neighbors in Chumbak Colony, where chaotic conflicts and hilarious antics turn each day into a new chapter."                                                                                                                                                                                                                                                                                                                                                                                                                                                                                                                                                                                                                                                                                                                                                                                                           , https://image.tmdb.org/t/p/w500/r2TJ9s9uhfxTssar1gBAWcxIXx7.jpg                                              , https://image.tmdb.org/t/p/original/2N1kH7314XUfMw80iLZh1d2UoHY.jpg, https://www.youtube.com/watch?v=69auJ1F1EsE     ,         2026,      0,            , "Aatish Kapadia, JD Majethia"                                                           , "[""Deven Bhojani"",""Neena Gupta"",""Sumeet Vyas"",""Manasi Parekh"",""Sumeet Raghvan"",""Sandeepa Dhar"",""Anant Joshi"",""Amyra Dastur""]"                                                                      , "[""Comedy"",""Family""]"                                                       , active, false   , false   , false  , false      , false       ,           0,             0, 2026-09-12 16:50:00.136491+00, 2026-09-12 16:50:00.136491+00, false    ,        999,  313172, hi      , false        , []            ,                                                                     , []
526c7801-4a96-4bf3-8915-f7c71615cdf4, Satrangi: Badle Ka Khel                 , satrangi-badle-ka-khel-2026                 , "Witness the tale of Bablu, who is forced into Launda Naach, just like his murdered father. To what lengths will he go to avenge the wrongs that the powerful Singhs have bestowed on him and his family?"                                                                                                                                                                                                                                                                                                                                                                                                                                                                                                                                                                                                                                                                                                                                                    , https://image.tmdb.org/t/p/w500/9Me1JeDK1wPIc8MObq88GSM0VdQ.jpg                                              , https://image.tmdb.org/t/p/original/dxZjDg0bCUD1aJfLxIYnI1qrUBE.jpg,                                                 ,         2026,      0,            ,                                                                                         , "[""""]"                                                                                                                                                                                                           , "[""Crime"",""Drama""]"                                                         , active, false   , false   , false  , true       , false       ,           0,             0, 2026-05-22 07:09:45.493727+00, 2026-08-01 12:17:01.170013+00, false    ,        999,  323210, hi      , false        , "[""en""]"    , Language: Hindi DD5.1 / ESubs                                       , []
566514d0-6de2-433c-b34c-f0d573cdce01, Live Telecast                           , live-telecast-2021                          , "A TV crew goes to a haunted house, where a family lives, to create a new live show that captures ghost on camera, only to be trapped inside with no way of getting out."                                                                                                                                                                                                                                                                                                                                                                                                                                                                                                                                                                                                                                                                                                                                                                                     , https://image.tmdb.org/t/p/w500/6XHskcxfTk36li7DrJiVVeNylzt.jpg                                              , https://image.tmdb.org/t/p/original/2kykWFnAZUyDvGwvThOvNcpapih.jpg,                                                 ,         2021,      0,       4    ,                                                                                         , "[""Kajal Aggarwal"",""Anandhi"",""Vaibhav"",""Priyanka Nair"",""Ashwin Kumar"",""Premji Amaran"",""Selva"",""Daniel Annie Pope"",""Ashwin Kakumanu"",""Sriranjini""]"                                             , "[""Crime"",""Mystery""]"                                                       , active, false   , true    , false  , false      , false       ,           0,             0, 2025-10-05 11:40:05.550493+00, 2026-08-01 12:17:01.170013+00, false    ,        999,  118567, hi      , false        , "[""en""]"    , Language: Hindi DD5.1 / ESubs                                       , []
56799a48-c778-49f3-9c76-1cce663929cf, 24: India                               , 24-india-2013                               , This thriller series focuses on an anti-terrorist unit agent named Jai Singh Rathod who has twenty-four hours to save the country from a major terrorist attack.                                                                                                                                                                                                                                                                                                                                                                                                                                                                                                                                                                                                                                                                                                                                                                                              , https://image.tmdb.org/t/p/w500/ab46GZYGn63DbswgIKMepgj4yZP.jpg                                              , https://image.tmdb.org/t/p/original/rxCzDffBBM5uQ4LhoMDw0IuVWOC.jpg,                                                 ,         2013,      0,       3.8  , "Robert Cochran, Joel Surnow"                                                           , "[""Gurpreet Saini"",""Neil Bhoopalam"",""Raaghav Chanana"",""Sapna Pabbi"",""Mandira Bedi"",""Anil Kapoor"",""Surveen Chawla"",""Sakshi Tanwar""]"                                                                , "[""Action & Adventure"",""Mystery""]"                                          , active, false   , true    , false  , false      , false       ,           0,             0, 2026-04-25 10:09:37.898431+00, 2026-08-01 12:17:01.170013+00, false    ,        999,   47343, hi      , false        , "[""en""]"    , Language: Hindi                                                     , []
56de28be-bbde-4cb4-830c-d7817b779336, Man on Fire                             , man-on-fire-2026                            , "Haunted by his past and hunted by his enemies, a Special Forces veteran fights to keep a teenage girl alive on the deadly streets of Rio de Janeiro."                                                                                                                                                                                                                                                                                                                                                                                                                                                                                                                                                                                                                                                                                                                                                                                                        , https://image.tmdb.org/t/p/w500/9cZzmT8rhBXbZ1QFBPs3ggABYB3.jpg                                              , https://image.tmdb.org/t/p/original/3hvsrUb4LWW03XDRMu6xomMhDIe.jpg, https://www.youtube.com/watch?v=YqpIKFUrLrk     ,         2026,      0,       0.5  , Kyle Killen                                                                             , "[""Yahya Abdul-Mateen II"",""Billie Boullet"",""Alice Braga""]"                                                                                                                                                   , "[""Action & Adventure"",""Drama"",""Mystery""]"                                , active, false   , false   , false  , true       , false       ,           0,             0, 2026-04-30 14:02:20.810778+00, 2026-08-01 12:17:01.170013+00, false    ,        999,  223386, en      , true         , "[""en""]"    , Language: Dual Audio [Hindi (DD5.1) & English] / ESubs              , []
5ab5a27f-8679-4b6c-b884-40202302afa9, The Art of Sarah                        , the-art-of-sarah-2026                       , A body found in the middle of town. A luxe label on the rise. A detective tests every stitch of a woman's story that keeps changing. What really happened?                                                                                                                                                                                                                                                                                                                                                                                                                                                                                                                                                                                                                                                                                                                                                                                                    , https://image.tmdb.org/t/p/w500/nP2PRGSmLdbZtQtoXPPppcDAsNw.jpg                                              , https://image.tmdb.org/t/p/original/qy8gJEwspR7L5WZn4e8ItwK8m23.jpg, https://www.youtube.com/watch?v=aPNZNcBIWNw     ,         2026,      0,       4.5  , "Kim Jin-min, Chu Song-yeon"                                                            , "[""Shin Hye-sun"",""Lee Jun-hyuk"",""Park Bo-kyung"",""Jung Da-bin"",""Kim Jae-won"",""Jung Jin-young"",""Bae Jong-ok"",""Shin Hyeon-seung"",""Yoon Tae-in""]"                                                    , "[""Crime"",""Mystery"",""Drama""]"                                             , active, false   , true    , false  , true       , false       ,           0,             0, 2026-02-14 14:49:33.840298+00, 2026-08-01 12:17:01.170013+00, false    ,        999,  273977, en      , true         , "[""en""]"    , Language: Dual Audio [Hindi (DD5.1) & English] / ESubs              , []
5ae2583b-7181-4a06-9a3a-9843afa742e6, Bleach                                  , bleach-2004                                 , "For as long as he can remember, Ichigo Kurosaki has been able to see ghosts. But when he meets Rukia, a Soul Reaper who battles evil spirits known as Hollows, he finds his life is changed forever. Now, with a newfound wealth of spiritual energy, Ichigo discovers his true calling: to protect the living and the dead from evil."                                                                                                                                                                                                                                                                                                                                                                                                                                                                                                                                                                                                                      , https://image.tmdb.org/t/p/w500/2EewmxXe72ogD0EaWM8gqa0ccIw.jpg                                              , https://image.tmdb.org/t/p/original/o0NsbcIvsllg6CJX0FBFY8wWbsn.jpg, https://www.youtube.com/watch?v=W99Ef2LkyOg     ,         2004,      0,       8.2  ,                                                                                         , "[""Masakazu Morita"",""Fumiko Orikasa"",""Hiroki Yasumoto"",""Yuki Matsuoka"",""Noriaki Sugiyama""]"                                                                                                              , "[""Action & Adventure"",""Animation"",""Sci-Fi & Fantasy""]"                   , active, false   , true    , false  , false      , false       ,           0,             0, 2026-01-28 10:25:06.520112+00, 2026-08-01 12:17:01.170013+00, false    ,        999,   30984, ja      , true         , "[""en""]"    , Language: Dual Audio [Hindi (DD2.0) & Japanese] / ESubs             , []
5b882067-20f3-4d77-93b9-c543397c2cf8, The Ordinary Jackpot                    , the-ordinary-jackpot-2026                   , "An ordinary office worker wins the lottery – the amount isn't enough for him to quit his job, but it's enough to give him a new outlook on life."                                                                                                                                                                                                                                                                                                                                                                                                                                                                                                                                                                                                                                                                                                                                                                                                            , https://image.tmdb.org/t/p/w500/mkHMNq0PUHDVn3w5QPM2hcnOdVb.jpg                                              , https://image.tmdb.org/t/p/original/2vN1SjkpXT6oCBxeE9GOK5NVS2b.jpg, https://www.youtube.com/watch?v=Gw5UNKk2FIs     ,         2026,      0,            , Yoon Young-bin                                                                          , "[""Lee Jun-hyuk"",""Seo Hyun-woo"",""Oh Dae-hwan"",""Ok Ja-yeon"",""Ha Yul-Ri"",""Hong Jin-gi"",""Lee Hyun-kyun"",""Park Bo-kyung""]"                                                                             , "[""Sci-Fi & Fantasy"",""Drama""]"                                              , active, false   , false   , false  , false      , false       ,           0,             0, 2026-09-12 16:49:48.246574+00, 2026-09-12 16:49:48.246574+00, false    ,        999,  294636, ko      , false        , []            ,                                                                     , []
5dab850c-9a16-4a75-aaa7-987fb18f1890, Save the Tigers                         , save-the-tigers-2023                        , Revolves around three frustrated husbands who meet by chance and how their rants over their marital problems set off a series of crazy events.                                                                                                                                                                                                                                                                                                                                                                                                                                                                                                                                                                                                                                                                                                                                                                                                                , https://image.tmdb.org/t/p/w500/5uyNd8UjItEU2M5W0YKULaxzWFm.jpg                                              , https://image.tmdb.org/t/p/original/cVLkAieF4FcnxBHpWEUUBB4XrEv.jpg, https://www.youtube.com/watch?v=VpJbvKrDCSI     ,         2023,      0,       7    , "Mahi V. Raghav, Pradeep Advaitham"                                                     , "[""Chaitanya Krishna"",""Priyadarshi Pullikonda"",""Abhinav Gomatam"",""Pavani Gangireddy"",""Jordaar Sujatha"",""Deviyyani Sharma"",""Jayasri Rachakonda"",""Harsha Vardhan"",""Gangavva"",""Venu""]"            , "[""Comedy"",""Drama""]"                                                        , active, false   , false   , false  , false      , false       ,           0,             0, 2026-08-05 11:53:51.340236+00, 2026-08-05 11:53:51.340236+00, false    ,        999,  224744, te      , false        , "[""en""]"    , Language: Dual Audio [Hindi + Telugu] / ESubs                       , []
5e0bce29-10fe-4286-8085-f681a158910d, A Love Other Than Yours                 , a-love-other-than-yours-2026                , "A realistic, emotionally resonant romance about a couple in their tenth year together whose comfortable relationship is tested by unexpected feelings."                                                                                                                                                                                                                                                                                                                                                                                                                                                                                                                                                                                                                                                                                                                                                                                                      , https://image.tmdb.org/t/p/w500/iKgdhgBPi1cCRRqsUgaxUDRuFP6.jpg                                              , https://image.tmdb.org/t/p/original/moUjiEzpJVNZc7hyNRBbLPt0CPX.jpg, https://www.youtube.com/watch?v=zp62ID0bbQM     ,         2026,      0,       4    , Yoo Soo-ji                                                                              , "[""Seo Kang-joon"",""Ahn Eun-jin"",""Lee Joo-ahn"",""Jo A-ram"",""Lee Min-jae"",""Kim Nam-hee"",""Kim Mi-kyung"",""Kwak Si-yang"",""Heo Ji-na"",""Lee Jun-hyeok""]"                                               , "[""Drama"",""Comedy""]"                                                        , active, false   , false   , false  , true       , false       ,           0,             0, 2026-09-12 21:24:16.263353+00, 2026-09-17 18:11:23.891827+00, false    ,        999,  314939, ko      , false        , []            ,                                                                     , []
5fcb4a48-1e95-4ca4-91b3-81a80c1b3f0f, Vadhandhi                               , vadhandhi-2022                              , "Vivek, a diligent cop, takes charge of the investigation of the murder of a beautiful young girl, Velonie. The rumours about her that spring up post her death threatens to irrevocably damage Velonie's image, Vivek must wade through a web of half-truths and confusing leads to solve the case."                                                                                                                                                                                                                                                                                                                                                                                                                                                                                                                                                                                                                                                         , https://image.tmdb.org/t/p/w500/2EgR5kgv4yHbJpR3GutxzbGd4rw.jpg                                              , https://image.tmdb.org/t/p/original/mRq7ZKtXp2eI52iQ2tLF2jWelLX.jpg, https://www.youtube.com/watch?v=7cCI3G8XmH8     ,         2022,      0,       6.9  , Andrew Louis                                                                            , "[""M. Sasikumar"",""Anagha"",""Aparna Das"",""Vivek Prasanna"",""Revathy Sharma"",""Arjun Nandhakumar"",""Deepikka Anand""]"                                                                                      , "[""Mystery"",""Crime"",""Drama""]"                                             , active, false   , false   , false  , false      , false       ,           0,             0, 2026-08-07 18:26:57.841912+00, 2026-08-07 18:26:57.841912+00, false    ,        999,  200881, ta      , false        , "[""en""]"    , Language: Dual Audio [Hindi + Tamil] / ESubs                        , "[""amazon-prime""]"
601d1d9f-9c38-48a3-8e09-d32f16e52e06, The Lincoln Lawyer                      , the-lincoln-lawyer-2022                     , Hotshot LA defense attorney Mickey Haller will do whatever it takes to win as he navigates the criminal justice system from his trademark Lincoln.                                                                                                                                                                                                                                                                                                                                                                                                                                                                                                                                                                                                                                                                                                                                                                                                            , https://image.tmdb.org/t/p/w500/4jSaIqEU8CPBBNn4iVCK6wzPjSx.jpg                                              , https://image.tmdb.org/t/p/original/jBFOVEE5sMIyT141YIqIwyU8Y1D.jpg, https://www.youtube.com/watch?v=u-sLh8-ohzc     ,         2022,      0,       3.8  , David E. Kelley                                                                         , "[""Manuel Garcia-Rulfo"",""Becki Newton"",""Angus Sampson"",""Jazz Raycole""]"                                                                                                                                    , "[""Drama"",""Crime""]"                                                         , active, false   , true    , false  , false      , false       ,           0,             0, 2026-02-06 11:43:46.012728+00, 2026-08-01 12:17:01.170013+00, false    ,        999,  116799, en      , true         , "[""en""]"    , Language: Dual Audio [Hindi (DD5.1) & English] / ESubs              , []
62ef59e1-bac7-40f2-a0ec-64e098f2fcce, Muthassi                                , muthassi-2026                               , "In a remote village haunted by ancient secrets, a mother's love is put to the ultimate test when her son becomes entangled in a terrifying supernatural curse."                                                                                                                                                                                                                                                                                                                                                                                                                                                                                                                                                                                                                                                                                                                                                                                              , https://image.tmdb.org/t/p/w500/upghryFPaiUMjlzgmnHpwtnYJx3.jpg                                              , https://image.tmdb.org/t/p/original/lzXWWlIg05WXmWhe666a8TNO75P.jpg, https://www.youtube.com/watch?v=Ms0dEREKkNo     ,         2026,      0,            ,                                                                                         , "[""K.P.A.C Leela"",""Amith Chakalakkal"",""Akhila Bhargavan"",""Orhan Hyder""]"                                                                                                                                   , "[""Mystery""]"                                                                 , active, false   , false   , false  , true       , false       ,           0,             0, 2026-08-04 09:03:42.268642+00, 2026-08-04 09:03:42.268642+00, false    ,        999,  326794, ml      , false        , "[""en""]"    , Language: Dual Audio [Hindi + Malayalam] / ESubs                    , []
65ab99df-f311-4919-a5d3-47ae47557d5b, The Summer I Turned Pretty              , the-summer-i-turned-pretty-2022             , "Every summer, Belly and her family head to the Fishers’ beach house in Cousins. Every summer is the same ... until Belly turns sixteen. Relationships will be tested, painful truths will be revealed, and Belly will be forever changed. It’s a summer of first love, first heartbreak and growing up — it's the summer she turns pretty."                                                                                                                                                                                                                                                                                                                                                                                                                                                                                                                                                                                                                  , https://image.tmdb.org/t/p/w500/xBIz53wYWsKfFpN0TaizVAjKJ0z.jpg                                              , https://image.tmdb.org/t/p/original/jCQV3rHNbgHKo3N4G6CARbVEjPV.jpg, https://www.youtube.com/watch?v=faL_S-7z4_I     ,         2022,      0,       8.071, "Jenny Han, Gabrielle Stanton"                                                          , "[""Lola Tung"",""Christopher Briney"",""Gavin Casalegno"",""Sean Kaufman"",""Rain Spencer"",""Jackie Chung"",""Isabella Briggs"",""Kristen Connolly""]"                                                           , "[""Drama""]"                                                                   , active, false   , false   , false  , false      , false       ,           3,             0, 2026-08-08 08:48:07.288271+00, 2026-08-08 09:06:02.855714+00, false    ,        999,  194766, en      , false        , "[""en""]"    , Language: English DD5.1 / ESubs                                     , "[""amazon-prime""]"
666deca2-dec0-4f9a-bd66-3d65a2542c67, Adarsh Baal Vidyalaya                   , adarsh-baal-vidyalaya-2026                  , "A relaxed principal tries to reform a failing public school, triggering a messy transformation as misfit teachers work to repair the system one lesson at a time."                                                                                                                                                                                                                                                                                                                                                                                                                                                                                                                                                                                                                                                                                                                                                                                           , https://image.tmdb.org/t/p/w500/1XbcSqURUvhgu2nnoQRZ7cXmTsJ.jpg                                              , https://image.tmdb.org/t/p/original/KuURjmH4i9RXOp5ANocM4AiJy9.jpg , https://www.youtube.com/watch?v=9QDfABKdqe0     ,         2026,      0,            , "Biswapati Sarkar, Sameer Saxena"                                                       , "[""Archana Puran Singh"",""Naveen Kasturia"",""Abhimanyu Singh"",""Deven Bhojani"",""Aryan Prajapati"",""Kay Kay Menon""]"                                                                                        , "[""Drama"",""Comedy""]"                                                        , active, false   , false   , false  , true       , false       ,           0,             0, 2026-07-24 14:57:45.261934+00, 2026-08-01 12:17:01.170013+00, false    ,        999,  328402, hi      , true         , "[""en""]"    , Language: Hindi DD5.1 / ESubs                                       , []
67433e42-fa4c-4896-a56a-f763533d28c3, Clean Up Company                        , clean-up-company-2026                       , 3 boys stumble upon an opportunity to make easy money by getting rid of dead bodies in a small city marred by gang wars. Things quickly take a turn for the worse and they end up neck deep in trouble fighting to survive.                                                                                                                                                                                                                                                                                                                                                                                                                                                                                                                                                                                                                                                                                                                                   , https://image.tmdb.org/t/p/w500/t5HvXT9HYB5R9niBG4y0AMypTfC.jpg                                              , https://image.tmdb.org/t/p/original/7D4GLfjuGyJZeLOuoPKllW9e6n9.jpg, https://www.youtube.com/watch?v=llpl-JJPEAI     ,         2026,      0,            ,                                                                                         , "[""Ravi Kishan"",""Ajitesh Gupta"",""Jisshu Sengupta"",""Saswata Chatterjee"",""Vishal Jethwa"",""Amey Wagh""]"                                                                                                   , "[""Comedy"",""Crime"",""Drama""]"                                              , active, false   , false   , false  , true       , false       ,           2,             0, 2026-08-22 11:00:12.524603+00, 2026-08-27 05:05:32.637547+00, false    ,        999,  332299, en      , false        , "[""en""]"    , Language: English DD5.1 / ESubs                                     , []
68048b2a-23d3-42ff-bb33-fba19c6a609b, Sterling Point                          , sterling-point-2026                         , "After discovering she's inherited a remote island in Canada from the estranged grandfather she was never allowed to meet, 17-year-old Annie Jacobson decides to investigate, pulling her into a world of buried secrets, unexpected sisterhood, and the complicated family history she was never meant to find."                                                                                                                                                                                                                                                                                                                                                                                                                                                                                                                                                                                                                                             , https://image.tmdb.org/t/p/w500/cThLWEGs6BEqY0QZMbU4FAeWwPT.jpg                                              , https://image.tmdb.org/t/p/original/ebLym6w04CzYJBLZScB1rrzm6uY.jpg, https://www.youtube.com/watch?v=bwwF3TuJQME     ,         2026,      0,       6.2  , Megan Park                                                                              , "[""Ella Rubin"",""Amélie Hoeferle"",""Jacob Whiteduck-Lavoie"",""Nikko Angelo Hinayo"",""Keen Ruffalo"",""Daniel Quinn-Toye"",""Bo Bragason""]"                                                                   , "[""Mystery"",""Drama""]"                                                       , active, false   , false   , false  , true       , false       ,           2,             0, 2026-08-06 05:44:41.240437+00, 2026-08-15 17:20:19.666142+00, false    ,        999,  283297, en      , false        , "[""en""]"    , Language: English DD5.1 / ESubs                                     , "[""amazon-prime""]"
68960430-8965-4953-88c1-a1c8b1b26722, Reacher                                 , reacher-2022                                , "Jack Reacher, a veteran military police investigator, has just recently entered civilian life. Reacher is a drifter, carrying no phone and the barest of essentials as he travels the country and explores the nation he once served."                                                                                                                                                                                                                                                                                                                                                                                                                                                                                                                                                                                                                                                                                                                       , https://image.tmdb.org/t/p/w500/f1VCQIG2iCyOookdgOzwtUpwWC0.jpg                                              , https://image.tmdb.org/t/p/original/pF0qkRsrHkdYadPWY9AMeFZfcwk.jpg, https://www.youtube.com/watch?v=GSycMV-_Csw     ,         2022,      0,       8.076, Nick Santora                                                                            , "[""Alan Ritchson"",""Agnez Mo"",""Sydelle Noel"",""Anggun"",""Christopher Rodriguez Marquette"",""Kevin Corrigan""]"                                                                                              , "[""Action & Adventure"",""Drama"",""Crime""]"                                  , active, false   , false   , false  , false      , false       ,           0,             0, 2026-08-13 12:07:25.632681+00, 2026-08-13 12:07:25.632681+00, false    ,        999,  108978, en      , false        , "[""en""]"    , Language: English DD5.1 / ESubs                                     , "[""amazon-prime""]"
689d4081-7e07-43b3-8a50-d65e0008c788, Human Vapor                             , human-vapor-2026                            , "A death on live TV. A culprit who turns to gas. Behind it, a secret project that used and discarded the vulnerable. One detective pursues the dark truth."                                                                                                                                                                                                                                                                                                                                                                                                                                                                                                                                                                                                                                                                                                                                                                                                   , https://image.tmdb.org/t/p/w500/gSYPd4icODc7QdRA7BK0VqBxBYp.jpg                                              , https://image.tmdb.org/t/p/original/qIMNDToguvTIaVReD8GgeDgfXVr.jpg, https://www.youtube.com/watch?v=7xe6dRKVAb8     ,         2026,      0,       7.9  , "Yeon Sang-ho, Ryu Yong-jae"                                                            , "[""Shun Oguri"",""Yu Aoi"",""Suzu Hirose"",""Kento Hayashi"",""UTA"",""Yutaka Takenouchi"",""Motoki Kobayashi"",""Pierre Taki"",""Haruka Imou"",""Yuna Saito""]"                                                  , "[""Sci-Fi & Fantasy"",""Crime""]"                                              , active, false   , false   , false  , true       , false       ,           0,             0, 2026-07-07 14:33:00.225245+00, 2026-08-01 12:17:01.170013+00, false    ,        999,  253960, ja      , true         , "[""en""]"    , Language: Dual Audio [Hindi + Japanese] / ESubs                     , "[""netflix""]"
68c1ea29-0353-40bb-b7aa-3daccd270158, Cashero                                 , cashero-2025                                , An ordinary man who inherits super strength discovers a greater evil out to steal his power. The one catch? Every use drains money from his wallet.                                                                                                                                                                                                                                                                                                                                                                                                                                                                                                                                                                                                                                                                                                                                                                                                           , https://image.tmdb.org/t/p/w500/dm6RoaKgkGUxckamMDzsbqtLhFv.jpg                                              , https://image.tmdb.org/t/p/original/lr0h0OBj7QOEvkaX5g3JWoaKZsI.jpg, https://www.youtube.com/watch?v=cI-iJmZbBXw     ,         2025,      0,       4    ,                                                                                         , "[""Lee Jun-ho"",""Kim Hye-jun"",""Kim Byong-chul"",""Kim Hyang-gi"",""Kang Hanna"",""Lee Chae-min"",""Jang Hyun-sung"",""Cha Si-won"",""Shin Su-hyun""]"                                                          , "[""Action & Adventure"",""Drama""]"                                            , active, false   , true    , false  , true       , false       ,           0,             0, 2025-12-30 02:35:42.691559+00, 2026-08-01 12:17:01.170013+00, false    ,        999,  238458, en      , true         , "[""en""]"    , Language: Dual Audio [Hindi (DD5.1) & English] / ESubs              , []
69b2d8b2-f874-41ce-bb56-156780abccea, The East Palace                         , the-east-palace-2026                        , A man who walks the spirit world and a court lady who hears the dead enter the East Palace by the king's orders — can they unravel its dark secrets?                                                                                                                                                                                                                                                                                                                                                                                                                                                                                                                                                                                                                                                                                                                                                                                                          , https://image.tmdb.org/t/p/w500/yfYohBszGqoAW8oM0qydOtJ4kPh.jpg                                              , https://image.tmdb.org/t/p/original/9LJiiVPSS2DsV9drnA3k3zqMgPW.jpg, https://www.youtube.com/watch?v=wBUkNE1l9DU     ,         2026,      0,       8    , "Kwon So-ra, Seo Jae-won"                                                               , "[""Nam Joo-hyuk"",""Roh Yoon-seo"",""Cho Seung-woo"",""Park Soo-yeon"",""Jang Young-nam"",""Kwak Dong-yeon"",""Tae In-ho"",""Hwang Young-hee"",""Hong Seo-jun"",""Lee Hong-nae""]"                                , "[""Mystery"",""Action & Adventure"",""Sci-Fi & Fantasy"",""Drama""]"           , active, false   , false   , false  , true       , false       ,           0,             0, 2026-07-19 00:08:15.484034+00, 2026-08-01 12:17:01.170013+00, false    ,        999,  279323, ko      , false        , "[""en""]"    , Language: Dual Audio [Hindi + Korean] / ESubs                       , "[""netflix""]"
6a1708cd-eb32-4c84-9cef-6a0037c4cb12, Kohrra                                  , kohrra-2023                                 , "When an NRI bridegroom is found dead days before his wedding in the countryside of Punjab, two cops must unravel the troubling case as turbulence unfolds in their own lives."                                                                                                                                                                                                                                                                                                                                                                                                                                                                                                                                                                                                                                                                                                                                                                               , https://image.tmdb.org/t/p/w500/vI23w796RfqWHlRKEcN4N6bD2DY.jpg                                              , https://image.tmdb.org/t/p/original/bXXoR0UgauJaKePUWUXsBFsRSed.jpg,                                                 ,         2023,      0,       3.5  , "Diggi Sisodia, Sudip Sharma, Gunjit Chopra"                                            , "[""Barun Sobti"",""Mona Singh""]"                                                                                                                                                                                 , "[""Crime"",""Drama""]"                                                         , active, false   , false   , false  , false      , false       ,           0,             0, 2026-02-11 13:53:15.721162+00, 2026-08-01 12:17:01.170013+00, false    ,        999,  230034, hi      , true         , "[""en""]"    , Language: Hindi (DD5.1) & Punjabi (DD5.1) / ESubs                   , []
6ac1c6c9-1f3b-40eb-9a75-c130b4935dd5, City of Shadows                         , city-of-shadows-2025                        , "A gruesome crime has taken place in La Pedrera – Casa Milà: a burned body is found on the facade of Gaudí's iconic building. Inspector Milo Malart, previously suspended for misconduct by the Mossos d'Esquadra (Mossos of the Squadron), returns to Barcelona to find the perpetrator along with Sub-Inspector Rebeca Garrido."                                                                                                                                                                                                                                                                                                                                                                                                                                                                                                                                                                                                                            , https://image.tmdb.org/t/p/w500/n4rguIB7Cf4h3l1IyqMo3THW5xn.jpg                                              , https://image.tmdb.org/t/p/original/jKyYbESbbsDuEF0G2a9Kg5zuttG.jpg, https://youtu.be/b0kM-dELITA?si=WoVqTnFE9AWAKmgY,         2025,      0,       3.5  ,                                                                                         , "[""Isak Férriz"",""Verónica Echegui"",""Ana Wagener"",""Manolo Solo"",""Irene Montalà"",""Marc Clotet"",""Aina Clotet"",""María Adánez"",""Jordi Rico"",""Jordi Ballester""]"                                     , "[""Crime"",""Mystery""]"                                                       , active, false   , false   , false  , true       , false       ,           0,             0, 2025-12-30 02:25:22.587221+00, 2026-08-01 12:17:01.170013+00, false    ,        999,  277752, en      , true         , "[""en""]"    , Language: Dual Audio [Hindi (DD5.1) & English] / ESubs              , []
6e93fc6e-d6c5-4ac4-9339-e7f074dfe5ee, Who's Your Gynac                        , whos-your-gynac-2023                        , "Dr Vidushi Kothari, a 28-year-old optimistic OB-GYN struggles with her personal and professional problems while solving clinical cases that come her way"                                                                                                                                                                                                                                                                                                                                                                                                                                                                                                                                                                                                                                                                                                                                                                                                    , https://image.tmdb.org/t/p/w500/vVZRh4ta94udBeoWAm6mzl8q9HT.jpg                                              , https://image.tmdb.org/t/p/original/cfjZvVBTax4mR4KWqXwzpiJyd92.jpg, https://youtu.be/qXNwJhfRRfY?si=fUQMT7y7_l9NI9yr,         2023,      0,       5.5  , Arunabh Kumar                                                                           , "[""Saba Azad"",""Vibha Chibber"",""Kunal Thakur""]"                                                                                                                                                               , "[""Drama"",""Comedy""]"                                                        , active, false   , false   , false  , false      , false       ,           0,             0, 2026-05-23 19:48:09.696804+00, 2026-08-01 12:17:01.170013+00, false    ,        999,  235963, hi      , false        , "[""en""]"    , Language: Hindi DD5.1 / ESubs                                       , []
70644fac-d048-403f-b789-7465d5721dd5, Can This Love Be Translated?            , can-this-love-be-translated-2026            , The emotions of a celebrity and her interpreter get lost in translation as they travel the world filming a TV show. Will love find its own language?                                                                                                                                                                                                                                                                                                                                                                                                                                                                                                                                                                                                                                                                                                                                                                                                          , https://image.tmdb.org/t/p/w500/zgUh4cgalSzBjbsT5P0qmU7Rjzk.jpg                                              , https://image.tmdb.org/t/p/original/svnZYhAboLrwHEtkKRm2mIdjocB.jpg, https://www.youtube.com/watch?v=tNZG1aLBATY     ,         2026,      0,       8    , "Hong Jeong-eun, Hong Mi-ran, Yoo Young-eun, Ahsan Ali Web Designer"                    , "[""Kim Seon-ho"",""Go Youn-jung"",""Sota Fukushi"",""Lee E-dam"",""Choi Woo-sung"",""Ahsan Ali Web Designer""]"                                                                                                   , "[""Drama"",""Comedy""]"                                                        , active, false   , true    , false  , true       , false       ,           0,             0, 2026-01-20 20:19:14.615181+00, 2026-08-01 12:17:01.170013+00, false    ,        999,  229891, en      , true         , "[""en""]"    , Language: Dual Audio [Hindi (DD5.1) & English] / ESubs              , []
715c3d79-e4ea-4fad-bb8a-c638e65ce944, Mismatched                              , mismatched-2020                             , "After a disastrous set-up by their families, two teens strike up a tentative friendship at their summer program - but deeper feelings aren't far behind."                                                                                                                                                                                                                                                                                                                                                                                                                                                                                                                                                                                                                                                                                                                                                                                                    , https://image.tmdb.org/t/p/w500/l65kfL6qhTWd858OqGTr3RWwAUj.jpg                                              , https://image.tmdb.org/t/p/original/gw7NInCijR7eA1mTllrtxB7shBJ.jpg, https://www.youtube.com/watch?v=vIZWLvcMS9c     ,         2020,      0,       3.1  ,                                                                                         , "[""Prajakta Koli"",""Rohit Saraf"",""Rannvijay Singha"",""Vidya Malvade"",""Muskkaan Jaferi"",""Abhinav Sharma"",""Taaruk Raina"",""Dipannita Sharma"",""Lauren Robinson"",""Ahsaas Channa""]"                    , "[""Comedy"",""Drama""]"                                                        , active, false   , false   , false  , false      , false       ,           0,             0, 2025-11-15 15:53:03.471397+00, 2026-08-01 12:17:01.170013+00, false    ,        999,  113457, hi      , false        , "[""en""]"    , Language: Hindi DD5.1 / ESubs                                       , []
71be43fc-40d4-422d-a133-568f4041369b, Sins of Kujo                            , sins-of-kujo-2026                           , "From thugs to yakuza, Taiza Kujo wields the law to defend society's worst. Fellow lawyer, Karasuma doubts his ethics but joins him in facing the abyss."                                                                                                                                                                                                                                                                                                                                                                                                                                                                                                                                                                                                                                                                                                                                                                                                     , https://image.tmdb.org/t/p/w500/jgmYNLdKLNBN5p2vPKuqlpLfeDS.jpg                                              , https://image.tmdb.org/t/p/original/m2px7CZWxArlG8Lyld1XKIkD5aA.jpg, https://www.youtube.com/watch?v=7rVBPPvqPzc     ,         2026,      0,       7.7  ,                                                                                         , "[""Yuya Yagira"",""Hokuto Matsumura"",""Elaiza Ikeda"",""Keita Machida""]"                                                                                                                                        , "[""Crime"",""Drama""]"                                                         , active, false   , false   , false  , true       , false       ,           0,             0, 2026-04-12 04:45:15.868683+00, 2026-08-01 12:17:01.170013+00, false    ,        999,  303405, en      , true         , "[""en""]"    , Language: Dual Audio [Hindi (DD5.1) & English] / ESubs              , []
72473799-16d5-45e4-a391-3a1c6d8fbcae, The Boroughs                            , the-boroughs-2026                           , "In a seemingly perfect retirement community, a crew of unlikely heroes must stop an otherworldly threat from stealing the one thing they don't have: time."                                                                                                                                                                                                                                                                                                                                                                                                                                                                                                                                                                                                                                                                                                                                                                                                  , https://image.tmdb.org/t/p/w500/oKxBWbXmnWFO2Wh1QRTtshdfIRa.jpg                                              , https://image.tmdb.org/t/p/original/iftYIh1OjJb99EOTHIrDcx59zWb.jpg, https://www.youtube.com/watch?v=PsvUvqXoTpE     ,         2026,      0,       5.571, "Jeffrey Addiss, Will Matthews"                                                         , "[""Alfred Molina"",""Geena Davis"",""Alfre Woodard"",""Denis O'Hare"",""Clarke Peters"",""Bill Pullman"",""Carlos Miranda"",""Jena Malone"",""Seth Numrich"",""Alice Kremelberg""]"                               , "[""Sci-Fi & Fantasy"",""Mystery""]"                                            , active, false   , false   , false  , true       , false       ,           0,             0, 2026-05-22 06:49:40.220148+00, 2026-08-01 12:17:01.170013+00, false    ,        999,  224941, en      , true         , "[""en""]"    , Language: Dual Audio [Hindi (DD5.1) & English] / ESubs              , []
72a60fac-5606-419e-b8a2-f44f50a18408, Dupahiya                                , dupahiya-2025                               , "Dhadakpur, the Belgium of Bihar, is on the cusp of celebrating 25 years of being crime free. But chaos strikes when a never-seen-before motorbike, that was purchased as a wedding gift gets stolen 7 days before the ceremony! The journey taken by the bride's family and ex-lover to find the Dupahiya forms the heart of this comedy, which explores the hopes and aspirations of simple people."                                                                                                                                                                                                                                                                                                                                                                                                                                                                                                                                                        , https://image.tmdb.org/t/p/w500/7kbmuNn37gENS4nq1CDSKGQbHia.jpg                                              , https://image.tmdb.org/t/p/original/rmZh9TkQIZ9XfTjniUyLGIIACLG.jpg, https://youtu.be/YZ1S3Jvegz4?si=6g8Ctp5pDnvj03Nw,         2025,      0,       4    , "Salona Bains Joshi, Chirag Garg, Shubh Shivdasani, Avinash Dwivedi"                    , "[""Gajraj Rao"",""Bhuvan Arora"",""Sparsh Shrivastava"",""Shivani Raghuvanshi"",""Renuka Shahane"",""Yashpal Sharma"",""Anjuman Saxena"",""Aaloak Kapoor"",""Mac Lara"",""Bhaskar Jha""]"                         , "[""Comedy"",""Drama""]"                                                        , active, false   , true    , false  , true       , false       ,           0,             0, 2025-11-14 15:56:30.826485+00, 2026-08-01 12:17:01.170013+00, false    ,        999,  249755, hi      , false        , "[""en""]"    , Language: Hindi DD5.1 / ESubs                                       , []
7408a1ec-8192-46fa-98b0-3756186922b4, "XO, Kitty"                             , xo-kitty-2023                               , "Teen matchmaker Kitty Song Covey thinks she knows everything there is to know about love. But when she moves halfway across the world to reunite with her long-distance boyfriend, she'll soon realize that relationships are a lot more complicated when it's your own heart on the line."                                                                                                                                                                                                                                                                                                                                                                                                                                                                                                                                                                                                                                                                  , https://image.tmdb.org/t/p/w500/hxvTdKAwv27PUfpXOQp6AwWr6V.jpg                                               , https://image.tmdb.org/t/p/original/h0CQ36rm9cSLznve5ocCDtYlnwN.jpg, https://www.youtube.com/watch?v=mw-HaoCQe9U     ,         2023,      0,       6.6  , Jenny Han                                                                               , "[""Anna Cathcart"",""Choi Min-yeong"",""Gia Kim"",""Sang Heon Lee"",""Anthony Keyvan"",""Regan Aliyah"",""Peter Thurnwald"",""Philippe Lee"",""Sule Thelwell"",""Shin Hojo""]"                                    , "[""Comedy"",""Drama""]"                                                        , active, false   , true    , false  , false      , false       ,           0,             0, 2026-04-11 20:53:27.164267+00, 2026-08-01 12:17:01.170013+00, false    ,        999,  195670, en      , true         , "[""en""]"    , Language: Dual Audio [Hindi (DD5.1) & English] / ESubs              , []
741e695b-2fb2-49a5-b65e-e1ca35e4f22e, Little Disasters                        , little-disasters-2025                       , "When Jess takes her baby to hospital with an unexplained head injury, her close friend, A&E doctor Liz, makes the excruciating decision to call social services, igniting an explosive chain of events."                                                                                                                                                                                                                                                                                                                                                                                                                                                                                                                                                                                                                                                                                                                                                     , https://image.tmdb.org/t/p/w500/aQJZBIEWw91O9MbpUOBRcd5JvJl.jpg                                              , https://image.tmdb.org/t/p/original/lQdNh2ZW056AvufrAPFnVBV1fEe.jpg, https://www.youtube.com/watch?v=zJ0swZr6-tg     ,         2025,      0,       7.159, Ruth Fowler                                                                             , "[""Diane Kruger"",""Jo Joyner"",""Shelley Conn"",""Emily Taaffe"",""Jax James"",""Patrick Baladi"",""Stephen Campbell Moore"",""JJ Feild"",""Robert Gilbert"",""Ben Bailey Smith""]"                              , "[""Drama""]"                                                                   , active, false   , false   , false  , false      , false       ,           0,             0, 2026-06-19 06:51:03.241717+00, 2026-08-01 12:17:01.170013+00, false    ,        999,  256585, en      , false        , "[""en""]"    , Language: Dual Audio [Hindi (DD2.0) & English] / ESubs              , "[""amazon-prime""]"
755b4907-ca6b-41e7-aac7-4fba694032df, Mousetrap                               , mousetrap-2026                              , "A reclusive writer wakes to find his identity stolen — and must ally with a ruthless loan shark to reclaim his life from a man known as ""The Rat."""                                                                                                                                                                                                                                                                                                                                                                                                                                                                                                                                                                                                                                                                                                                                                                                                        , https://image.tmdb.org/t/p/w500/2mwgHfOyrFrmvozjFoEXHRdfGhv.jpg                                              , https://image.tmdb.org/t/p/original/bYtQiIibQzvMeXvLMKVcZ5DlT31.jpg, https://www.youtube.com/watch?v=UCTSqqHeMHw     ,         2026,      0,       8    , "Kim Hong-sun, Lee Jae-gon"                                                             , "[""Ryu Jun-yeol"",""Sul Kyung-gu"",""Lee Kyoo-hyung"",""Kim Seung-oh"",""Hyun Bong-sik"",""Moo Jin-sung""]"                                                                                                       , "[""Crime"",""Drama"",""Mystery""]"                                             , active, false   , false   , false  , true       , false       ,           0,             0, 2026-08-29 05:31:30.548179+00, 2026-08-29 05:31:30.548179+00, false    ,        999,  290193, ko      , false        , "[""en""]"    , Language: Dual Audio [Hindi + Korean] / ESubs                       , []
7626edbf-820e-43da-b390-ba1fcd2e9327, The Mentalist                           , the-mentalist-2008                          , "Patrick Jane, a former celebrity psychic medium, uses his razor sharp skills of observation and expertise at ""reading"" people to solve serious crimes with the California Bureau of Investigation."                                                                                                                                                                                                                                                                                                                                                                                                                                                                                                                                                                                                                                                                                                                                                        , https://image.tmdb.org/t/p/w500/acYXu4KaDj1NIkMgObnhe4C4a0T.jpg                                              , https://image.tmdb.org/t/p/original/q3pCsNvJ7CmdJUz2sJEEUY3pOPC.jpg,                                                 ,         2008,      0,       8.393, Bruno Heller                                                                            , "[""Simon Baker"",""Robin Tunney"",""Tim Kang"",""Rockmond Dunbar"",""Joe Adler"",""Josie Loren""]"                                                                                                                , "[""Crime"",""Drama"",""Mystery""]"                                             , active, false   , false   , false  , false      , false       ,           0,             0, 2026-08-28 16:34:33.802453+00, 2026-08-28 16:34:33.802453+00, false    ,        999,    5920, en      , false        , "[""en""]"    , Language: English DD5.1 / ESubs                                     , "[""amazon-prime"",""netflix""]"
768e4cc0-a944-42fd-bff0-cb58bde1da23, If Wishes Could Kill                    , if-wishes-could-kill-2026                   , "A mysterious app promises wishes — then starts a countdown to death. As a group of teens becomes entangled, they must break the deadly chain to survive."                                                                                                                                                                                                                                                                                                                                                                                                                                                                                                                                                                                                                                                                                                                                                                                                    , https://image.tmdb.org/t/p/w500/2CfTNVaR8kZQkWtWWE3Cntaiq33.jpg                                              , https://image.tmdb.org/t/p/original/zV9WYOfFr4MAnzXXD8PR5J6JnN3.jpg, https://www.youtube.com/watch?v=OJsERPNI3D0     ,         2026,      0,       4    , "Park Joong-seop, Park Yoon-seo"                                                        , "[""Jeon So-young"",""Baek Sun-ho"",""Kang Mi-na"",""Hyun Woo-seok"",""Lee Hyo-je"",""Roh Jae-won"",""Jeon So-nee"",""Yoon Sa-bong""]"                                                                             , "[""Mystery"",""Drama""]"                                                       , active, false   , true    , false  , true       , false       ,           0,             0, 2026-04-28 14:11:17.090408+00, 2026-08-01 12:17:01.170013+00, false    ,        999,  285838, en      , true         , "[""en""]"    , Language: Dual Audio [Hindi (DD5.1) + English] / ESubs              , []
76e2d952-0194-4796-9be5-b8036bdbd2ec, Love Phobia                             , love-phobia-2026                            , "A VR dating CEO who hates love meets a romance-clueless writer. As they clash between AI-driven passion and analog emotions, a sweet yet messy story of healing and unexpected connection unfolds."                                                                                                                                                                                                                                                                                                                                                                                                                                                                                                                                                                                                                                                                                                                                                          , https://image.tmdb.org/t/p/w500/3hsCoGDAceyh1FnFHHLkozPNlSS.jpg                                              , https://image.tmdb.org/t/p/original/zs4kMFDdMDH0Bv0ERGLLUxR0g03.jpg, https://youtu.be/v1WsbB2mFcE?si=UdQ5S4BITOfff3EL,         2026,      0,       6.5  , 이세령                                                                                  , "[""Yeon Woo"",""Kim Hyun-jin"",""Jo Yoon-seo"",""Choi Byung-chan"",""Im Ji-eun"",""Han Gyu-min"",""Lee Ji-hae"",""Kim Ki-nam"",""Kim So Ha"",""Hwang Ha-jung""]"                                                  , "[""Comedy"",""Sci-Fi & Fantasy""]"                                             , active, false   , true    , false  , true       , false       ,           0,             0, 2026-03-14 23:42:51.974466+00, 2026-08-01 12:17:01.170013+00, false    ,        999,  289690, ko      , true         , "[""en""]"    , Language: Korean / ESubs                                            , []
78ab7224-0ce0-40bd-b25d-d5714b6f8b34, The Town                                , the-town-2025                               , A group of cash-strapped friends find their morals and relationships tested when they stumble upon a stolen fortune in their hometown.                                                                                                                                                                                                                                                                                                                                                                                                                                                                                                                                                                                                                                                                                                                                                                                                                        , https://image.tmdb.org/t/p/w500/k4EhIaAapcEc79mXvzjxmplGb0e.jpg                                              , https://image.tmdb.org/t/p/original/gYSE4tc6Cl9eZ3p8md2y9j2NI2w.jpg, https://www.youtube.com/watch?v=C4NGShEM6qM     ,         2025,      0,       3    , "Deniz Karaoğlu, Doğu Yaşar Akal"                                                       , "[""Okan Yalabık"",""Özgürcan Çevik"",""Ozan Dolunay"",""Büşra Develi"",""Kerem Can"",""Açelya Devrim Yılhan"",""Sarp Aydınoğlu""]"                                                                                , "[""Drama"",""Crime""]"                                                         , active, false   , false   , false  , true       , false       ,           0,             0, 2025-12-30 02:17:36.067295+00, 2026-08-01 12:17:01.170013+00, false    ,        999,  278100, en      , true         , "[""en""]"    , Language: Dual Audio [Hindi (DD5.1) & English] / ESubs              , []
7a36ca12-7ab9-468b-a0b5-ab9dc4db6bde, S Line                                  , s-line-2025                                 , A young woman with the ability to see mysterious red connections between lovers discovers her secret gift is no longer unique when special glasses granting similar powers appear on the black market.                                                                                                                                                                                                                                                                                                                                                                                                                                                                                                                                                                                                                                                                                                                                                        , https://image.tmdb.org/t/p/w500/7TGolwcia6AI6uvInBOoedAi9Il.jpg                                              , https://image.tmdb.org/t/p/original/worzO1lyLDDbKniQbFJKqPOEu2n.jpg, https://www.youtube.com/watch?v=JZ_dqRumaa8     ,         2025,      0,       3.8  , "Ahn Joo-Young, Kkomabi"                                                                , "[""Lee Soo-hyuk"",""ARIN"",""Lee Da-hee"",""Lee Eun-saem"",""Kim Dong-young"",""Lee Gwang-hee"",""Lee Han-joo"",""Woo Ji-hyun"",""Nam Kyu-hee"",""Oh Woo-ri""]"                                                   , "[""Sci-Fi & Fantasy"",""Drama"",""Mystery""]"                                  , active, false   , true    , false  , false      , false       ,           0,             0, 2026-04-30 13:53:34.88019+00 , 2026-08-01 12:17:01.170013+00, false    ,        999,  232402, ko      , true         , "[""en""]"    , Language: [Hindi (DD2.0) + Korean (DD2.0)] / ESubs                  , []
7c0c52f6-abd7-4758-8888-07166a291a05, Mayor of Kingstown                      , mayor-of-kingstown-2021                     , "In a small Michigan town where the business of incarceration is the only thriving industry, the McClusky family are the power brokers between the police, criminals, inmates, prison guards and politicians in a city completely dependent on prisons and the prisoners they contain."                                                                                                                                                                                                                                                                                                                                                                                                                                                                                                                                                                                                                                                                       , https://image.tmdb.org/t/p/w500/6rWIip9MZELAA0SKii5WqsBDCYW.jpg                                              , https://image.tmdb.org/t/p/original/39bifj2FNytJ2m1cqOBcWMTKgmV.jpg, https://www.youtube.com/watch?v=VkQzvwxOp0s     ,         2021,      0,       3.9  , "Hugh Dillon, Taylor Sheridan"                                                          , "[""Jeremy Renner"",""Hugh Dillon"",""Tobi Bamtefa"",""Taylor Handley"",""Derek Webster"",""Hamish Allan-Headley"",""Edie Falco"",""Lennie James"",""Laura Benanti"",""Necar Zadegan""]"                           , "[""Drama"",""Crime""]"                                                         , active, false   , true    , false  , false      , false       ,           0,             0, 2025-12-30 02:41:47.291204+00, 2026-08-01 12:17:01.170013+00, false    ,        999,   97951, en      , true         , "[""en""]"    , Language: Dual Audio [Hindi (DD2.0) & English] / ESubs              , []
7cc014ee-2a24-4969-b567-41061b455189, House of the Dragon                     , house-of-the-dragon-2022                    , "The Targaryen dynasty is at the absolute apex of its power, with more than 15 dragons under their yoke. Most empires crumble from such heights. In the case of the Targaryens, their slow fall begins when King Viserys breaks with a century of tradition by naming his daughter Rhaenyra heir to the Iron Throne. But when Viserys later fathers a son, the court is shocked when Rhaenyra retains her status as his heir, and seeds of division sow friction across the realm."                                                                                                                                                                                                                                                                                                                                                                                                                                                                           , https://image.tmdb.org/t/p/w500/7V0Ebks0GgpKvQ7QbLAIdX5dos4.jpg                                              , https://image.tmdb.org/t/p/original/577eXC8wFQT0eUrJcgznSiFPRmk.jpg, https://www.youtube.com/watch?v=DotnJ7tTA34     ,         2022,      0,       4.2  , "George R.R. Martin, Ryan J. Condal"                                                    , "[""Matt Smith"",""Emma D'Arcy"",""Olivia Cooke"",""James Norton"",""Steve Toussaint"",""Fabien Frankel"",""Matthew Needham"",""Sonoya Mizuno"",""Tom Glynn-Carney"",""Ewan Mitchell""]"                           , "[""Sci-Fi & Fantasy"",""Drama"",""Action & Adventure""]"                       , active, false   , true    , false  , false      , false       ,           1,             0, 2026-06-23 16:11:35.168235+00, 2026-08-08 08:57:14.008771+00, false    ,        999,   94997, en      , false        , "[""en""]"    , Language: English DD5.1 / ESubs                                     , []
7cd4d9d5-8bda-4de5-bbeb-fe784f8601bb, Muthu Engira Kaattaan                   , muthu-engira-kaattaan-2026                  , "A story of an man who becomes a legend, a Monster, and a Miracle, depending on the Storyteller."                                                                                                                                                                                                                                                                                                                                                                                                                                                                                                                                                                                                                                                                                                                                                                                                                                                             , https://image.tmdb.org/t/p/w500/koXT0LCCwjfLosNyyFLdDJt67L9.jpg                                              , https://image.tmdb.org/t/p/original/iCZBpc0mW23XbkEI75KP5G5dgvK.jpg, https://youtu.be/6QhTM9QuP_Y?si=JPn58zI20jykCZBE,         2026,      0,            , M. Manikandan                                                                           , "[""Vijay Sethupathi"",""Milind Soman"",""Sudev Nair"",""Vadivel Murugan"",""Risha"",""VJ Parvathy"",""Kalaivani Bhaskar"",""Muthukumar"",""Abi Nakshathra"",""Gemini Mani""]"                                     , "[""Drama"",""Crime"",""Action & Adventure""]"                                  , active, false   , false   , false  , true       , false       ,           0,             0, 2026-03-29 12:48:08.665809+00, 2026-08-01 12:17:01.170013+00, false    ,        999,  301734, ta      , true         , "[""en""]"    , Language: Hindi (5.1) & Tamil (5.1) / ESubs                         , []
7d115252-cb74-409a-9da5-24ba96ec7279, Ransom Canyon                           , ransom-canyon-2025                          , "Passions run deep in a small Texas town, as three ranching dynasties fight for their land, their legacies and the people they love."                                                                                                                                                                                                                                                                                                                                                                                                                                                                                                                                                                                                                                                                                                                                                                                                                         , https://image.tmdb.org/t/p/w500/1efzyMfIe3WauOCWk7Gn56gj7sL.jpg                                              , https://image.tmdb.org/t/p/original/29P64FqDp0UVa9oJsIl49PHn5tH.jpg, https://www.youtube.com/watch?v=xbRmjVSrSpY     ,         2025,      0,       7.215, April Blair                                                                             , "[""Josh Duhamel"",""Minka Kelly"",""Lizzy Greene"",""Garrett Wareing"",""Marianly Tejada"",""Jack Schumacher"",""Casey W. Johnson"",""Justin Johnson Cortez"",""Philip Winchester"",""Brett Cullen""]"            , "[""Drama"",""Western""]"                                                       , active, false   , false   , false  , false      , false       ,           0,             0, 2026-07-31 06:02:19.099016+00, 2026-08-01 12:17:01.170013+00, false    ,        999,  240993, en      , false        , "[""en""]"    , Language: English DD5.1 / ESubs                                     , "[""netflix""]"
7d62b434-0e69-407d-9ea4-ff0c62aae7c3, CO-ED                                   , co-ed-2025                                  , "Twins Shikha and Nikhil couldn't be more different. But when their all-boys and all-girls schools suddenly go co-ed, the chaos of teenagehood hits them head-on. Now, both must confront new feelings, friendships, and the messy business of growing up together."                                                                                                                                                                                                                                                                                                                                                                                                                                                                                                                                                                                                                                                                                          , https://image.tmdb.org/t/p/w500/yszfk2In6I82bQIhrNijsoZkoiz.jpg                                              , https://image.tmdb.org/t/p/original/33oeHzYG3MEs8fAfQLkI9m4kAUi.jpg, https://www.youtube.com/watch?v=lA-hGAAW_6U     ,         2025,      0,       7.7  , Saqib Pandor                                                                            , "[""Rajeshwari Sachdev"",""Varun Badola"",""Adrija Sinha"",""Vedant Sinha"",""Het Thakkar"",""Stuti Sahijwani"",""Yudhvir Ahlawat"",""Gargi Singh"",""Aarush Varma"",""Jiya Bhatt""]"                              , "[""Drama"",""Comedy""]"                                                        , active, false   , false   , false  , false      , false       ,           0,             0, 2026-02-02 04:21:43.640666+00, 2026-08-01 12:17:01.170013+00, false    ,        999,  306089, hi      , false        , "[""en""]"    , Language: Hindi (DD5.1) / ESubs                                     , []
7d8f7e22-3e9b-4386-a88c-0203f81be1ed, Notes from the Last Row                 , notes-from-the-last-row-2026                , "A literature professor discovers a student's talent and offers him writing lessons — but as he sinks into the story, their sessions spiral into chaos."                                                                                                                                                                                                                                                                                                                                                                                                                                                                                                                                                                                                                                                                                                                                                                                                      , https://image.tmdb.org/t/p/w500/paRFCxAJRZOypfgnzYLo6KH5jjO.jpg                                              , https://image.tmdb.org/t/p/original/oBJ6dZ6A1tY1O94RmWnJkkQVbLz.jpg, https://www.youtube.com/watch?v=yEMHh3mRjv4     ,         2026,      0,       9.2  , "Kim Kyu-tae, Jang Myung-woo"                                                           , "[""Choi Min-sik"",""Choi Hyun-wook"",""Huh Joon-ho"",""Yunjin Kim"",""Jin Kyung"",""Lee Jin-woo"",""Han Ji-eun""]"                                                                                                , "[""Mystery"",""Drama""]"                                                       , active, false   , false   , false  , true       , false       ,           0,             0, 2026-06-27 11:44:59.471973+00, 2026-08-01 12:17:01.170013+00, false    ,        999,  286360, ko      , false        , "[""en""]"    , Language: Dual Audio [Hindi + Korean] / ESubs                       , "[""netflix""]"
7deb25f7-c0ec-4f6b-98a1-1448202416f7, Wonder Man                              , wonder-man-2026                             , "Simon and Trevor, two actors at opposite ends of their careers, chase life-changing roles."                                                                                                                                                                                                                                                                                                                                                                                                                                                                                                                                                                                                                                                                                                                                                                                                                                                                  , https://image.tmdb.org/t/p/w500/6yy9nQlFt2l6UVWzrfhszFCaZ5C.jpg                                              , https://image.tmdb.org/t/p/original/AhXZ7rf0yhEYrzCcWe0ZsYqW0bg.jpg, https://www.youtube.com/watch?v=wHuWmjXsReU     ,         2026,      0,       7.6  , "Andrew Guest, Destin Daniel Cretton"                                                   , "[""Yahya Abdul-Mateen II"",""Arian Moayed"",""X Mayo"",""Zlatko Burić"",""Ben Kingsley""]"                                                                                                                        , "[""Comedy"",""Sci-Fi & Fantasy""]"                                             , active, false   , false   , false  , true       , false       ,           0,             0, 2026-01-28 10:40:46.097206+00, 2026-08-01 12:17:01.170013+00, false    ,        999,  198178, en      , true         , "[""en""]"    , Language: Dual Audio [Hindi (DD5.1) + English] / ESubs              , []
8002dc82-168b-4725-a641-edfee096876b, A Good Girl's Guide to Murder           , a-good-girls-guide-to-murder-2024           , "Five years after the death of schoolgirl Andie Bell, Pippa Fitz-Amobi sets out to uncover what really happened to her. Sal Singh, Andie's boyfriend, admitted to the murder before taking his own life, but Pip doesn't believe he's responsible and teams up with Sal's brother Ravi to uncover the truth. If Sal Singh isn't a murderer and the real killer is still out there, how far will they go to keep Pip from finding out the truth?"                                                                                                                                                                                                                                                                                                                                                                                                                                                                                                              , https://image.tmdb.org/t/p/w500/mzkstyDSsTRswCMRvoBD5ULPnIt.jpg                                              , https://image.tmdb.org/t/p/original/8H3KFYBklgxPiGsc8yWNWqGPZ9G.jpg, https://www.youtube.com/watch?v=wA39lIDm75Y     ,         2024,      0,       7.4  , Poppy Cogan                                                                             , "[""Emma Myers"",""Zain Iqbal"",""Asha Banks"",""Yasmin Al-Khudhairi""]"                                                                                                                                           , "[""Crime"",""Mystery"",""Drama""]"                                             , active, false   , false   , false  , false      , false       ,           0,             0, 2026-05-29 15:24:20.718155+00, 2026-08-01 12:17:01.170013+00, false    ,        999,  218342, hi      , true         , "[""en""]"    , Language: Hindi (ORG 2.0) + English / ESubs                         , []
8117df31-7890-4bdf-8997-f3d15833a6a5, Waiting Hai                             , waiting-hai-2026                            , "Sugam joins the RPF and investigates a Tatkal scam. Hamza and Mama turn booking software into a business, facing rivalry and betrayal. Sugam arrests the agents and tracks Hamza, ending the scam before his escape to Dubai."                                                                                                                                                                                                                                                                                                                                                                                                                                                                                                                                                                                                                                                                                                                               , https://image.tmdb.org/t/p/w500/6jBdFWwgKgkcrAGaDfTC9bpudaN.jpg                                              , https://image.tmdb.org/t/p/original/5PdjXTgbj1emFvFM0qY7Ffx2a05.jpg, https://www.youtube.com/watch?v=0o1BC2Cavxc     ,         2026,      0,            , Sameer Vidwans                                                                          , "[""Divyendu Sharma"",""Bhuvan Arora"",""Kumud Mishra"",""Vijay Maurya"",""Harshita Shekhar Gaur"",""Sunita Rajwar"",""Dayashankar Pandey"",""Yashpal Sharma""]"                                                   , "[""Comedy"",""Drama"",""Crime""]"                                              , active, false   , false   , false  , true       , false       ,           0,             0, 2026-09-16 14:45:35.648129+00, 2026-09-17 00:08:58.340045+00, false    ,        999,  335332, hi      , false        , []            ,                                                                     , []
81684038-b418-400d-bc24-79cac51ad661, Maamla Legal Hai                        , maamla-legal-hai-2024                       , "Chaos collides with the letter of the law at District Court Patparganj, where quirky employees work to uphold justice — but not without a few objections."                                                                                                                                                                                                                                                                                                                                                                                                                                                                                                                                                                                                                                                                                                                                                                                                   , https://image.tmdb.org/t/p/w500/tDP5vC5wxSpHKx88RdyRpdaSo2u.jpg                                              , https://image.tmdb.org/t/p/original/2vWxGsPxoDYnnNqsq8jlv1wiFJj.jpg, https://www.youtube.com/watch?v=Az63PtQVErY     ,         2024,      0,       8    , Sameer Saxena                                                                           , "[""Ravi Kishan"",""Naila Grrewal"",""Nidhi Bisht"",""Anant Joshi"",""Kusha Kapila""]"                                                                                                                             , "[""Comedy"",""Drama""]"                                                        , active, false   , true    , false  , false      , false       ,           0,             0, 2026-04-12 04:50:22.91655+00 , 2026-08-01 12:17:01.170013+00, false    ,        999,  246483, hi      , false        , "[""en""]"    , Language: Hindi DD5.1 / ESubs                                       , []
829a1b68-157e-4fc8-b846-fc7da04dc08b, Honeymoon Se Hatya                      , honeymoon-se-hatya-2026                     , "A five-part true-crime docudrama uncovers real cases where wives kill their husbands. The series dives deep into how love, control, betrayal and hidden marital fractures can lead to fatal breakdowns"                                                                                                                                                                                                                                                                                                                                                                                                                                                                                                                                                                                                                                                                                                                                                      , https://image.tmdb.org/t/p/w500/wxi68hCKtlxg7zJSF9WWc2nUkYh.jpg                                              , https://image.tmdb.org/t/p/original/njiQG9DBROoEyRUMpxOYeHR2x8D.jpg, https://www.youtube.com/watch?v=ttSm84HK8-A     ,         2026,      0,            , Mrunalini Havaldar                                                                      , "[""Anurekha Bhagat""]"                                                                                                                                                                                            , "[""Mystery"",""Crime"",""Documentary""]"                                       , active, false   , false   , false  , true       , false       ,           0,             0, 2026-01-11 03:34:35.336641+00, 2026-08-01 12:17:01.170013+00, false    ,        999,  310392, hi      , false        , "[""en""]"    , Language: Hindi DD5.1 / ESubs                                       , []
83136214-8b26-4923-bb19-4f0fec5017b0, My Life with the Walter Boys            , my-life-with-the-walter-boys-2023           , "When a tragedy disrupts her life, a teen moves in with her guardian's big family in a small town and learns new lessons about love, hope and friendship."                                                                                                                                                                                                                                                                                                                                                                                                                                                                                                                                                                                                                                                                                                                                                                                                    , https://image.tmdb.org/t/p/w500/dQOwpTpBQEqRUcev4423LrU32G6.jpg                                              , https://image.tmdb.org/t/p/original/5WUsnqUm7xbY3oSwumSLfjyyax.jpg , https://www.youtube.com/watch?v=pHIXtOrHF80     ,         2023,      0,       7.8  , Melanie Halsall                                                                         , "[""Nikki Rodriguez"",""Noah LaLonde"",""Ashby Gentry"",""Johnny Link"",""Corey Fogelmanis"",""Connor Stanhope"",""Sarah Rafferty"",""Marc Blucas""]"                                                              , "[""Drama""]"                                                                   , active, false   , false   , false  , false      , false       ,           0,             0, 2026-08-09 03:40:41.430761+00, 2026-08-09 03:40:41.430761+00, false    ,        999,  199001, en      , false        , "[""en""]"    , Language: English DD5.1 / ESubs                                     , "[""netflix""]"
8494b67e-4488-435b-87b2-65cce3217a82, Kumari Srimathi                         , kumari-srimathi-2023                        , "Srimathi is a 30 year old unmarried woman, with a dead end job, a dysfunctional family and a goal to win back her ancestral house. For that, she needs to raise a lot of money in a short period of time. Seeing a business oppurtunity, she decides to start a bar in her village. This is the journey of Srimathi, battling various societal and moral obstacles along the way."                                                                                                                                                                                                                                                                                                                                                                                                                                                                                                                                                                           , https://image.tmdb.org/t/p/w500/2008kVjRqNpzeY9dsM9bEuoZ0o5.jpg                                              , https://image.tmdb.org/t/p/original/uGkgjbgKHuw4xuYiwGCthr7ECbK.jpg, https://youtu.be/e4GU4-0tz2s?si=KQSNYY0feTW8-8-r,         2023,      0,       7.2  , Srinivas Avasarala                                                                      , "[""Nithya Menen"",""Gautami Tadimalla"",""Rameshwari Talluri"",""Nirupam Paritala"",""Praneeta Patnaik"",""Murali Mohan"",""Thiruveer Reddy"",""Prem Sagar"",""Naresh"",""Usha Sree""]"                           , "[""Comedy"",""Drama""]"                                                        , active, false   , false   , false  , false      , false       ,           0,             0, 2026-03-15 10:09:52.073348+00, 2026-08-01 12:17:01.170013+00, false    ,        999,  235819, hi      , false        , "[""en""]"    , Language: Hindi DD5.1 / ESubs                                       , []
87dd60b0-767f-4742-972c-5a6308de8d43, Fauda                                   , fauda-2015                                  , "A top Israeli agent comes out of retirement to hunt for a Palestinian militant he thought he'd killed, setting a chaotic chain of events into motion."                                                                                                                                                                                                                                                                                                                                                                                                                                                                                                                                                                                                                                                                                                                                                                                                       , https://image.tmdb.org/t/p/w500/bc6XIKP1TrnugYMzIIUz9YCL8VM.jpg                                              , https://image.tmdb.org/t/p/original/l7BDJsD2zRYHvu3G7qV1v7q5hoF.jpg, https://www.youtube.com/watch?v=m5zcu25_IG0     ,         2015,      0,       3.7  , "Avi Issacharoff, Lior Raz"                                                             , "[""Lior Raz"",""Netta Garti"",""Doron Ben-David"",""Rona-Lee Shimon"",""Itzik Cohen"",""Yaakov Zada-Daniel"",""Dan Kadosh""]"                                                                                     , "[""Drama"",""Action & Adventure"",""War & Politics""]"                         , active, false   , false   , false  , false      , false       ,           0,             0, 2026-09-13 22:35:13.420509+00, 2026-09-13 23:18:04.066603+00, false    ,        999,   69557, he      , false        , []            ,                                                                     , []
88368e87-b3f6-414d-9c01-30976ed1798d, The Legend of Vox Machina               , the-legend-of-vox-machina-2022              , "They're rowdy, they're ragtag, they're misfits turned mercenaries for hire. Vox Machina is more interested in easy money and cheap ale than actually protecting the realm. But when the kingdom is threatened by evil, this boisterous crew realizes that they are the only ones capable of restoring justice."                                                                                                                                                                                                                                                                                                                                                                                                                                                                                                                                                                                                                                              , https://image.tmdb.org/t/p/w500/b5A0qkGrZJTyVv3gT6b8clFEz9R.jpg                                              , https://image.tmdb.org/t/p/original/xRQNXmR9HG32FJqaRh8TqVUMfTA.jpg, https://www.youtube.com/watch?v=JvwxQSc-3os     ,         2022,      0,       4.1  , Chris Prynoski                                                                          , "[""Laura Bailey"",""Taliesin Jaffe"",""Ashley Johnson"",""Liam O'Brien"",""Marisha Ray"",""Sam Riegel"",""Travis Willingham""]"                                                                                   , "[""Animation"",""Sci-Fi & Fantasy""]"                                          , active, false   , true    , false  , false      , false       ,           0,             0, 2026-06-02 16:31:03.856106+00, 2026-08-01 12:17:01.170013+00, false    ,        999,  135934, en      , true         , "[""en""]"    , Language: Dual Audio [Hindi (DD5.1) & English] / ESubs              , []
8971172c-b776-4497-90fc-dd3edfade329, Mr. Robot                               , mr-robot-2015                               , "A young programmer, Elliot, suffers from a debilitating anti-social disorder and decides that he can only connect to people by hacking them. He wields his skills as a weapon to protect the people that he cares about. Elliot finds himself in the intersection between a cybersecurity firm he works for and the underworld organizations that are recruiting him to bring down corporate America."                                                                                                                                                                                                                                                                                                                                                                                                                                                                                                                                                       , https://image.tmdb.org/t/p/w400/oKIBhzZzDX07SoE2bOLhq2EE8rf.jpg                                              , https://image.tmdb.org/t/p/original/hZOuVkhAWX9viLJuaIsMh8cM3Jz.jpg, https://www.youtube.com/watch?v=N6HGuJC--rk     ,         2015,      0,       8.5  , Sam Esmail                                                                              , "[""Rami Malek"",""Christian Slater"",""Carly Chaikin""]"                                                                                                                                                          , "[""Crime"",""Drama""]"                                                         , active, false   , false   , false  , false      , false       ,           0,             0, 2026-03-19 21:27:43.332345+00, 2026-08-01 12:17:01.170013+00, false    ,        999,   62560, en      , false        , "[""en""]"    , Language: English DD5.1 / ESubs                                     , []
8de935dc-3b46-45ed-84b7-7292346b9c46, Lanterns                                , lanterns-2026                               , "Two intergalactic cops, new recruit John Stewart and Lantern legend Hal Jordan, are drawn into a dark, earth-based mystery as they investigate a murder in the American heartland."                                                                                                                                                                                                                                                                                                                                                                                                                                                                                                                                                                                                                                                                                                                                                                          , https://image.tmdb.org/t/p/w500/sbBehMLO6Ge7Tbk374dIBtUjO6P.jpg                                              , https://image.tmdb.org/t/p/original/eYvhRHD06mNUJAfAMyRVwtxIWQx.jpg, https://www.youtube.com/watch?v=7UIBOsuUwc4     ,         2026,      0,       6.824, "Damon Lindelof, Chris Mundy, Tom King"                                                 , "[""Kyle Chandler"",""Aaron Pierre"",""Kelly Macdonald"",""Garret Dillahunt"",""Poorna Jagannathan""]"                                                                                                             , "[""Sci-Fi & Fantasy"",""Mystery"",""Action & Adventure""]"                     , active, false   , false   , false  , true       , false       ,           1,             0, 2026-08-17 07:26:51.029318+00, 2026-08-22 14:52:18.380089+00, false    ,        999,   95350, en      , false        , "[""en""]"    , Language: English DD5.1 / ESubs                                     , "[""jiohotstar""]"
8e7cc07c-ac93-46f6-8f3c-44c0887f2790, Sankalp                                 , sankalp-2026                                , "SANKALP is a premium Indian socio-political drama that explores how power is manufactured not through elections, but through mentorship and institutional control. Inspired by the ancient Chanakya–Chandragupta chronicles, the series reimagines political strategy for modern India, where classrooms replace battlefields and bureaucrats replace soldiers."                                                                                                                                                                                                                                                                                                                                                                                                                                                                                                                                                                                             , https://image.tmdb.org/t/p/w500/pEDJjtxj1PPd10PvJLo9w9RlQx6.jpg                                              , https://image.tmdb.org/t/p/original/e4nxlEQhEdOqwzQoVc4EL11UgFr.jpg, https://www.youtube.com/watch?v=sjgRAPaSoZ4     ,         2026,      0,            , Reshu Nath                                                                              , "[""Nana Patekar"",""Sanjay Kapoor"",""Mohd. Zeeshan Ayyub"",""Neeraj Kabi"",""Kubbra Sait"",""Meghna Malik"",""Kranti Prakash Jha"",""Saurabh Goyal"",""Tushar Pandey"",""Danish Iqbal""]"                        , "[""Drama""]"                                                                   , active, false   , false   , false  , true       , false       ,           0,             0, 2026-03-12 12:45:41.989271+00, 2026-08-01 12:17:01.170013+00, false    ,        999,  316272, hi      , false        , "[""en""]"    , Language: Hindi DD5.1 / ESubs                                       , []
8ef0be9f-1fd1-4ff7-aa2f-3da37a417ee1, Death Note                              , death-note-2006                             , "Light Yagami is an ace student with great prospects—and he’s bored out of his mind. But all that changes when he finds the Death Note, a notebook dropped by a rogue Shinigami death god. Any human whose name is written in the notebook dies, and Light has vowed to use the power of the Death Note to rid the world of evil. But will Light succeed in his noble goal, or will the Death Note turn him into the very thing he fights against?"                                                                                                                                                                                                                                                                                                                                                                                                                                                                                                           , https://image.tmdb.org/t/p/w500/tCZFfYTIwrR7n94J6G14Y4hAFU6.jpg                                              , https://image.tmdb.org/t/p/original/mOlEbXcb6ufRJKogI35KqsSlCfB.jpg, https://www.youtube.com/watch?v=NlJZ-YgAt-c     ,         2006,      0,       4.3  ,                                                                                         , "[""Mamoru Miyano"",""Shido Nakamura"",""Aya Hirano"",""Kappei Yamaguchi"",""Kimiko Saito"",""Naoya Uchida"",""Ryou Naitou"",""Keiji Fujiwara"",""Kazuya Nakai"",""Noriko Hidaka""]"                               , "[""Animation"",""Mystery"",""Sci-Fi & Fantasy""]"                              , active, false   , true    , false  , false      , false       ,           0,             0, 2025-12-30 02:20:57.499138+00, 2026-08-01 12:17:01.170013+00, false    ,        999,   13916, en      , true         , "[""en""]"    , Language: Dual Audio [Hindi (DD2.0) & English] / ESubs              , []
8f0b1d06-53ce-4192-ad2b-41578c782406, Bambai Meri Jaan                        , bambai-meri-jaan-2023                       , "Bambai Meri Jaan chronicles the life of gangster Dara Kadri through the eyes of his father, an ex-cop, Ismail Kadri. In this season, we see how Dara puts everything at stake including his family as he goes on to become a cold-blooded, fearless gangster who uses his business acumen to fight not only the police and his rivals but also his own demons along the way."                                                                                                                                                                                                                                                                                                                                                                                                                                                                                                                                                                                , https://image.tmdb.org/t/p/w500/wgelpZG1TRW2AxvGyfYnnXAjz1M.jpg                                              , https://image.tmdb.org/t/p/original/lo2A0HZlHNkyKLDq6MZETJ6Beju.jpg, https://www.youtube.com/watch?v=ITnmkpcfjnw     ,         2023,      0,            , "Shujaat Saudagar, Renzil D'Silva"                                                      , "[""Avinash Tiwary"",""Kay Kay Menon"",""Amyra Dastur"",""Kritika Kamra"",""Nawab Shah"",""Nivedita Bhattacharya"",""Saurabh Sachdeva"",""Vivan Bhatena"",""Jitin Gulati"",""Sunil Palwal""]"                      , "[""Crime"",""Drama""]"                                                         , active, false   , false   , false  , false      , false       ,           0,             0, 2026-02-03 17:44:34.182948+00, 2026-08-01 12:17:01.170013+00, false    ,        999,  202237, hi      , false        , "[""en""]"    , Language: Hindi DD5.1 / ESubs                                       , []
8f2a87dd-1d64-4210-9caf-dcbaa893b1c1, Amar Vishwas                            , amar-vishwas-2026                           , "Brilliant, eccentric Mumbai lawyer Amar Vishwas defends the underprivileged while seeking hidden truths. When a powerful businessman is murdered, he navigates a deadly web of lies, suspects, and shocking twists to deliver justice."                                                                                                                                                                                                                                                                                                                                                                                                                                                                                                                                                                                                                                                                                                                      , https://image.tmdb.org/t/p/w500/eai2N6BgHlQdL5oSeo94UX45CBN.jpg                                              , https://image.tmdb.org/t/p/original/epWPgFbnixfSXnUhGUPknSjGEpW.jpg,                                                 ,         2026,      0,            ,                                                                                         , "[""Rajeev Khandelwal"",""Ravi Behl"",""Barkha Bisht"",""Anil Charanjeett"",""Aamir Ali"",""Urvashi Pardeshi"",""Saurabh Gokhale""]"                                                                               , "[""Crime"",""Drama""]"                                                         , active, false   , false   , false  , true       , false       ,           0,             0, 2026-02-11 13:48:48.347455+00, 2026-08-01 12:17:01.170013+00, false    ,        999,  313716, hi      , false        , "[""en""]"    , Language: Hindi DD5.1 / ESubs                                       , []
90455827-6e07-488d-9948-f3b6d13f501f, Poker Face                              , poker-face-2023                             , "Follow Charlie Cale, a woman with an extraordinary ability to tell when someone is lying, as she hits the road and, at every stop, encounters a new cast of characters and crimes she can't help but solve."                                                                                                                                                                                                                                                                                                                                                                                                                                                                                                                                                                                                                                                                                                                                                 , https://image.tmdb.org/t/p/w500/8Xm5dyMQC9whMJKnGdFugUAW73C.jpg                                              , https://image.tmdb.org/t/p/original/ccOzCmrglAjRGtqv5ClTaBEsWt8.jpg, https://www.youtube.com/watch?v=7gmozhMRbmA     ,         2023,      0,       3.7  , Rian Johnson                                                                            , "[""Natasha Lyonne""]"                                                                                                                                                                                             , "[""Crime"",""Mystery""]"                                                       , active, false   , false   , false  , false      , false       ,           0,             0, 2025-12-30 02:26:32.579056+00, 2026-08-01 12:17:01.170013+00, false    ,        999,  120998, en      , true         , "[""en""]"    , Language: Dual Audio [Hindi (DD2.0) & English] / ESubs              , []
90c0ee59-62e0-48e0-a807-dad506680bae, Margao Files - The Unsolved Case        , margao-files---the-unsolved-case-2026       , "Doctors overrule foul play on the mysterious death of Richard White, patriarch of Margao's wealthy family. Yet Richard's family harbors deep suspicions after his will reveals unsettling secrets."                                                                                                                                                                                                                                                                                                                                                                                                                                                                                                                                                                                                                                                                                                                                                          , https://image.tmdb.org/t/p/w500/cjt3b411rNWiGOGj0TjNifglcDh.jpg                                              ,                                                                    , https://youtu.be/cFIYBKjjYRY?si=cEuQO1CUItGiqJOc,         2026,      0,            ,                                                                                         , "[""Ankit Bhardwaj"",""Zeenat Aman"",""Shilpa Shinde"",""Pallavi Joshi"",""Suchitra Krishnamoorthi""]"                                                                                                             , "[""Drama"",""Mystery""]"                                                       , active, false   , false   , false  , true       , false       ,           0,             0, 2026-06-14 05:59:51.167307+00, 2026-08-01 12:17:01.170013+00, false    ,        999,  325316,         , false        , []            ,                                                                     , []
90f200ca-ad34-4392-a8dc-f6d9fc7696e1, Panchayat                               , panchayat-2020                              , "Panchayat is a comedy-drama, which captures the journey of an engineering graduate Abhishek, who for lack of a better job option joins as secretary of a panchayat office in a remote village of Uttar Pradesh. Stuck between crazy villagers and a difficult village lifestyle Abhishek starts his job with the sole motivation of getting out of there as soon as possible, for which he even prepares for CAT."                                                                                                                                                                                                                                                                                                                                                                                                                                                                                                                                           , https://image.tmdb.org/t/p/w500/cPPhduQk1eX0MAE2JDaQRh3UZB5.jpg                                              , https://image.tmdb.org/t/p/original/iZ8EtGAqKWZdRJPzWfFseNfVxjh.jpg, https://www.youtube.com/watch?v=AHMEtNAZTP4     ,         2020,      0,       9    , "Chandan Kumar, Deepak Kumar Mishra, Arunabh Kumar, Akshat Vijaywargiya, Adarsh Kushwah", "[""Jitendra Kumar"",""Raghubir Yadav"",""Neena Gupta"",""Chandan Roy"",""Faisal Malik"",""Sanvikaa"",""Durgesh Kumar"",""Ashok Pathak"",""Sunita Rajwar""]"                                                       , "[""Comedy"",""Drama""]"                                                        , active, false   , true    , false  , false      , false       ,           0,             0, 2026-01-20 20:44:19.383853+00, 2026-08-01 12:17:01.170013+00, false    ,        999,  101352, hi      , false        , "[""en""]"    , Language: Hindi DD5.1 / ESubs                                       , []
92d7266b-0364-4431-be90-1883b338822e, Steal                                   , steal-2026                                  , "A typical day at Lochmill Capital is upended when armed thieves burst in and force Zara and her best friend Luke to execute their demands. In the aftermath, conflicted detective Rhys races against time to find out who stole £4 billion pounds of people's pensions and why."                                                                                                                                                                                                                                                                                                                                                                                                                                                                                                                                                                                                                                                                             , https://image.tmdb.org/t/p/w500/6KmlaPhsohh3Ki9XJUq0jiUYbf3.jpg                                              , https://image.tmdb.org/t/p/original/tSFndbpoEctuYviiSRJHjyC31V9.jpg, https://www.youtube.com/watch?v=8rMfMzNAJaM     ,         2026,      0,       3.9  ,                                                                                         , "[""Sophie Turner"",""Archie Madekwe"",""Jacob Fortune-Lloyd"",""Andrew Howard"",""Jonathan Slinger""]"                                                                                                            , "[""Drama"",""Crime""]"                                                         , active, false   , true    , false  , true       , false       ,           0,             0, 2026-01-21 22:12:18.517063+00, 2026-08-01 12:17:01.170013+00, false    ,        999,  254071, en      , true         , "[""en""]"    , Language: Dual Audio [Hindi (DD5.1) + English] / ESubs              , []
941105b5-4bf6-4ff7-8866-1e50b242befe, Psycho Saiyaan                          , psycho-saiyaan-2026                         , "Kartik Pandey, a poetic student in Ujjain, becomes obsessed with Charu, convinced she is his destiny. When she disappears, he learns she’s trapped by ruthless gangster-politician Huntry Chauhan. Infiltrating Huntry’s haveli, Kartik enters a violent world of manipulation where love turns toxic, obsession deepens, and sanity blurs into madness."                                                                                                                                                                                                                                                                                                                                                                                                                                                                                                                                                                                                    , https://image.tmdb.org/t/p/w500/xW8UKl010jOVFmqYhcYDl7neTue.jpg                                              , https://image.tmdb.org/t/p/original/q1lBzlEPpG2Q3CtFIoHEvQv0Zee.jpg, https://www.youtube.com/watch?v=TMj_8U1BTqE     ,         2026,      0,       4.4  ,                                                                                         , "[""Ravi Kishan"",""Tejasswi Prakash"",""Anud Singh Dhaka"",""Srishti Shrivastava"",""Vaarun Bhagat"",""Ashwini Kalsekar"",""Surbhi Chandna""]"                                                                    , "[""Drama""]"                                                                   , active, false   , false   , false  , true       , false       ,           0,             0, 2026-03-03 22:32:38.600783+00, 2026-08-01 12:17:01.170013+00, false    ,        999,  315008, hi      , false        , "[""en""]"    , Language: Hindi DD5.1 / ESubs                                       , []
9460bb80-66f8-4588-97ad-5c988f294175, Musafir Cafe                            , musafir-cafe-2026                           , "Chander feels an undeniable connection with Sudha. Years later, he builds a new life in the hills with Preeti, but memories of the past linger."                                                                                                                                                                                                                                                                                                                                                                                                                                                                                                                                                                                                                                                                                                                                                                                                             , https://image.tmdb.org/t/p/w500/1SbKjtoRKIpVQG5iYnumnfQIqhd.jpg                                              , https://image.tmdb.org/t/p/original/mQFlpu6IH7dRIjLYZbflzn4H6uV.jpg, https://www.youtube.com/watch?v=CY603P-PeQQ     ,         2026,      0,            , Sharanya Rajgopal                                                                       , "[""Vikrant Massey"",""Vedika Pinto"",""Mahima Makwana"",""Adil Hussain"",""Rajeev Siddhartha"",""Anubha Fatehpuria"",""Loveleen Mishra"",""Sadiya Siddiqui""]"                                                    , "[""Drama""]"                                                                   , active, false   , false   , false  , true       , false       ,           1,             0, 2026-07-25 13:43:01.325045+00, 2026-08-01 22:44:18.881684+00, false    ,        999,  313101, hi      , true         , "[""en""]"    , Language: Hindi DD5.1 / ESubs                                       , "[""netflix""]"
952ff658-0fb5-49bc-a9ba-c02c6b6ee1ad, HIS & HERS                              , his-hers-2026                               , "Two estranged spouses — one a detective, the other a news reporter — vie to solve a murder in which each believes the other is a prime suspect."                                                                                                                                                                                                                                                                                                                                                                                                                                                                                                                                                                                                                                                                                                                                                                                                             , https://image.tmdb.org/t/p/w500/cDSXLVQLkCSBIpBx3UW04TsfZ5c.jpg                                              , https://image.tmdb.org/t/p/original/n4hJLZmBG8kZccNn7bNgBDsVQ6a.jpg, https://www.youtube.com/watch?v=8_szlvBLll0     ,         2026,      0,       2.6  , William Oldroyd                                                                         , "[""Tessa Thompson"",""Jon Bernthal"",""Pablo Schreiber"",""Crystal R. Fox"",""Sunita Mani"",""Poppy Liu""]"                                                                                                       , "[""Mystery"",""Crime"",""Drama""]"                                             , active, false   , false   , false  , true       , false       ,           0,             0, 2026-01-11 03:32:03.130599+00, 2026-08-01 12:17:01.170013+00, false    ,        999,  259731, en      , true         , "[""en""]"    , Language: Dual Audio [Hindi (DD5.1) + English] / ESubs              , []
98472ff1-4f89-4c81-a82d-5ceb3c0dd49b, Secret Stories: Roslin                  , secret-stories-roslin-2026                  , "A 17-year-old girl is plagued by nightmares of a green-eyed stalker, pulling her into a spiral of fear and despair."                                                                                                                                                                                                                                                                                                                                                                                                                                                                                                                                                                                                                                                                                                                                                                                                                                         , https://image.tmdb.org/t/p/w500/pgVtjCdC5aBADQswOGx7BnTbjgH.jpg                                              , https://image.tmdb.org/t/p/original/6MtLPgtYbXjrUwSgReJ4wEpnjIJ.jpg, https://www.youtube.com/watch?v=RfuPyXjC5_A     ,         2026,      0,       7    ,                                                                                         , "[""Sanjana Dipu"",""Meena"",""Vineeth Radhakrishnan"",""Sija Rose"",""Hakkim Shajahan"",""Nala Nabhan"",""T G Ravi"",""Shankar Ramakrishnan"",""Anishma Anilkumar"",""Sreeja Das""]"                              , "[""Mystery"",""Drama""]"                                                       , active, false   , false   , false  , true       , false       ,           0,             0, 2026-03-03 22:31:24.256297+00, 2026-08-01 12:17:01.170013+00, false    ,        999,  307900, ml      , true         , "[""en""]"    , Language: Dual Audio [Hindi (DD5.1) + Malayalam] / ESubs            , []
9867e5ff-f25b-4754-ac2e-c05eff7f6e84, Search: The Naina Murder Case           , search-the-naina-murder-case-2025           , "A veteran cop gets mired in a high-profile murder case when a girl is found dead in a politician's car. With multiple suspects, how will she unmask the killer?"                                                                                                                                                                                                                                                                                                                                                                                                                                                                                                                                                                                                                                                                                                                                                                                             , https://image.tmdb.org/t/p/w500/dsYE7oJoJ9sz93uXbAVHAuynre4.jpg                                              , https://image.tmdb.org/t/p/original/184cHTdiUXpf8VWUC2ipTygJfhc.jpg, https://youtu.be/hHVRer1c-Ck?si=lqFPgtV1V8IF-zJl,         2025,      0,            ,                                                                                         , "[""Konkona Sen Sharma"",""Surya Sharma"",""Shiv Panditt"",""Dhruv Sehgal"",""Shraddha Das"",""Chaandsi Kataria"",""Sagar Deshmukh"",""Iravati Harshe"",""Varun Thakur"",""Mukul Chadda""]"                        , "[""Crime"",""Mystery""]"                                                       , active, false   , false   , false  , true       , false       ,           0,             0, 2025-11-13 19:12:10.60684+00 , 2026-08-01 12:17:01.170013+00, false    ,        999,  301586, hi      , false        , "[""en""]"    , Language: Hindi DD5.1 / ESubs                                       , []
9bb2b683-55ff-4154-97fa-33fe11d1240e, Crap Happens                            , crap-happens-2026                           , Rapper Toni returns to his hometown for his mother's funeral and suddenly finds himself juggling career dreams and surprise fatherhood to a teenage son.                                                                                                                                                                                                                                                                                                                                                                                                                                                                                                                                                                                                                                                                                                                                                                                                      , https://image.tmdb.org/t/p/w500/9AG5nhecHFpFShhhaHEUEnjNrgW.jpg                                              , https://image.tmdb.org/t/p/original/rTTEaQ54i6zUSDGnVyuNbvu86wf.jpg, https://www.youtube.com/watch?v=3fvQ0fDzDNQ     ,         2026,      0,       6.2  , "Dimitrij Schaad, Alex Schaad"                                                          , "[""Anton Schneider"",""Dimitrij Schaad"",""Jella Haase"",""Jördis Triebel"",""Sophia Münster"",""Jana Münster"",""Marc Hosemann"",""Sherine Ciara Merai"",""Amadeo Leo Arndt""]"                                  , "[""Comedy""]"                                                                  , active, false   , false   , false  , true       , false       ,           0,             0, 2026-03-03 22:30:50.750039+00, 2026-08-01 12:17:01.170013+00, false    ,        999,  276083, hi      , true         , "[""en""]"    , Language: Hindi DD5.1 / ESubs                                       , []
9c543037-e915-491d-b424-614e4ff7ae94, Bait                                    , bait-2026                                   , "Shah Latif is a struggling actor on the cusp of landing the role of a lifetime, only to find himself thrust into a full blown existential crisis and trippy conspiracy thriller all at the same time."                                                                                                                                                                                                                                                                                                                                                                                                                                                                                                                                                                                                                                                                                                                                                       , https://image.tmdb.org/t/p/w500/gX9zWmUnrjCZEPpultvvFtSUb93.jpg                                              , https://image.tmdb.org/t/p/original/mS3UmjkstpfMknQ6KCV8nHPqXxC.jpg, https://www.youtube.com/watch?v=FpAhwL91HyA     ,         2026,      0,            , Riz Ahmed                                                                               , "[""Riz Ahmed"",""Guz Khan"",""Sheeba Chaddha"",""Aasiya Shah"",""Sajid Hasan"",""Weruche Opia""]"                                                                                                                 , "[""Comedy""]"                                                                  , active, false   , false   , false  , true       , false       ,           0,             0, 2026-03-25 21:59:34.242048+00, 2026-08-01 12:17:01.170013+00, false    ,        999,  257519, en      , true         , "[""en""]"    , Language: Dual Audio [Hindi (DD5.1) & English] / ESubs              , []
9d6883e5-1bee-43c4-a187-441381d6f8ff, Bada Naam Karenge                       , bada-naam-karenge-2025                      , "Rishabh and Surbhi, two young individuals, find themselves at the crossroads of an arranged marriage. The story unfolds in two timelines: one in Mumbai, in the past, and another in Madhya Pradesh, where their families meet. In Mumbai, they find themselves alone in his room due to the lockdown, creating a pivotal moment in their relationship. In the present, Rishabh is hesitant to reveal his past with Surbhi to their families, his being a much more traditional one, fearing disapproval."                                                                                                                                                                                                                                                                                                                                                                                                                                                   , https://image.tmdb.org/t/p/w500/ldO5HuJC3pUMOJRtGyG50KEF4YU.jpg                                              , https://image.tmdb.org/t/p/original/9vvPICAl7LsEMpCtOzkKuE7f2ip.jpg, https://www.youtube.com/watch?v=LOtRVHv41gc     ,         2025,      0,       3.8  , Sooraj Barjatya                                                                         , "[""Ritik Ghanshani"",""Ayesha Kaduskar"",""Kanwaljit Singh"",""Alka Amin"",""Jameel Khan"",""Deepika Amin"",""Rajesh Tailang"",""Anjana Sukhani"",""Rajesh Jais"",""Chaitrali Gupte""]"                           , "[""Drama"",""Family""]"                                                        , active, false   , false   , false  , true       , false       ,           0,             0, 2025-11-15 14:57:49.652445+00, 2026-08-01 12:17:01.170013+00, false    ,        999,  280889, hi      , false        , "[""en""]"    , Language: Hindi [DD5.1] / ESubs                                     , []
9e1d477b-14fb-451d-be56-505eda455de3, Absolute Value of Romance               , absolute-value-of-romance-2026              , "A quiet student by day, a romance novelist by night, Eui-ju is inspired when four gorgeous teachers appear: icy Woo-su, lively Da-ju, gruff Gi-jeon, and gentle Dong-ju. She writes them into her new novel, which blows up overnight! But her secret is discovered by Woo-su, her worst enemy since day one. She accepts his deal to protect her secret, but can she finish this novel unscathed?"                                                                                                                                                                                                                                                                                                                                                                                                                                                                                                                                                          , https://image.tmdb.org/t/p/w500/wY4rhPE90jJ4bp1JZOFY0MeRJQX.jpg                                              , https://image.tmdb.org/t/p/original/sWgf0zfmjKiwXl5ND2b9apkChkV.jpg, https://www.youtube.com/watch?v=XzqfAg0ZNHg     ,         2026,      0,       4.2  , Lee Min-joo                                                                             , "[""Kim Hyang-gi"",""Cha Hak-yeon"",""Kim Jae-hyun"",""Demian"",""Kim Dong-kyu""]"                                                                                                                                 , "[""Drama"",""Comedy""]"                                                        , active, false   , true    , false  , true       , false       ,           0,             0, 2026-04-25 10:10:25.281335+00, 2026-08-01 12:17:01.170013+00, false    ,        999,  314784, en      , true         , "[""en""]"    , Language: Dual Audio [Hindi (DD2.0) & English] / ESubs              , []
9eca62bc-2bef-417a-930e-97631910eb97, Thukra Ke Mera Pyaar                    , thukra-ke-mera-pyaar-2024                   , Two families clash over societal and caste differences spurring a saga of revenge. All this happens when a love story goes wrong.                                                                                                                                                                                                                                                                                                                                                                                                                                                                                                                                                                                                                                                                                                                                                                                                                             , https://image.tmdb.org/t/p/w500/AnWyFmAGQaUdi1kISvXqy20HHoR.jpg                                              , https://image.tmdb.org/t/p/original/mKXSi5t9CKy0jDEWcGTuJnapu07.jpg, https://www.youtube.com/watch?v=RXpR3cfcnSc     ,         2024,      0,       3    , Sachin Pandey                                                                           , "[""Dhaval Thakur"",""Sanchita Bashu"",""Sushil Pandey""]"                                                                                                                                                         , "[""Drama""]"                                                                   , active, false   , false   , false  , false      , false       ,           8,             0, 2026-06-19 06:55:15.808591+00, 2026-08-09 10:52:55.435922+00, false    ,        999,  276609, hi      , false        , "[""en""]"    , Language: Hindi DD5.1 / ESubs                                       , "[""jiohotstar""]"
9f377176-5455-451f-958e-b8b522ed7f9f, Breaking Bad                            , breaking-bad-2008                           , A high school chemistry teacher diagnosed with inoperable lung cancer turns to manufacturing and selling methamphetamine in order to secure his family's future.                                                                                                                                                                                                                                                                                                                                                                                                                                                                                                                                                                                                                                                                                                                                                                                              , https://wallpapercave.com/wp/wp6794284.png                                                                   ,                                                                    , https://youtu.be/BZW_aDDP28k?si=9H4yKmoA9LlMopby,         2008,      0,       9.5  , "Vince Gilligan "                                                                       , "[""Bryan Cranston"",""Aaron Paul"",""Anna Gunn"",""Dean Norris""]"                                                                                                                                                , "[""Dark comedy"",""Crime"",""Drama"",""Crime film"",""Suspense"",""Thriller""]", active, false   , false   , false  , true       , false       ,           0,             0, 2025-10-07 21:25:10.249226+00, 2026-08-01 12:17:01.170013+00, false    ,        999,    1396, hi      , true         , "[""en""]"    , Language: Hindi (ORG TV 2.0) + English 5.1 / ESubs                  , []
9fdfe89a-5ace-4ce7-ad6a-b610c16d1af8, Undekhi                                 , undekhi-2020                                , "Show depicts the two aspects of the society - the power-drunk influential people who think they can get away with anything and the oppressed, subjected to years of torture, who finally decide to bring themselves to justice"                                                                                                                                                                                                                                                                                                                                                                                                                                                                                                                                                                                                                                                                                                                              , https://image.tmdb.org/t/p/w500/mzm5gUiv1oRkpLy7f3aFkDIFbbP.jpg                                              , https://image.tmdb.org/t/p/original/8Oe8yZqR20AThApCxWvTsRwIa9d.jpg, https://www.youtube.com/watch?v=hyJQPjbsIs8     ,         2020,      0,       7.9  , Siddharth Sengupta                                                                      , "[""Surya Sharma"",""Ankur Rathee"",""Ayn Zoya"",""Vaarun Bhagat"",""Harsh Chhaya"",""Dibyendu Bhattacharya"",""Anchal Singh"",""Shivangi Singh"",""Meenakshi Sethi"",""Varun Badola""]"                           , "[""Crime"",""Drama""]"                                                         , active, false   , true    , false  , false      , false       ,           0,             0, 2026-05-11 11:02:38.936292+00, 2026-08-01 12:17:01.170013+00, false    ,        999,  105759, hi      , false        , "[""en""]"    , Language: Hindi DD5.1 / ESubs                                       , []
9ffc366f-fa6f-4e1d-be04-20effd6fe78e, Brown                                   , brown-2026                                  , "Brown is a recovering alcoholic, who works for Kolkata Police and has to investigate the murder of a young woman from a well-known family."                                                                                                                                                                                                                                                                                                                                                                                                                                                                                                                                                                                                                                                                                                                                                                                                                  , https://image.tmdb.org/t/p/w500/nE56qEFNNTMtnsx4jcGD9pikZCs.jpg                                              , https://image.tmdb.org/t/p/original/2ACQpK11dYsmwtqJRAJ9IrEyeKe.jpg, https://www.youtube.com/watch?v=prdjv5IWPWY     ,         2026,      0,            , Abhinay Deo                                                                             , "[""Karisma Kapoor"",""Helen"",""Soni Razdan"",""Surya Sharma"",""K.K. Raina"",""Jisshu Sengupta""]"                                                                                                               , "[""Crime"",""Drama"",""Thriller""]"                                            , active, false   , false   , false  , true       , false       ,           0,             0, 2026-06-07 08:57:45.11448+00 , 2026-08-01 12:17:01.170013+00, false    ,        999,  226560, hi      , false        , []            , Language: Hindi (DD5.1) / ESubs                                     , []
a19bb686-e4d7-491d-968c-3c930462fb43, Single Papa                             , single-papa-2025                            , "When Gaurav finds a baby in the back of his car, he must defy his eccentric family, the adoption agency and societal norms to become a single papa."                                                                                                                                                                                                                                                                                                                                                                                                                                                                                                                                                                                                                                                                                                                                                                                                         , https://image.tmdb.org/t/p/w500/lZoeUMY9p0uza3aAhtnFxoiksO4.jpg                                              , https://image.tmdb.org/t/p/original/gnOvCMpd2NTl99zTF3rAndq9RY0.jpg, https://www.youtube.com/watch?v=9f_T48dAUgQ     ,         2025,      0,       4.2  , "Neeraj Udhwani, Ishita Moitra"                                                         , "[""Kunal Khemu"",""Neha Dhupia"",""Manoj Pahwa"",""Prajakta Koli"",""Ayesha Raza Mishra"",""Hami Ali"",""Suhail Nayyar"",""Ankur Rathee"",""Isha Talwar"",""Dayanand Shetty""]"                                   , "[""Comedy"",""Drama""]"                                                        , active, false   , true    , false  , true       , false       ,           0,             0, 2025-12-30 02:18:45.408454+00, 2026-08-01 12:17:01.170013+00, false    ,        999,  292625, hi      , false        , "[""en""]"    , Language: Hindi DD5.1 / ESubs                                       , []
a44e4c25-ae19-442c-94e8-47b4246121f8, The Traitors                            , the-traitors-2025                           , "Welcome to The Traitors — a ruthless reality show hosted by the enigmatic Karan Johar. Here 20 players will openly betray each other in daily eliminations to compete for a grand prize . Hidden amongst the innocent players are the traitors who are out to murder each night. In this ruthless game, trust is rare and betrayal everywhere."                                                                                                                                                                                                                                                                                                                                                                                                                                                                                                                                                                                                              , https://image.tmdb.org/t/p/w500/82gKEb78UPkYAMjXLSswwVzpCbI.jpg                                              , https://image.tmdb.org/t/p/original/tGw6Zer4V71TnzMHbjgbIxQWzNB.jpg, https://www.youtube.com/watch?v=3XYFVSRLbpg     ,         2025,      0,       5.7  ,                                                                                         , "[""Karan Johar""]"                                                                                                                                                                                                , "[""Reality""]"                                                                 , active, false   , false   , false  , false      , false       ,           0,             0, 2026-08-13 14:11:26.539977+00, 2026-08-13 14:11:26.539977+00, false    ,        999,  271489, hi      , true         , "[""en""]"    , Language: Hindi DD5.1 / ESubs                                       , "[""amazon-prime""]"
a4d7688c-c39d-495f-a95b-9af0c79a853e, Lukkhe                                  , lukkhe-2026                                 , "A young sportsman infiltrates the wild and dangerous world of Punjab's rap music to investigate a drug syndicate, only to find himself torn between love, family, guilt and brotherhood."                                                                                                                                                                                                                                                                                                                                                                                                                                                                                                                                                                                                                                                                                                                                                                    , https://image.tmdb.org/t/p/w500/w8GLkht5ceCi7KQ3AMD77mzkxBc.jpg                                              , https://image.tmdb.org/t/p/original/pFeiXJBy1NIDXck3nLyC58Rnmrs.jpg,                                                 ,         2026,      0,            , "Agrim Joshi, Debojit Das Purkayastha"                                                  , "[""Raashii Khanna"",""Palak Tiwari"",""Lakshvir Saran"",""Shivankit Singh Parihar"",""Nakul Roshan Sandev"",""Kritika Bhardwaj"",""Yograj Singh"",""Ayesha Raza Mishra""]"                                        , "[""Drama""]"                                                                   , active, false   , false   , false  , true       , false       ,           0,             0, 2026-05-10 13:08:47.612903+00, 2026-08-01 12:17:01.170013+00, false    ,        999,  316958, hi      , false        , "[""en""]"    , Language: Hindi DD5.1 / ESubs                                       , []
a80c60e7-50bc-4441-9674-ba8c498042b8, Bigg Boss OTT                           , bigg-boss-ott-2021                          , "Sass aur Sazish, Drama aur Romance... itna over the top ke TV pe ban ho jayega! Karan Johar flags off the first-ever, the digital-only season of Bigg Boss with the bigg promise of gossip, controversies & uncensored drama. And let's just say... he's going to take it ALL #OverTheTop!"                                                                                                                                                                                                                                                                                                                                                                                                                                                                                                                                                                                                                                                                  , https://image.tmdb.org/t/p/w500/ev0pJtwCG0oeaQHSO2VToMEPyne.jpg                                              , https://image.tmdb.org/t/p/original/1Oh6jcDYkjtndtgWw58Afh3qyEt.jpg, https://www.youtube.com/watch?v=0wd26QIjPAo     ,         2021,      0,       3.2  , "Karan Johar, Salman Khan, Anil Kapoor"                                                 , "[""Anil Kapoor"",""Chandrika Dixit Gera"",""Ranvir Shorey"",""Shivani Kumari"",""Sana Makbul"",""Love Kataria"",""Vishal Pandey"",""Sana Sultaan"",""Neeraj Goyat"",""Deepak Chaurasia""]"                        , "[""Reality""]"                                                                 , active, false   , false   , false  , false      , false       ,           0,             0, 2026-09-12 16:50:45.246337+00, 2026-09-13 23:18:38.99562+00 , false    ,        999,  130780, hi      , false        , []            ,                                                                     , []
aa165d1d-353d-44be-b5bc-35efa61cf14e, Pritam and Pedro                        , pritam-and-pedro-2026                       , "The dynamic between the two contrasting personalities, a seasoned cop who prefers old-school methods and a tech-savvy cop who relies on modern technology for investigations, as they navigate their partnership in solving crimes."                                                                                                                                                                                                                                                                                                                                                                                                                                                                                                                                                                                                                                                                                                                         , https://image.tmdb.org/t/p/w500/ajkBXNt5tcNsc0cVpTSZW24oyUg.jpg                                              , https://image.tmdb.org/t/p/original/eAXSlqAJwpdsZ59G10lao9OJ4SG.jpg, https://www.youtube.com/watch?v=JU_9IrpJyMo     ,         2026,      0,       8.5  , Rajkumar Hirani                                                                         , "[""Arshad Warsi"",""Vir Hirani"",""Vikrant Massey"",""Shruti Marathe"",""Satyadeep Misra""]"                                                                                                                      , "[""Crime"",""Drama"",""Mystery"",""Comedy""]"                                  , active, false   , false   , false  , true       , false       ,           0,             0, 2026-07-04 19:50:22.502913+00, 2026-08-01 12:17:01.170013+00, false    ,        999,  243206, hi      , false        , "[""en""]"    , Language: Hindi DD5.1 / ESubs                                       , "[""jiohotstar""]"
aa49d57c-083f-4b95-9cc7-50fa652677ed, Young Sherlock                          , young-sherlock-2026                         , "Sherlock Holmes is a disgraced young man, raw and unfiltered, when he finds himself wrapped up in a murder case that threatens his liberty. His first ever case unravels a globe-trotting conspiracy that changes his life forever."                                                                                                                                                                                                                                                                                                                                                                                                                                                                                                                                                                                                                                                                                                                         , https://image.tmdb.org/t/p/w500/BMBWTgvL41sOYtfkmXen6nm9mG.jpg                                               , https://image.tmdb.org/t/p/original/8mmDLb108DoFZlE8sfc64TRqLvm.jpg, https://www.youtube.com/watch?v=rXMrTALO2ME     ,         2026,      0,       7.5  , Matthew Parkhill                                                                        , "[""Hero Fiennes Tiffin"",""Dónal Finn"",""Zine Tseng"",""Joseph Fiennes"",""Natascha McElhone"",""Max Irons"",""Colin Firth""]"                                                                                   , "[""Action & Adventure"",""Mystery""]"                                          , active, false   , true    , false  , true       , false       ,           0,             0, 2026-03-06 13:18:17.700202+00, 2026-08-01 12:17:01.170013+00, false    ,        999,  255661, en      , true         , "[""en""]"    , Language: Dual Audio [Hindi (DD5.1) + English] / ESubs              , []
aaa65bdd-374f-4199-9299-53e886026431, Sacred Games                            , sacred-games-2018                           , "A link in their pasts leads an honest cop to a fugitive gang boss, whose cryptic warning spurs the officer on a quest to save Mumbai from cataclysm."                                                                                                                                                                                                                                                                                                                                                                                                                                                                                                                                                                                                                                                                                                                                                                                                        , https://image.tmdb.org/t/p/w500/uEbNtFbK4At9WBDGap23lt1qO9n.jpg                                              , https://image.tmdb.org/t/p/original/qtac9X9lSLqZFbxS71347N8MiID.jpg, https://www.youtube.com/watch?v=w-Xe8gLBc5I     ,         2018,      0,       3.9  , Vikramaditya Motwane                                                                    , "[""Saif Ali Khan"",""Nawazuddin Siddiqui"",""Pankaj Tripathi"",""Kalki Koechlin"",""Chittaranjan Tripathy""]"                                                                                                     , "[""Drama"",""Crime"",""Action & Adventure""]"                                  , active, false   , false   , false  , false      , false       ,           1,             0, 2026-08-04 17:56:22.509076+00, 2026-08-06 19:04:36.209832+00, false    ,        999,   79352,         , false        , []            ,                                                                     , []
ac229184-40c3-474c-9ae4-9031a53ddb24, The Great Indian Kapil Show             , the-great-indian-kapil-show-2024            , "Comedian Kapil Sharma hosts this laugh-out-loud variety talk show with celebrity guests, hilarious antics and his signature supporting cast."                                                                                                                                                                                                                                                                                                                                                                                                                                                                                                                                                                                                                                                                                                                                                                                                                , https://image.tmdb.org/t/p/w500/3KMCmGDlYLlJ8zGOhCs6f3FZcnj.jpg                                              , https://image.tmdb.org/t/p/original/w8L2oVjsSRZdZ1Wcszot9cKZMRO.jpg, https://www.youtube.com/watch?v=bftjfqS3v6k     ,         2024,      0,       4    , Kapil Sharma                                                                            , "[""Kapil Sharma"",""Sunil Grover"",""Krishna Abhishek"",""Kiku Sharda"",""Archana Puran Singh"",""Navjot Singh Sidhu""]"                                                                                          , "[""Talk"",""Comedy""]"                                                         , active, false   , true    , false  , false      , false       ,           0,             0, 2025-12-30 02:39:15.594598+00, 2026-08-01 12:17:01.170013+00, false    ,        999,  247769, hi      , false        , "[""en""]"    , Language: Hindi DD5.1 / ESubs                                       , []
ace92904-adb4-454f-ada2-e5ac2469afb3, Little House on the Prairie             , little-house-on-the-prairie-2026            , "The close-knit Ingalls family builds a new life on the Western frontier, where the joys of nature and the struggle for survival are deeply intertwined."                                                                                                                                                                                                                                                                                                                                                                                                                                                                                                                                                                                                                                                                                                                                                                                                     , https://image.tmdb.org/t/p/w500/oWUGSadxC9vQPOCeHDDVfDezmQC.jpg                                              , https://image.tmdb.org/t/p/original/fBieUo3SdItUrXZE16YxbpjwXIe.jpg, https://www.youtube.com/watch?v=jSds4Oi83Eg     ,         2026,      0,       2.6  , Rebecca Sonnenshine                                                                     , "[""Luke Bracey"",""Crosby Fitzgerald"",""Alice Halsey"",""Skywalker Hughes"",""Warren Christie"",""Jocko Sims"",""Meegwun Fairbrother"",""Alyssa Wapanatâhk"",""Wren Zhawenim Gotts""]"                           , "[""Drama"",""Western"",""Family""]"                                            , active, false   , false   , false  , true       , false       ,           0,             0, 2026-07-11 20:18:55.695192+00, 2026-08-01 12:17:01.170013+00, false    ,        999,  283304,         , false        , []            ,                                                                     , []
af0a6fc8-5ed9-4238-8f2e-8e3ce81ef741, The Witness                             , the-witness-2026                            , "With their 2-year-old as the sole witness to her murder, Rachel Nickell's partner fights to protect him amid a flawed investigation."                                                                                                                                                                                                                                                                                                                                                                                                                                                                                                                                                                                                                                                                                                                                                                                                                        , https://image.tmdb.org/t/p/w500/eNIfjYji9m29Xyj4KVDiUy2UmMa.jpg                                              , https://image.tmdb.org/t/p/original/fvcTpx2JFHzPTv5gf6ytlXhZXFQ.jpg, https://www.youtube.com/watch?v=3iKFLt9gjAU     ,         2026,      0,      10    , Rob Williams                                                                            , "[""Jordan Bolger"",""Max Fincham"",""Neil Maskell"",""Kevin Eldon"",""Kerry Godliman"",""Jon Pointing"",""James Dryden"",""Mark Stanley"",""James Bradshaw"",""Claire Rushbrook""]"                               , "[""Drama"",""Crime""]"                                                         , active, false   , false   , false  , true       , false       ,           0,             0, 2026-06-04 17:52:27.8803+00  , 2026-08-01 12:17:01.170013+00, false    ,        999,  280511, en      , false        ,               , Language: Dual Audio [Hindi (DD5.1) & English] / ESubs              , []
af168b1b-d8c9-4de1-b0a2-c74be9d1d219, EXAM                                    , exam-2026                                   , "A determined young woman with a mysterious past enters the dangerous world of the Regional Public Service Exam (RPSE) scam to expose a powerful paper-leak network. But as she digs deeper, she uncovers a corruption chain embedded deep within the education system-and must bring it down before it destroys the dreams of an entire generation."                                                                                                                                                                                                                                                                                                                                                                                                                                                                                                                                                                                                         , https://image.tmdb.org/t/p/w500/9jt62J8sfq8pFFovZhEQmxjUqhb.jpg                                              , https://image.tmdb.org/t/p/original/w8jWzyz0NiaHPhdrw9ALm1wB3e1.jpg,                                                 ,         2026,      0,            , A. Sarkunam                                                                             , "[""Dushara Vijayan"",""Aditi Balan"",""Abbas"",""Vasundhara Kashyap"",""Saravana Sakthi""]"                                                                                                                       , "[""Crime"",""Drama""]"                                                         , active, false   , false   , false  , true       , false       ,           0,             0, 2026-05-15 03:32:34.41369+00 , 2026-08-01 12:17:01.170013+00, false    ,        999,  316965, ta      , true         , "[""en""]"    , Language: Dual Audio [Hindi (DD5.1) + Tamil] / ESubs                , []
b24c6629-7baa-4b92-8a9b-d8547aa85134, FROM                                    , from-2022                                   , "Unravel the mystery of a nightmarish town in middle America that traps all those who enter. As the unwilling residents fight to keep a sense of normalcy and search for a way out, they must also survive the threats of the surrounding forest – including the terrifying creatures that come out when the sun goes down."                                                                                                                                                                                                                                                                                                                                                                                                                                                                                                                                                                                                                                  , https://image.tmdb.org/t/p/w500/pRtJagIxpfODzzb0T0NAvZSzErC.jpg                                              , https://image.tmdb.org/t/p/original/auyEi4Xho43HFvVQnd42LzqBdiV.jpg, https://www.youtube.com/watch?v=pDHqAj4eJcM     ,         2022,      0,       7.8  , John Griffin                                                                            , "[""Harold Perrineau"",""Catalina Sandino Moreno"",""Ricky He"",""David Alpay"",""Hannah Cheramy"",""Pegah Ghafoori"",""Simon Webster"",""Elizabeth Saunders"",""Avery Konrad"",""Julia Doyle""]"                  , "[""Mystery"",""Drama"",""Sci-Fi & Fantasy""]"                                  , active, false   , true    , true   , false      , false       ,           0,             0, 2026-04-20 10:05:04.798473+00, 2026-08-01 12:17:01.170013+00, false    ,        999,  124364, en      , true         , "[""en""]"    , Language: Dual Audio [Hindi (DD5.1) + English] / ESubs              , []
b27dc156-f6c5-4dc9-b90f-3113b9d231f1, The WONDERfools                         , the-wonderfools-2026                        , "A goofy group of townies stumbles into superpowers and fights rising evil as doomsday panic grows in this wild, turn-of-the-century action comedy."                                                                                                                                                                                                                                                                                                                                                                                                                                                                                                                                                                                                                                                                                                                                                                                                          , https://image.tmdb.org/t/p/w500/jj7AYkz2OLRDL1wfJmjTXyWQ5I4.jpg                                              , https://image.tmdb.org/t/p/original/810mXC0xkxXVtoKIPGGVgO9PuLh.jpg, https://www.youtube.com/watch?v=rVoc4WQVMCc     ,         2026,      0,       3.6  , "Kang Eun-kyung, Yoo In-sik, Huh Dah-joong"                                             , "[""Park Eun-bin"",""Cha Eun-woo"",""Choi Dae-hoon"",""Im Sung-jae"",""Son Hyun-joo"",""Kim Hae-sook"",""Bae Na-ra"",""Jung Yi-seo"",""Choi Yoon-ji""]"                                                            , "[""Action & Adventure"",""Comedy"",""Sci-Fi & Fantasy"",""Drama""]"            , active, false   , false   , false  , true       , false       ,           0,             0, 2026-05-16 16:46:42.692424+00, 2026-08-01 12:17:01.170013+00, false    ,        999,  259837, en      , true         , "[""en""]"    , Language: Dual Audio [Hindi (DD5.1) & English] / ESubs              , []
b3279048-970b-4055-a379-ebd04a048b45, Ab Hoga Hisaab                          , ab-hoga-hisaab-2026                         , "Recently-deported NRI Bobby's life shatters when brother Bunty vanishes. His search exposes a human-trafficking ring masked as a Canada immigration network. With Inspector Dosanjh's help, Bobby battles corruption to save his brother."                                                                                                                                                                                                                                                                                                                                                                                                                                                                                                                                                                                                                                                                                                                   , https://image.tmdb.org/t/p/w500/4QKn1CDbWnONAeBbZsyDM2mfp4k.jpg                                              , https://image.tmdb.org/t/p/original/pgClP9xgJujlJDvxf8reGJYoilW.jpg,                                                 ,         2026,      0,            ,                                                                                         , "[""Sanjay Kapoor"",""Mouni Roy"",""Shaheer Sheikh"",""Nimrit Ahluwalia"",""Avinash Mishra""]"                                                                                                                     , "[""Crime"",""Drama""]"                                                         , active, false   , false   , false  , true       , false       ,           0,             0, 2026-06-20 07:57:54.123829+00, 2026-08-01 12:17:01.170013+00, false    ,        999,  325526, hi      , true         , "[""en""]"    , Language: Hindi DD5.1 / ESubs                                       , "[""amazon-prime""]"
b398dddd-f929-4b6f-af71-38b2c44d7828, Taxi Driver                             , taxi-driver-2021                            , A former special forces soldier delivers revenge for victims of injustice while working for a secret organization that fronts as a taxi company.                                                                                                                                                                                                                                                                                                                                                                                                                                                                                                                                                                                                                                                                                                                                                                                                              , https://image.tmdb.org/t/p/w500/lghfb8beej1aH9ML8QyeSixniom.jpg                                              , https://image.tmdb.org/t/p/original/i1SyUHsi45psSH1xy9sM0in8FKJ.jpg, https://www.youtube.com/watch?v=elatd32_J9I     ,         2021,      0,       8.203, Lee Ok-gyu                                                                              , "[""Lee Je-hoon"",""Kim Eui-sung"",""Pyo Ye-jin"",""Jang Hyuk-jin"",""Bae Yu-ram"",""Seol Ji-won""]"                                                                                                               , "[""Action & Adventure"",""Crime"",""Drama""]"                                  , active, false   , false   , false  , false      , false       ,           0,             0, 2026-08-29 05:22:53.982954+00, 2026-08-29 05:22:53.982954+00, false    ,        999,  119769, ko      , false        , "[""en""]"    , Language: Dual Audio [Hindi + Korean] / ESubs                       , "[""netflix""]"
b472913f-230d-4ed9-b4e6-a87d44d84a69, Pluribus                                , pluribus-2025                               , The most miserable person on Earth must save the world from happiness.                                                                                                                                                                                                                                                                                                                                                                                                                                                                                                                                                                                                                                                                                                                                                                                                                                                                                        , https://image.tmdb.org/t/p/w500/nrM2xFUfKJJEmZzd5d7kohT2G0C.jpg                                              , https://image.tmdb.org/t/p/original/m96iaX6b4bKaD9xME9JOQghBrqC.jpg, https://www.youtube.com/watch?v=a6lzvWby9UE     ,         2025,      0,       4    , Vince Gilligan                                                                          , "[""Rhea Seehorn"",""Karolina Wydra"",""Carlos-Manuel Vesga""]"                                                                                                                                                    , "[""Drama"",""Sci-Fi & Fantasy""]"                                              , active, false   , true    , false  , false      , false       ,           0,             0, 2026-01-11 03:31:14.43987+00 , 2026-08-01 12:17:01.170013+00, false    ,        999,  225171, en      , false        , "[""en""]"    , Language: English DD5.1 / ESubs                                     , []
b56cc77b-ae85-470e-84fb-55729cd101bb, Off Campus                              , off-campus-2026                             , "Hannah Wells tutors hockey captain Garrett Graham to win over her crush. Their deal becomes real connection as they face their pasts. Friends Logan, Dean, Tucker, and Allie navigate college life and love."                                                                                                                                                                                                                                                                                                                                                                                                                                                                                                                                                                                                                                                                                                                                                , https://image.tmdb.org/t/p/w500/tcPc5ZMBO4y2BtCJMe3o2nwZb2B.jpg                                              , https://image.tmdb.org/t/p/original/3ANXZWhhcqPAh0q6nRZ979TIwxC.jpg, https://www.youtube.com/watch?v=wAozjf2frxw     ,         2026,      0,       3.9  , "Gina Fattore, Louisa Levy"                                                             , "[""Ella Bright"",""Belmont Cameli"",""Mika Abdalla"",""Stephen Kalyn"",""Antonio Cipriano"",""Jalen Thomas Brooks""]"                                                                                             , "[""Drama""]"                                                                   , active, false   , false   , false  , true       , false       ,           0,             0, 2026-05-14 08:26:20.829917+00, 2026-08-01 12:17:01.170013+00, false    ,        999,  273240, en      , true         , "[""en""]"    , Language: Dual Audio [Hindi (DD5.1) + English] / ESubs              , []
b6bc15f8-f5d9-4a94-b6a7-e7afef6231a2, Agatha Christie's Seven Dials           , agatha-christies-seven-dials-2026           , "England. 1925. At a lavish country house party, a practical joke appears to have gone horribly, murderously wrong. It will be up to the unlikeliest of sleuths - the fizzingly inquisitive Lady Eileen 'Bundle' Brent - to unravel a chilling plot that will change her life, cracking wide open the country house mystery."                                                                                                                                                                                                                                                                                                                                                                                                                                                                                                                                                                                                                                 , https://image.tmdb.org/t/p/w500/3uRQi9HDEAGSadoKee1UHoFCaU9.jpg                                              , https://image.tmdb.org/t/p/original/eVEbRtSOrczWlYnVmwM195AnX86.jpg, https://www.youtube.com/watch?v=LD16F92LHIY     ,         2026,      0,       6.4  ,                                                                                         , "[""Mia McKenna-Bruce"",""Helena Bonham Carter"",""Martin Freeman"",""Corey Mylchreest"",""Edward Bluemel"",""Nabhaan Rizwan""]"                                                                                   , "[""Drama"",""Mystery""]"                                                       , active, false   , false   , false  , true       , false       ,           0,             0, 2026-01-16 05:26:05.835568+00, 2026-08-01 12:17:01.170013+00, false    ,        999,  250505, en      , true         , "[""en""]"    , Language: Dual Audio [Hindi (DD5.1) + English] / ESubs              , []
b88d42a0-c31a-481f-858c-955078ad4cb4, Isakapatnam                             , isakapatnam-2026                            , "Set in the 1990s, in the ruthless port town of Isakapatnam, three forces collide—a woman driven by justice, a henchman torn by loyalty, and a common man hungry for revenge—each closing in on the empire built by the port’s most powerful man, Naidu."                                                                                                                                                                                                                                                                                                                                                                                                                                                                                                                                                                                                                                                                                                     , https://image.tmdb.org/t/p/w500/cs42BHvNNWw74fct04gAzijTtBQ.jpg                                              , https://image.tmdb.org/t/p/original/fmlvrILGqb9Ek6JEGD9vUUfuk62.jpg, https://www.youtube.com/watch?v=nxbQEYBGb_4     ,         2026,      0,            ,                                                                                         , "[""Aishwarya Rajesh"",""Samuthirakani"",""Sunil Varma"",""Naresh Agastya"",""Merin Philip"",""Sudhakar Komakula"",""Rajiv Kanakala"",""Mime Gopi"",""Rohini"",""Raja Chembolu""]"                                 , "[""Drama""]"                                                                   , active, false   , false   , false  , true       , false       ,           0,             0, 2026-07-03 16:15:04.657317+00, 2026-08-01 12:17:01.170013+00, false    ,        999,  316968, te      , false        , "[""en""]"    , Language: Dual Audio [Hindi + Telugu] / ESubs                       , "[""amazon-prime""]"
b8f3df02-3a79-49ec-ae89-b236118654ea, Nice to Not Meet You                    , nice-to-not-meet-you-2025                   , A hateful romance between a professional detective actor who wants to become a melodrama master and a female reporter who was demoted from a political reporter who won the Reporter of the Year award to the entertainment department.                                                                                                                                                                                                                                                                                                                                                                                                                                                                                                                                                                                                                                                                                                                       , https://image.tmdb.org/t/p/w500/h14bGZcVxYQzLoxC8KYqUVWvYfU.jpg                                              , https://image.tmdb.org/t/p/original/fc4Shbli2S1BwUgoTjvP3BIM9VX.jpg, https://youtu.be/PJ9x5jScIjo?si=dZeD9X-AgXegcy3s,         2025,      0,       3.5  , Kim Ga Ram                                                                              , "[""Lee Jung-jae"",""Lim Ji-yeon"",""Kim Ji-hoon"",""Seo Ji-hye"",""Choi Gwi-hwa"",""Kim Hyun-jin"",""Jin Ho-eun"",""Jeon Seong-woo"",""Na Young-hee"",""Jeon Su-gyeong""]"                                        , "[""Comedy"",""Drama""]"                                                        , active, false   , false   , false  , true       , false       ,           0,             0, 2025-12-30 02:42:35.945115+00, 2026-08-01 12:17:01.170013+00, false    ,        999,  285770, en      , true         , "[""en""]"    , Language: Dual Audio [Hindi (DD2.0) & English] / ESubs              , []
b95c1718-52ff-45b3-8c5f-0fa71875252a, Glory                                   , glory-2026                                  , "In a small-town boxing hub, two brothers investigate a shocking murder while navigating a troubled reunion with their father, a renowned coach."                                                                                                                                                                                                                                                                                                                                                                                                                                                                                                                                                                                                                                                                                                                                                                                                             , https://image.tmdb.org/t/p/w500/juAQ7fFQGu2n3A2gW5tfNub1cW8.jpg                                              , https://image.tmdb.org/t/p/original/o9rD068PXoATK5H5Z3W2sJ4fA60.jpg,                                                 ,         2026,      0,       7    , "Karan Anshuman, Karmanya Ahuja"                                                        , "[""Divyendu Sharma"",""Pulkit Samrat"",""Suvinder Vicky"",""Sayani Gupta"",""Ashutosh Rana"",""Jannat Zubair Rahmani"",""Sikandar Kher"",""Vishal Vashishtha"",""Kunal Thakur"",""Kashmira Pardesi""]"            , "[""Drama"",""Mystery"",""Action & Adventure""]"                                , active, false   , false   , false  , true       , false       ,           0,             0, 2026-05-01 21:00:10.9767+00  , 2026-08-01 12:17:01.170013+00, false    ,        999,  283657, hi      , false        , "[""en""]"    , Language: Hindi DD5.1 / ESubs                                       , []
ba2a2330-a21e-4ff3-afb3-2f8f4d5648f0, Every Year After                        , every-year-after-2026                       , "Six summers to fall in love. One moment to fall apart. A week to get it right. A fun, sweeping, romantic story that asks the question, what if your first love actually was your soulmate?"                                                                                                                                                                                                                                                                                                                                                                                                                                                                                                                                                                                                                                                                                                                                                                  , https://image.tmdb.org/t/p/w500/nZGf0jnSJNXLf8o7iSzzX8qxHX9.jpg                                              , https://image.tmdb.org/t/p/original/to5eI3AWbT4spz1K58mIK5HQRbD.jpg, https://www.youtube.com/watch?v=F5SpqQ8dNa8     ,         2026,      0,       7    ,                                                                                         , "[""Sadie Soverall"",""Matt Cornett"",""Aurora Perrineau"",""Abigail Cowen"",""Michael Bradway"",""Joseph Chiu"",""Elisha Cuthbert""]"                                                                             , "[""Drama""]"                                                                   , active, false   , false   , false  , true       , false       ,           0,             0, 2026-06-12 23:24:37.900439+00, 2026-08-01 12:17:01.170013+00, false    ,        999,  260592,         , false        , []            ,                                                                     , []
ba675d13-e1a9-4e4f-b9b9-b2f6df7b1e23, Avatar the Last Airbender               , avatar-the-last-airbender-2024              , A young boy known as the Avatar must master the four elemental powers to save a world at war — and fight a ruthless enemy bent on stopping him.                                                                                                                                                                                                                                                                                                                                                                                                                                                                                                                                                                                                                                                                                                                                                                                                               , https://image.tmdb.org/t/p/w500/lzZpWEaqzP0qVA5nkCc5ASbNcSy.jpg                                              , https://image.tmdb.org/t/p/original/xUB3xFMgsHgPmdWnUWkHTJ03vHa.jpg, https://www.youtube.com/watch?v=xEmlE9Ianuo     ,         2024,      0,       7.762, Albert Kim                                                                              , "[""Gordon Cormier"",""Kiawentiio"",""Ian Ousley"",""Dallas Liu"",""Miya Cech""]"                                                                                                                                  , "[""Action & Adventure"",""Drama"",""Family"",""Sci-Fi & Fantasy""]"            , active, false   , false   , false  , false      , false       ,           1,             0, 2026-06-25 17:02:08.903355+00, 2026-08-01 19:59:36.75675+00 , false    ,        999,   82452, en      , false        , "[""en""]"    , Language: English DD5.1 / ESubs                                     , "[""netflix""]"
bab05b70-bb3c-40c9-9347-7b61d6e3580e, Shark Tank India                        , shark-tank-india-2021                       , Aspiring entrepreneurs from India pitch their business models to a panel of investors and persuade them to invest money in their idea.                                                                                                                                                                                                                                                                                                                                                                                                                                                                                                                                                                                                                                                                                                                                                                                                                        , https://image.tmdb.org/t/p/w500/iGw6R4e4G07xjffVifFLSN3dEAb.jpg                                              , https://image.tmdb.org/t/p/original/tLL91JBiCCvBF7oKSN6dFR7yd8c.jpg,                                                 ,         2021,      0,       8.7  ,                                                                                         , "[""Aditya Kulshreshtha""]"                                                                                                                                                                                        , "[""Reality""]"                                                                 , active, false   , true    , false  , false      , false       ,           0,             0, 2026-01-20 20:20:11.629457+00, 2026-08-01 12:17:01.170013+00, false    ,        999,  153870, hi      , false        , "[""en""]"    , Language: Hindi DD2.0 / ESubs                                       , []
bcc7da47-7059-4aa4-b143-ebac33ee1c9c, Lost in Space                           , lost-in-space-1965                          , "The space family Robinson is sent on a five-year mission to find a new planet to colonise. The voyage is sabotaged time and again by an inept stowaway, Dr. Zachary Smith. The family's spaceship, Jupiter II, also carries a friendly robot who endures an endless stream of abuse from Dr. Smith, but is a trusted companion of young Will Robinson"                                                                                                                                                                                                                                                                                                                                                                                                                                                                                                                                                                                                       , https://image.tmdb.org/t/p/w500/f7xArCMZPBW7SoCsqsOXvc3X8Ry.jpg                                              , https://image.tmdb.org/t/p/original/upqfQF1LBPf7IRZao0sxt1BHZlx.jpg,                                                 ,         1965,      0,       3.6  , Irwin Allen                                                                             , "[""Guy Williams"",""June Lockhart"",""Mark Goddard"",""Marta Kristen"",""Angela Cartwright"",""Bill Mumy"",""Jonathan Harris"",""Dick Tufeld"",""Bob May""]"                                                      , "[""Sci-Fi & Fantasy"",""Comedy""]"                                             , active, false   , false   , false  , false      , false       ,           0,             0, 2026-09-13 18:02:10.137525+00, 2026-09-13 23:18:18.22242+00 , false    ,        999,    3051, en      , false        , []            ,                                                                     , []
bf27f0e2-53c8-4bf3-8edc-403aa03e7f51, Legends                                 , legends-2026                                , "As drugs flood the streets of '90s Britain, a team of civil servants is thrust undercover to topple the gangs behind it."                                                                                                                                                                                                                                                                                                                                                                                                                                                                                                                                                                                                                                                                                                                                                                                                                                    , https://image.tmdb.org/t/p/w500/dGienbU1xNZJcbY8i8ubJusjDwD.jpg                                              , https://image.tmdb.org/t/p/original/4CtOMphAmfHJ6cztlAYjkdStkHP.jpg, https://www.youtube.com/watch?v=VL1wuCh8IV4     ,         2026,      0,       3.4  , Neil Forsyth                                                                            , "[""Tom Burke"",""Steve Coogan"",""Tom Hughes"",""Charlotte Ritchie"",""Hayley Squires"",""Douglas Hodge"",""Aml Ameen"",""Jasmine Blackborow"",""Gerald Kyd"",""Kem Hassan""]"                                    , "[""Action & Adventure"",""Crime"",""Drama""]"                                  , active, false   , false   , false  , true       , false       ,           0,             0, 2026-05-07 14:24:14.920686+00, 2026-08-01 12:17:01.170013+00, false    ,        999,  262280, en      , true         , "[""en""]"    , Language: Dual Audio [Hindi (DD5.1) & English] / ESubs              , []
c138df82-b65d-456b-b928-623446a24774, Berlin and the Lady with an Ermine      , berlin-and-the-lady-with-an-ermine-2026     , "Hungry for a new heist, Berlin summons the gang to Seville and turns an ambitious duke into the victim of his own plan: to steal a da Vinci masterpiece."                                                                                                                                                                                                                                                                                                                                                                                                                                                                                                                                                                                                                                                                                                                                                                                                    , https://image.tmdb.org/t/p/w500/2iHu6RnNEzVixgzms1sZMCFPwKF.jpg                                              , https://image.tmdb.org/t/p/original/ntPgSYKwPg9xKO4VvLJYfInSyZa.jpg, https://www.youtube.com/watch?v=Ltrc8z4AXKo     ,         2026,      0,       6.1  , "Álex Pina, Esther Martínez Lobato"                                                     , "[""Pedro Alonso"",""Tristán Ulloa"",""Michelle Jenner"",""Joel Sánchez"",""Begoña Vargas"",""Julio Peña"",""Inma Cuesta"",""José Luis García Pérez"",""Marta Nieto""]"                                            , "[""Drama"",""Crime""]"                                                         , active, false   , false   , false  , true       , false       ,           0,             0, 2026-05-16 12:58:30.66917+00 , 2026-08-01 12:17:01.170013+00, false    ,        999,  308014, en      , true         , "[""en""]"    , Language: Dual Audio [Hindi (DD5.1) + English] / ESubs              , []
c49d7610-6377-4044-8375-84b03781d3f6, Devil May Cry                           , devil-may-cry-2025                          , "In this epic battle of good vs. evil, the lines are blurry as hell. But a devilishly handsome demon hunter could be the world's best hope for salvation."                                                                                                                                                                                                                                                                                                                                                                                                                                                                                                                                                                                                                                                                                                                                                                                                    , https://image.tmdb.org/t/p/w500/mX9tqfpjqwreONJHhap7SnSSowe.jpg                                              , https://image.tmdb.org/t/p/original/nLyXXIDMpDHvUgxchezxuhoJ4Ej.jpg, https://www.youtube.com/watch?v=OlEqHXRrcpc     ,         2025,      0,       7.4  , Adi Shankar                                                                             , "[""""]"                                                                                                                                                                                                           , "[""Animation"",""Action & Adventure"",""Sci-Fi & Fantasy""]"                   , active, false   , true    , false  , false      , false       ,           0,             0, 2026-05-13 14:30:59.349624+00, 2026-08-01 12:17:01.170013+00, false    ,        999,  235930, hi      , true         , "[""en""]"    , Language: Dual Audio [Hindi (ORG 5.1) & English] / ESubs            , []
c50acf53-b2cd-4b97-8393-f7ef222bad45, Dutton Ranch                            , dutton-ranch-2026                           , "Rip Wheeler and Beth Dutton gamble everything on a new life in South Texas, but the promise of building a future far from the ghosts of Yellowstone quickly collides with brutal new realities and a rival ranch that will stop at nothing to protect its empire."                                                                                                                                                                                                                                                                                                                                                                                                                                                                                                                                                                                                                                                                                           , https://image.tmdb.org/t/p/w500/xsiecCxd8lkcAluw0wWwbW5CwSv.jpg                                              , https://image.tmdb.org/t/p/original/wh5agdl3b7fqC7mSjsCkHx4fMAs.jpg, https://www.youtube.com/watch?v=k6cjKNZBQ1M     ,         2026,      0,       4.7  , Chad Feehan                                                                             , "[""Kelly Reilly"",""Cole Hauser"",""Finn Little"",""Juan Pablo Raba"",""Jai Courtney"",""J.R. Villarreal"",""Marc Menchaca"",""Natalie Alyn Lind"",""Ed Harris"",""Annette Bening""]"                             , "[""Western"",""Drama""]"                                                       , active, false   , true    , false  , true       , false       ,           0,             0, 2026-05-16 16:48:33.779105+00, 2026-08-01 12:17:01.170013+00, false    ,        999,  299167, en      , true         , "[""en""]"    , Language: Dual Audio [Hindi (DD2.0) & English] / ESubs              , []
c59509bd-67ad-4195-b171-687509e599bd, WWE: Unreal                             , wwe-unreal-2025                             , "From Monday Night RAW to WrestleMania, this series goes backstage with WWE Superstars and staff as they bring the company's biggest spectacles to life."                                                                                                                                                                                                                                                                                                                                                                                                                                                                                                                                                                                                                                                                                                                                                                                                     , https://image.tmdb.org/t/p/w500/4wfySL6AUTwXRCiL6tumMq9oFam.jpg                                              , https://image.tmdb.org/t/p/original/gMBrBUxPlDuCyQXBPxURl4Fbs9y.jpg, https://www.youtube.com/watch?v=FfE8LC_FVLA     ,         2025,      0,       8    , Erik Powers                                                                             , "[""""]"                                                                                                                                                                                                           , "[""Documentary""]"                                                             , active, false   , true    , false  , false      , false       ,           0,             0, 2026-01-20 20:38:46.686575+00, 2026-08-01 12:17:01.170013+00, false    ,        999,  289485, en      , true         , "[""en""]"    , Language: Dual Audio [Hindi (DD5.1) + English] / ESubs              , []
c911a97a-60a7-4438-a73f-6d37bd943105, Good Omens                              , good-omens-2019                             , "Aziraphale and Crowley, of Heaven and Hell respectively, have grown rather fond of the Earth. So it's terrible news that it's about to end. The armies of Good and Evil are amassing. The Four Horsemen are ready to ride. Everything is going according to the Divine Plan...except that someone seems to have misplaced the Antichrist. Can our heroes find him and stop Armageddon before it's too late?"                                                                                                                                                                                                                                                                                                                                                                                                                                                                                                                                                 , https://image.tmdb.org/t/p/w500/omgCpyBV5sUT8AkeIcEwdPPgKZC.jpg                                              , https://image.tmdb.org/t/p/original/4YIQAV5R2iGY8fGPNsbe77gUu4.jpg , https://www.youtube.com/watch?v=On0RbFjh8tI     ,         2019,      0,       8    , Neil Gaiman                                                                             , "[""Michael Sheen"",""David Tennant""]"                                                                                                                                                                            , "[""Sci-Fi & Fantasy"",""Comedy"",""Drama""]"                                   , active, false   , true    , false  , false      , false       ,           0,             0, 2026-05-13 14:34:25.053145+00, 2026-08-01 12:17:01.170013+00, false    ,        999,   71915, en      , true         , "[""en""]"    , Language: Dual Audio [Hindi (DD5.1) + English] / ESubs              , []
c9e4afdd-d2f4-4fad-8181-69bbc91cec9f, Dabba Cartel                            , dabba-cartel-2025                           , "When an investigation into a pharma company hits close to home, five women launch a tiffin service with a secret ingredient."                                                                                                                                                                                                                                                                                                                                                                                                                                                                                                                                                                                                                                                                                                                                                                                                                                , https://image.tmdb.org/t/p/w500/ezT0x7ZdAjrR5mFtkNjWxOFcTIB.jpg                                              , https://image.tmdb.org/t/p/original/fmb8QgBVSx1lgKHbas3FNtZ9f5S.jpg, https://youtu.be/nnBd8iWjP6g?si=VYWFo6jR7o6ZNmwf,         2025,      0,       3.4  , "Gaurav Kapur, Akanksha Seda, Vishnu Menon, Shibani Dandekar"                           , "[""Shabana Azmi"",""Sai Tamhankar"",""Jyothika"",""Nimisha Sajayan"",""Shalini Pandey"",""Anjali Anand"",""Gajraj Rao"",""Parminder Singh Kainth"",""Ainth Singh Sarminder"",""Ishan Saxena""]"                   , "[""Crime"",""Drama""]"                                                         , active, false   , false   , false  , true       , false       ,           0,             0, 2025-11-14 17:42:44.802891+00, 2026-08-01 12:17:01.170013+00, false    ,        999,  247830, hi      , false        , "[""en""]"    , Language: Hindi DD5.1 / ESubs                                       , []
cc2c296d-601c-4a3c-a0e4-406aefc229f2, Star Trek: Strange New Worlds           , star-trek-strange-new-worlds-2022           , "Follow Captain Christopher Pike, Science Officer Spock and Number One in the years before Captain Kirk boarded the U.S.S. Enterprise, as they explore new worlds around the galaxy."                                                                                                                                                                                                                                                                                                                                                                                                                                                                                                                                                                                                                                                                                                                                                                         , https://image.tmdb.org/t/p/w500/97TTJuqiSMfU0DuXx1B4NG5QNP7.jpg                                              , https://image.tmdb.org/t/p/original/fZJs6xgU9dqIg9phIXjZAZOInzy.jpg, https://www.youtube.com/watch?v=2KJz0JRcNE8     ,         2022,      0,       7.908, "Jenny Lumet, Alex Kurtzman, Akiva Goldsman"                                            , "[""Anson Mount"",""Ethan Peck"",""Jess Bush"",""Christina Chong"",""Celia Rose Gooding"",""Melissa Navia"",""Babs Olusanmokun"",""Rebecca Romijn"",""Martin Quinn""]"                                             , "[""Sci-Fi & Fantasy"",""Drama""]"                                              , active, false   , false   , false  , false      , false       ,           0,             0, 2026-08-18 22:35:12.985385+00, 2026-08-18 22:35:25.087733+00, false    ,        999,  103516, en      , false        , "[""en""]"    , Language: English DD5.1 / ESubs                                     , []
cd5c6c41-f422-4b7a-8f24-e2a6216b64ad, Lawmen: Bass Reeves                     , lawmen-bass-reeves-2023                     , "The story of Bass Reeves, the legendary lawman of the wild West, is brought to life. Reeves worked in the post-Reconstruction era as a federal peace officer in the Indian Territory, capturing over 3,000 of the most dangerous criminals without ever being wounded—and is believed to be the inspiration for The Lone Ranger."                                                                                                                                                                                                                                                                                                                                                                                                                                                                                                                                                                                                                            , https://image.tmdb.org/t/p/w500/94OpFcIZ3ZExqyJgrYafo41tZSt.jpg                                              , https://image.tmdb.org/t/p/original/KwKRSJ1bSES8hORdQQn34QwH3V.jpg , https://www.youtube.com/watch?v=x3XFsQEoJZI     ,         2023,      0,       3.5  , Chad Feehan                                                                             , "[""David Oyelowo"",""Lauren E. Banks"",""Demi Singleton"",""Forrest Goodluck"",""Barry Pepper"",""Dennis Quaid"",""Grantham Coleman"",""Donald Sutherland""]"                                                     , "[""Drama""]"                                                                   , active, false   , false   , false  , false      , false       ,           0,             0, 2026-06-02 17:14:34.993861+00, 2026-08-01 12:17:01.170013+00, false    ,        999,  157732, en      , true         , "[""en""]"    , Language: Dual Audio [Hindi (DD5.1) & English] / ESubs              , []
d14bf149-9464-488d-af10-7bd084f7c40d, Run Away                                , run-away-2026                               , A desperate father searching for his runaway daughter gets caught up in a murder case — and stumbles upon secrets which could destroy his family for good.                                                                                                                                                                                                                                                                                                                                                                                                                                                                                                                                                                                                                                                                                                                                                                                                    , https://image.tmdb.org/t/p/w500/btmvtGsVZZUvJoWGGtzPaBOGEgr.jpg                                              , https://image.tmdb.org/t/p/original/1jBYTcOuiPNJsTcfYk66bbVLSBz.jpg, https://www.youtube.com/watch?v=-qSZJD2CrQY     ,         2026,      0,       3.6  , Harlan Coben                                                                            , "[""James Nesbitt"",""Ellie de Lange"",""Minnie Driver"",""Ellie Henry"",""Adrian Greensmith"",""Ruth Jones"",""Ben Galvin"",""Vikash Bhai"",""Alfred Enoch"",""Jon Pointing""]"                                   , "[""Drama"",""Mystery""]"                                                       , active, false   , false   , false  , true       , false       ,           0,             0, 2026-01-04 21:45:47.749835+00, 2026-08-01 12:17:01.170013+00, false    ,        999,  244244, en      , true         , "[""en""]"    , Language: Dual Audio [Hindi (DD5.1) & English] / ESubs              , []
d14d36f8-8b1c-4b0e-9489-368eadbc2f68, Outer Banks                             , outer-banks-2020                            , "On a North Carolina island of haves and have-nots, John B and his tight-knit crew of friends find mystery and adventure while hunting for lost treasure."                                                                                                                                                                                                                                                                                                                                                                                                                                                                                                                                                                                                                                                                                                                                                                                                    , https://image.tmdb.org/t/p/w500/ovDgO2LPfwdVRfvScAqo9aMiIW.jpg                                               , https://image.tmdb.org/t/p/original/fjJ0aqDeDXFzmFXXJ4CF3ryB19b.jpg, https://www.youtube.com/watch?v=pfY3j-3uQhk     ,         2020,      0,       8.264, "Shannon Burke, Jonas Pate, Josh Pate"                                                  , "[""Chase Stokes"",""Madelyn Cline"",""Madison Bailey"",""Jonathan Daviss"",""Carlacia Grant"",""Drew Starkey"",""J Anthony Crane"",""Cullen Moss""]"                                                              , "[""Action & Adventure"",""Mystery""]"                                          , active, false   , false   , false  , false      , false       ,           1,             0, 2026-08-21 01:59:45.775997+00, 2026-08-22 14:51:31.369658+00, false    ,        999,  100757, en      , false        , "[""en""]"    , Language: English DD5.1 / ESubs                                     , "[""netflix""]"
d25650da-1900-4f77-9067-f7ee2474f800, The Pyramid Scheme                      , the-pyramid-scheme-2026                     , "Follows the story of Goldy, an ambitious but impatient young man, whose quest to get rich through a pyramid marketing business spirals into a rollercoaster of chaos - risking not just his future, but also the love and trust of his close-knit joint family."                                                                                                                                                                                                                                                                                                                                                                                                                                                                                                                                                                                                                                                                                             , https://image.tmdb.org/t/p/w500/b2HlK1g6DcHbcwZcT8tAvIdCLII.jpg                                              , https://image.tmdb.org/t/p/original/incoZ743CGyRRMsPZZjY8XKkZvL.jpg, https://youtu.be/D34hhcqyRMw?si=1YnuyC0kXpRA0D-a,         2026,      0,            , Shreyansh Pandey                                                                        , "[""Paramvir Singh Cheema"",""Ranvir Shorey"",""Aanjjan Srivastav"",""Shekhar Suman"",""Ashish Raghav"",""Alfia Jafry"",""Akhilendra Mishra"",""Smita Bansal"",""Indresh Malik"",""Sushant Singh""]"               , "[""Comedy"",""Drama""]"                                                        , active, false   , false   , false  , true       , false       ,           0,             0, 2026-06-07 08:22:09.062674+00, 2026-08-01 12:17:01.170013+00, false    ,        999,  317142, hi      , false        , []            , Language: Hindi DD5.1 / ESubs                                       , []
d3aee31c-f0ce-4187-add5-6b520d7449c8, The Hunting Party                       , the-hunting-party-2025                      , "A small team of investigators are assembled to track down and capture the most dangerous killers our country has ever seen, all of whom have just escaped from a top-secret prison that's not supposed to exist."                                                                                                                                                                                                                                                                                                                                                                                                                                                                                                                                                                                                                                                                                                                                            , https://image.tmdb.org/t/p/w500/mjJMOLr966Q78YUPu0pVA0ydBIP.jpg                                              , https://image.tmdb.org/t/p/original/mP3bH1RdN1yCbUxrcQbCzFtIOaR.jpg, https://www.youtube.com/watch?v=0e5CZY6qaGw     ,         2025,      0,       3.5  , JJ Bailey                                                                               , "[""Melissa Roxburgh"",""Patrick Sabongui"",""Josh McKenzie"",""Sara Alicia Garcia""]"                                                                                                                             , "[""Drama"",""Crime""]"                                                         , active, false   , false   , false  , false      , false       ,           0,             0, 2026-01-11 03:33:04.119954+00, 2026-08-01 12:17:01.170013+00, false    ,        999,  247723, en      , true         , "[""en""]"    , Language: Dual Audio [Hindi (DD2.0) & English] / ESubs              , []
d7041dfd-3492-4974-aa36-7b197f2b91bd, Teach You a Lesson                      , teach-you-a-lesson-2026                     , "When respect collapses in schools, unconventional inspectors arrive to set things right — with sharp, no-nonsense lessons you won't find in textbooks."                                                                                                                                                                                                                                                                                                                                                                                                                                                                                                                                                                                                                                                                                                                                                                                                      , https://image.tmdb.org/t/p/w500/fMECSPrTmRClSViMsXFYmiYIcWP.jpg                                              , https://image.tmdb.org/t/p/original/wsfF3ASiJODTZ9hSlHkEYqJH6oN.jpg, https://www.youtube.com/watch?v=LdezlX84py0     ,         2026,      0,       8.452, "Hong Jong-chan, Lee Nam-kyu, Kim Da-hee"                                               , "[""Kim Moo-yul"",""Lee Sung-min"",""Jin Ki-joo"",""Pyo Ji-hoon""]"                                                                                                                                                , "[""Action & Adventure"",""Drama"",""Comedy""]"                                 , active, false   , false   , false  , false      , false       ,           0,             0, 2026-06-07 09:02:34.929554+00, 2026-08-01 12:17:01.170013+00, false    ,        999,  276161, en      , false        , []            , Language: Dual Audio [Hindi (DD5.1) & English] / ESubs              , []
d7830f54-c370-4dae-be8f-b1c688bc367d, Bridgerton                              , bridgerton-2020                             , "Wealth, lust, and betrayal set in the backdrop of Regency era England, seen through the eyes of the powerful Bridgerton family."                                                                                                                                                                                                                                                                                                                                                                                                                                                                                                                                                                                                                                                                                                                                                                                                                             , https://image.tmdb.org/t/p/w500/uXTg565ahu9RwonCX1V2Hex1NU6.jpg                                              , https://image.tmdb.org/t/p/original/6umsRLI7t0ydFwCl0JNEIO0q2LH.jpg, https://www.youtube.com/watch?v=gpv7ayf_tyE     ,         2020,      0,       7.4  , Chris Van Dusen                                                                         , "[""Ruth Gemmell"",""Luke Thompson"",""Yerin Ha"",""Luke Newton"",""Nicola Coughlan"",""Hannah Dodd"",""Victor Alli"",""Claudia Jessie"",""Florence Hunt"",""Will Tilston""]"                                      , "[""Drama""]"                                                                   , active, false   , true    , false  , false      , false       ,           0,             0, 2026-01-30 01:48:02.649392+00, 2026-08-01 12:17:01.170013+00, false    ,        999,   91239, en      , true         , "[""en""]"    , Language: Dual Audio [Hindi (DD5.1) + English] / ESubs              , []
dee61461-85ff-476a-96e4-06739f167c96, Attack on Titan                         , attack-on-titan-2013                        , "100 years ago, the last remnants of humanity were forced to retreat behind the towering walls of a fortified city to escape the massive, man-eating Titans that roamed the land outside their fortress. Only the members of the Scouting Legion dared to stray beyond the safety of the walls – but even those brave warriors seldom returned alive. Those within the city clung to the illusion of a peaceful existence until the day that dream was shattered, and their slim chance at survival was reduced to one horrifying choice: kill – or be devoured!"                                                                                                                                                                                                                                                                                                                                                                                             , https://image.tmdb.org/t/p/w500/hTP1DtLGFamjfu8WqjnuQdP1n4i.jpg                                              , https://image.tmdb.org/t/p/original/rqbCbjB19amtOtFQbb3K2lgm2zv.jpg, https://www.youtube.com/watch?v=HJaUvV9Hwgs     ,         2013,      0,       9.1  ,                                                                                         , "[""Yuki Kaji"",""Yui Ishikawa"",""Marina Inoue"",""Kisho Taniyama"",""Hiro Shimono"",""Yoshimasa Hosoya"",""Takehito Koyasu"",""Ayane Sakura"",""Natsuki Hanae""]"                                                , "[""Animation"",""Sci-Fi & Fantasy"",""Action & Adventure""]"                   , active, false   , true    , false  , false      , false       ,           0,             0, 2026-03-03 22:05:24.644478+00, 2026-08-01 12:17:01.170013+00, false    ,        999,    1429, hi      , true         , "[""en""]"    , Language: Hindi (ORG 2.0) + English 2.0 / ESubs                     , []
def0634a-1ee7-475a-8896-63acd8d19234, I Will Find You                         , i-will-find-you-2026                        , "Wrongfully imprisoned for murdering his own son, a father sets out on a desperate rescue mission after learning the boy may still be alive."                                                                                                                                                                                                                                                                                                                                                                                                                                                                                                                                                                                                                                                                                                                                                                                                                 , https://image.tmdb.org/t/p/w500/pb9oYHHNzauiCQZT03MpDAg46GI.jpg                                              , https://image.tmdb.org/t/p/original/2yDDwP48GqL9Fpb6UEgGHyqM63y.jpg, https://www.youtube.com/watch?v=mObRUsA7dPY     ,         2026,      0,       9.1  , Robert Hull                                                                             , "[""Sam Worthington"",""Britt Lower"",""Logan Browning"",""Erin Richards"",""Milo Ventimiglia"",""Jonathan Tucker"",""Chi McBride""]"                                                                              , "[""Drama"",""Mystery"",""Crime""]"                                             , active, false   , false   , false  , true       , false       ,           0,             0, 2026-06-19 06:52:46.641015+00, 2026-08-01 12:17:01.170013+00, false    ,        999,  278178, en      , false        , "[""en""]"    , Language: Dual Audio [Hindi (DD5.1) & English] / ESubs              , "[""netflix""]"
df54e4d7-c368-40fa-9b8e-df6af7f3b420, Aukaat Ke Bahar                         , aukaat-ke-bahar-2025                        , "A small-town boxer enters an elite Delhi college to fulfill his brother's dream. He faces bullying and class discrimination while falling for an ambitious senior student, forcing him to fight for love and dignity."                                                                                                                                                                                                                                                                                                                                                                                                                                                                                                                                                                                                                                                                                                                                       , https://image.tmdb.org/t/p/w500/ig2tPrzG4WVSeypRWsQbftjQ5OV.jpg                                              , https://image.tmdb.org/t/p/original/swuQjLe8z31xpw4EeUBYSWhL5m4.jpg, https://youtu.be/fKPox_XIHBY?si=AIfOp_942LJ-3yrw,         2025,      0,            ,                                                                                         , "[""Elvish Yadav"",""Malhaar Rathod"",""Hetal Gada"",""Nikhil Vijay"",""Keshav Sadhana""]"                                                                                                                         , "[""Comedy""]"                                                                  , active, false   , false   , false  , false      , false       ,           0,             0, 2025-12-30 03:26:06.163644+00, 2026-08-01 12:17:01.170013+00, false    ,        999,  307385, hi      , false        , "[""en""]"    , Language: Hindi (DD5.1) / ESubs                                     , []
df977db6-020d-441f-a70c-e6f6c2464ea6, Super Subbu                             , super-subbu-2026                            , An unlucky teacher is assigned to teach sex ed in a hostile village. Can he balance this secret while chasing his dreams and saving his relationship?                                                                                                                                                                                                                                                                                                                                                                                                                                                                                                                                                                                                                                                                                                                                                                                                         , https://image.tmdb.org/t/p/w500/bwb5oPnZAdRwKusI8So8Sx1bcL4.jpg                                              , https://image.tmdb.org/t/p/original/9uOZUDapEqN8qiJ3z8aSCj5k488.jpg, https://www.youtube.com/watch?v=dgWHvUjtDJE     ,         2026,      0,            , Mallik Ram                                                                              , "[""Sundeep Kishan"",""Mithila Palkar"",""Murali Sharma"",""Maanasa Chaudhary"",""Sampoornesh Babu"",""Divya Pillai"",""Brahmanandam"",""Raghu Babu"",""Getup Srinu""]"                                            , "[""Comedy""]"                                                                  , active, false   , false   , false  , true       , false       ,           0,             0, 2026-07-03 16:18:25.319763+00, 2026-08-01 12:17:01.170013+00, false    ,        999,  283609, te      , false        , "[""en""]"    , Language: Dual Audio [Hindi + Telugu] / ESubs                       , "[""netflix""]"
dfee6827-1afe-4008-aeb8-ad83491f7da8, The Family Man                          , the-family-man-2019                         , "The story of a middle-class man who works for a special cell of the National Investigation Agency. While he tries to protect the nation from terrorists, he also has to protect his family from the impact of his secretive, high-pressure, and low paying job."                                                                                                                                                                                                                                                                                                                                                                                                                                                                                                                                                                                                                                                                                             , https://catimages.org/images/2025/11/21/The-Family-Man-S03-Hindi-HDRip-ALL-Episodes.jpg                      , https://image.tmdb.org/t/p/original/eEzKigDI64OomZV6VTJvoPGmVu1.jpg, https://youtu.be/N7KGF54Xi4c?si=Skh7P_6cvkthVv5i,         2019,      0,       3.8  , "Raj Nidimoru, Krishna D.K."                                                            , "[""Manoj Bajpayee"",""Priyamani"",""Sharib Hashmi"",""Vedant Sinha"",""Ashlesha Thakur"",""Shreya Dhanwanthary"",""Darshan Kumaar"",""Vipin Sharma"",""Jaideep Ahlawat"",""Nimrat Kaur""]"                        , "[""Drama"",""Action & Adventure""]"                                            , active, false   , true    , false  , false      , false       ,           0,             0, 2025-11-23 09:19:12.959061+00, 2026-08-01 12:17:01.170013+00, false    ,        999,   93352, hi      , false        , "[""en""]"    , Language: Hindi DD5.1 / ESubs                                       , []
e03024e1-f518-42ce-a24f-31cda3bebe70, Aspirants                               , aspirants-2021                              , "Aspirants is a story of 3 friends - Abhilash, SK, and Guri. The story takes place in the past and the present where the past captures the struggle and the drama behind the making of UPSC CSE aspirants in Old Rajinder Nagar of Delhi, while the present talks about the aftermath. It is the story of three UPSC aspirants journey."                                                                                                                                                                                                                                                                                                                                                                                                                                                                                                                                                                                                                      , https://image.tmdb.org/t/p/w500/lG8wK40jH4EX6dbVFI1fzw2E96N.jpg                                              , https://image.tmdb.org/t/p/original/1g3856hsrYrSp6gWQMUpwqDw8Nb.jpg,                                                 ,         2021,      0,       9.1  , "Arunabh Kumar, Shreyansh Pandey, Deepesh Sumitra Jagdish"                              , "[""Naveen Kasturia"",""Shivankit Singh Parihar"",""Abhilash Thapliyal"",""Sunny Hinduja"",""Namita Dubey"",""Jatin Goswami"",""Tengam Celine""]"                                                                  , "[""Drama""]"                                                                   , active, false   , true    , false  , false      , false       ,           0,             0, 2026-03-14 23:27:26.159666+00, 2026-08-01 12:17:01.170013+00, false    ,        999,  124411, hi      , false        , "[""en""]"    , Language: Hindi DD5.1 / ESubs                                       , []
e422b795-2a44-4402-822b-c63c33b5ccfd, Freedom at Midnight                     , freedom-at-midnight-2024                    , "Freedom at Midnight is the electrifying story of India's struggle for independence. Based on the bestselling book of the same name, it recounts the partition of India and Pakistan, and the religious and socio-political dynamics of the era."                                                                                                                                                                                                                                                                                                                                                                                                                                                                                                                                                                                                                                                                                                             , https://image.tmdb.org/t/p/w500/gCId3CjVHGePMYtu1pYzhZDXtEc.jpg                                              , https://image.tmdb.org/t/p/original/tRiE07p2RbK88Fua4Zx6WOkaxRm.jpg, https://www.youtube.com/watch?v=Pc3Qhwoi8-Y     ,         2024,      0,       4.2  , Nikkhil Advani                                                                          , "[""Sidhant Gupta"",""Chirag Vohra"",""Rajendra Chawla"",""Arif Zakaria"",""Rajesh Kumar""]"                                                                                                                       , "[""Drama"",""War & Politics""]"                                                , active, false   , true    , false  , false      , false       ,           0,             0, 2026-01-11 03:36:37.240967+00, 2026-08-01 12:17:01.170013+00, false    ,        999,  258427, hi      , false        , "[""en""]"    , Language: Hindi DD5.1 / ESubs                                       , []
e5875f34-1378-4c2f-be76-aab98750f553, Rangbaaz                                , rangbaaz-2018                               , Shiv Prakash Shukla a 25 year age boy from Gorakhpur becomes the deadliest gangster of Uttar Pradesh in 1990s. He works for powerful politicians and involves in organised crimes. The state government felt danger from him and form STF to get him killed in a police encounter by tracking his mobile phone location.                                                                                                                                                                                                                                                                                                                                                                                                                                                                                                                                                                                                                                      , https://image.tmdb.org/t/p/w500/pzs6o3OIly2SAssgP3GRCFpAKsD.jpg                                              , https://image.tmdb.org/t/p/original/wslIMaEzoRhm93C1KAMQOpApcfI.jpg,                                                 ,         2018,      0,       3.7  , Bhav Dhulia                                                                             , "[""Vineet Kumar Singh"",""Aakanksha Singh"",""Vijay Maurya"",""Rajesh Tailang"",""Prashant Narayanan"",""Geetanjali Kulkarni"",""Sudhanva Deshpande"",""Soham Majumdar"",""Ashok Pathak""]"                       , "[""Crime"",""Action & Adventure"",""Reality""]"                                , active, false   , false   , false  , false      , false       ,           0,             0, 2026-02-11 08:13:12.306776+00, 2026-08-01 12:17:01.170013+00, false    ,        999,   85201, hi      , false        , "[""en""]"    , Language: Hindi DD5.1 / ESubs                                       , []
e66bcb49-3e7a-4182-a128-7d06eb4a2819, Blood Coast                             , blood-coast-2023                            , "As a vicious drug dealer tries to overtake Marseille, a rogue police captain and his daredevil team welcome a new recruit with an agenda of her own."                                                                                                                                                                                                                                                                                                                                                                                                                                                                                                                                                                                                                                                                                                                                                                                                        , https://image.tmdb.org/t/p/w500/ryPFVlgJkjV5uhWQiIBnYp4b54X.jpg                                              , https://image.tmdb.org/t/p/original/vINfddqZKlEsOzDpDfnHrrEAaH1.jpg, https://youtu.be/XEpfp9C0UF8?si=-WaskVvLYODrE_V9,         2023,      0,       3.7  , Olivier Marchal                                                                         , "[""""]"                                                                                                                                                                                                           , "[""Action & Adventure"",""Crime"",""Drama""]"                                  , active, false   , false   , false  , false      , false       ,           0,             0, 2025-12-30 02:14:35.467754+00, 2026-08-01 12:17:01.170013+00, false    ,        999,  216985, en      , true         , "[""en""]"    , Language: Dual Audio [Hindi (DD5.1) + English] / ESubs              , []
e7913254-52a2-4a54-8f19-cbd103373a74, Our Sticky Love                         , our-sticky-love-2026                        , An ambitious prosecutor loses her memory and moves in with a boxing coach who claims to be her boyfriend. Can this sticky situation turn into real love?                                                                                                                                                                                                                                                                                                                                                                                                                                                                                                                                                                                                                                                                                                                                                                                                      , https://image.tmdb.org/t/p/w500/tSZ4aFpTGc8Oj52SuzPUUZ7WKL0.jpg                                              , https://image.tmdb.org/t/p/original/mp2AFsWsuyxCzenJh3DTKw7z4jG.jpg, https://www.youtube.com/watch?v=Wndx_3B0lgc     ,         2026,      0,       7.571, "Kim Jang-han, Mo Ji-hye"                                                               , "[""Jung Hae-in"",""Ahn Ha-young"",""Heo Sung-tae"",""Jeon Bae-soo"",""Seo Jeong-yeon"",""Jang Hye-jin"",""Kim Mi-hwa"",""Cha Chung-hwa"",""Lee Jae-won"",""Choi Yu-ju""]"                                         , "[""Drama"",""Comedy""]"                                                        , active, false   , false   , false  , true       , false       ,           2,             0, 2026-08-09 03:42:43.401194+00, 2026-08-21 06:49:53.981191+00, false    ,        999,  291496, ko      , false        , "[""en""]"    , Language: Dual Audio [Hindi + Korean] / ESubs                       , "[""netflix""]"
e821eddb-021d-4e93-a97e-7ea625005e58, Money Heist: Korea - Joint Economic Area, money-heist-korea---joint-economic-area-2022, "Disguised under the shadows of a mask, a crew of desperados band together under the leadership of a criminal mastermind known only as “The Professor” to pull off the biggest heist Korea has ever seen."                                                                                                                                                                                                                                                                                                                                                                                                                                                                                                                                                                                                                                                                                                                                                    , https://image.tmdb.org/t/p/w500/mbsRGqJtdKcVbjQxkrfzKCAkYoU.jpg                                              , https://image.tmdb.org/t/p/original/lcTuggU70y6pt6x13Rv1Ffjs93K.jpg, https://www.youtube.com/watch?v=Uafg97czxeQ     ,         2022,      0,       3.9  , "Ryu Yong-jae, Kim Hong-sun, Kim Hwan-chae, Choi Sung-joon"                             , "[""Yoo Ji-tae"",""Park Hae-soo"",""Jeon Jong-seo"",""Lee Won-jong"",""Kim Ji-hoon"",""Jang Yoon-ju"",""Lee Hyun-woo"",""Kim Ji-hoon"",""Lee Kyu-ho"",""Lim Ji-yeon""]"                                            , "[""Action & Adventure"",""Crime"",""Drama"",""Mystery""]"                      , active, false   , false   , false  , false      , false       ,           0,             0, 2026-06-10 09:10:47.49678+00 , 2026-08-01 12:17:01.170013+00, false    ,        999,  112836, ko      , true         , "[""en""]"    , Language: Dual Audio [Hindi (DD5.1) + Korean (ORG)] / ESubs         , []
e8c551cf-df8b-421c-a55b-ac661835c0b1, Space Gen: Chandrayaan                  , space-gen-chandrayaan-2026                  , Indian space engineers face mounting pressure to redeem themselves following the Chandrayaan 2 lunar mission's unexpected outcome.                                                                                                                                                                                                                                                                                                                                                                                                                                                                                                                                                                                                                                                                                                                                                                                                                            , https://image.tmdb.org/t/p/w500/d6WIr1vycFCCdYewgRf8dpWxQQE.jpg                                              , https://image.tmdb.org/t/p/original/b2aqt6McezsiRxE0AOVbUulV2cU.jpg,                                                 ,         2026,      0,       6.5  , Arunabh Kumar                                                                           , "[""Nakuul Mehta"",""Shriya Saran"",""Prakash Belawadi"",""Gopal Datt"",""Danish Sait"",""Udhayabanu Mageswaran""]"                                                                                                , "[""Drama"",""Sci-Fi & Fantasy""]"                                              , active, false   , false   , false  , true       , false       ,           0,             0, 2026-01-28 10:23:21.387769+00, 2026-08-01 12:17:01.170013+00, false    ,        999,  311632, hi      , false        , "[""en""]"    , Language: Hindi DD5.1 / ESubs                                       , []
e9d3760e-3188-4d88-90bd-da05714643b6, MobLand                                 , mobland-2025                                , Two mob families clash in a war that threatens to topple empires and lives.                                                                                                                                                                                                                                                                                                                                                                                                                                                                                                                                                                                                                                                                                                                                                                                                                                                                                   , https://image.tmdb.org/t/p/w500/abeH7n5pcuQcwYcTxG6DTZvXLP1.jpg                                              , https://image.tmdb.org/t/p/original/tQqbbxBAdW2ql8vbOqMOJbtSQ7O.jpg, https://www.youtube.com/watch?v=qKGgw7Ob5f4     ,         2025,      0,            , Ronan Bennett                                                                           , "[""Tom Hardy"",""Pierce Brosnan"",""Paddy Considine"",""Joanne Froggatt"",""Lara Pulver"",""Anson Boon"",""Jasmine Jobson"",""Mandeep Dhillon""]"                                                                 , "[""Crime"",""Drama""]"                                                         , active, false   , false   , false  , false      , false       ,           0,             0, 2026-09-12 16:50:46.553417+00, 2026-09-12 16:50:46.553417+00, false    ,        999,  247718, en      , false        , []            ,                                                                     , []
ea538a38-da48-461c-ac96-eb64cf8e6d2e, The Jacksons: An American Dream         , the-jacksons-an-american-dream-1992         , The history of the Jackson family and the early and successful years of the Motown group The Jackson 5.                                                                                                                                                                                                                                                                                                                                                                                                                                                                                                                                                                                                                                                                                                                                                                                                                                                       , https://image.tmdb.org/t/p/w500/4fHM1tTWf0n8mzxh4d1G2er7yPx.jpg                                              , https://image.tmdb.org/t/p/original/nBJB5xBazUbhYTQff0MlEGJf2Bq.jpg, https://www.youtube.com/watch?v=Yj-DlEV1cbw     ,         1992,      0,       7.6  , Jermaine Jackson                                                                        , "[""Angela Bassett"",""Lawrence Hilton-Jacobs"",""Billy Dee Williams"",""Jason Weaver"",""Bumper Robinson"",""Terrence Howard"",""Vanessa Williams"",""Holly Robinson Peete"",""Ebonie Smith"",""Margaret Avery""]", "[""Drama""]"                                                                   , active, false   , false   , false  , false      , false       ,           0,             0, 2026-05-18 18:43:11.29085+00 , 2026-08-01 12:17:01.170013+00, false    ,        999,    9323, hi      , true         , "[""en""]"    , Language: Hindi (ORG DD2.0) + English                               , []
eb9b7e74-32a6-4ef8-be69-173fb73a7ca0, Spider-Noir                             , spider-noir-2026                            , "Ben Reilly, an aging and down on his luck private investigator in 1930s New York, is forced to grapple with his past life as the city's one and only superhero."                                                                                                                                                                                                                                                                                                                                                                                                                                                                                                                                                                                                                                                                                                                                                                                             , https://image.tmdb.org/t/p/w500/oD8WSVqz84ZRfelkr7JPeJwR9Iv.jpg                                              , https://image.tmdb.org/t/p/original/19yUwtpsnI2o9DIvA3A2jrKJcOd.jpg, https://www.youtube.com/watch?v=e5QW457407U     ,         2026,      0,       7.714, Oren Uziel                                                                              , "[""Nicolas Cage"",""Lamorne Morris"",""Li Jun Li"",""Karen Rodriguez"",""Abraham Popoola"",""Jack Huston"",""Brendan Gleeson""]"                                                                                  , "[""Action & Adventure"",""Crime"",""Mystery""]"                                , active, false   , false   , false  , true       , false       ,           0,             0, 2026-05-27 13:53:37.941911+00, 2026-08-01 12:17:01.170013+00, false    ,        999,  220102, en      , true         , "[""en""]"    , Language: Dual Audio [Hindi (DD5.1) + English] / ESubs              , []
ec1aeb7d-6836-4e79-8dec-3df86bfbf8de, Shabad - Reet aur Riwaaz                , shabad---reet-aur-riwaaz-2026               , "In a tight-knit Punjabi household, Ghuppi a stammering teen, secretly chases his dream of football while being forced by his revered Ragi singer father to uphold the family tradition. As tensions rise, both father and son must confront."                                                                                                                                                                                                                                                                                                                                                                                                                                                                                                                                                                                                                                                                                                                , https://image.tmdb.org/t/p/w500/jmcdPIYu0oCi6hFkEcmc3GlI3k3.jpg                                              , https://image.tmdb.org/t/p/original/AiPIT8PiHSJgVBu3PriEOyyDgWZ.jpg,                                                 ,         2026,      0,       7.7  , Jayati Pandya                                                                           , "[""Suvinder Vicky"",""Mihir Ahuja"",""Taranjit Kaur"",""Maahi Raj Jain"",""Sushant Kandya"",""Tejas Mathur"",""Yash Sehgal"",""Kavya Pandit""]"                                                                   , "[""Comedy"",""Drama"",""Family""]"                                             , active, false   , false   , false  , true       , false       ,           0,             0, 2026-02-06 18:46:05.442481+00, 2026-08-01 12:17:01.170013+00, false    ,        999,  313342, hi      , false        , "[""en""]"    , Language: Hindi DD5.1 / ESubs                                       , []
ecd03f37-9d72-42cf-b1eb-73dfd6bc7c77, Beast Games                             , beast-games-2024                            , "I gathered 1,000 people to fight for $5,000,000, the LARGEST cash prize in TV history! We're also giving away a private island, Lamborghinis, and millions more in cash throughout the competition! Go watch to see the greatest show ever made!"                                                                                                                                                                                                                                                                                                                                                                                                                                                                                                                                                                                                                                                                                                            , https://image.tmdb.org/t/p/w500/6Zww0KyC518xni9m12dA3qB392D.jpg                                              , https://image.tmdb.org/t/p/original/p1rQJ5bljPSk3LoCo5UKRkpsiSd.jpg, https://www.youtube.com/watch?v=37ZG9lddxto     ,         2024,      0,       3.7  , "Jimmy Donaldson, Tyler Conklin, Sean Klitzner, Mack Hopkins"                           , "[""Jimmy Donaldson"",""Sean Klitzner""]"                                                                                                                                                                          , "[""Reality""]"                                                                 , active, false   , false   , false  , false      , false       ,           0,             0, 2026-01-11 03:28:15.670015+00, 2026-08-01 12:17:01.170013+00, false    ,        999,  249522, en      , true         , "[""en""]"    , Language: Dual Audio [Hindi (DD2.0) + English] / ESubs              , []
ed5fe48c-f51e-4b15-8010-2bdbcf01586c, The Game: You Never Play Alone          , the-game-you-never-play-alone-2025          , A career-driven game developer fights back against misogynistic expectations after she becomes the target of brutal attacks online and in real life.                                                                                                                                                                                                                                                                                                                                                                                                                                                                                                                                                                                                                                                                                                                                                                                                          , https://assets.gadgets360cdn.com/pricee/assets/product/202509/The_Game_You_Never_Play_Alone_P_1758798006.jpg ,                                                                    , https://youtu.be/2DVSkdW0yyo?si=OmShIEe03thX01Wq,         2025,      0,       4.6  , Rajesh M. Selva                                                                         , "[""Shraddha Srinath | Chandini | Mukund K Rajesh""]"                                                                                                                                                              , "[""Crime"",""Mystery"",""Thriller""]"                                          , active, false   , false   , false  , true       , false       ,           0,             0, 2025-11-13 20:49:02.926256+00, 2026-08-01 12:17:01.170013+00, false    ,        999,  300741, ta      , true         , "[""en""]"    , Language: Dual Audio [Hindi (DD5.1) + Tamil] / ESubs                , []
ede93384-bad7-464c-8f89-54312a4bea74, Four More Shots Please!                 , four-more-shots-please-2019                 , "Four unapologetically flawed women live, love, blunder and discover what really makes them tick through friendship and tequila in millennial Mumbai."                                                                                                                                                                                                                                                                                                                                                                                                                                                                                                                                                                                                                                                                                                                                                                                                        , https://image.tmdb.org/t/p/w500/a4UNvDfbgk3AY7452dr9uGhulzB.jpg                                              , https://image.tmdb.org/t/p/original/7JHrABvkB9n4W3274w4vw42i9A1.jpg, https://www.youtube.com/watch?v=a5Hr90wp6bU     ,         2019,      0,       2.9  , "Rangita Pritish Nandy, Ishita Pritish Nandy"                                           , "[""Sayani Gupta"",""Kirti Kulhari"",""Maanvi Gagroo"",""Gurbani Judge"",""Rajeev Siddhartha"",""Dino Morea""]"                                                                                                    , "[""Drama"",""Comedy""]"                                                        , active, false   , false   , false  , false      , false       ,           0,             0, 2025-12-30 02:31:11.679592+00, 2026-08-01 12:17:01.170013+00, false    ,        999,   86165, hi      , false        , "[""en""]"    , Language: Hindi (DD5.1) / ESubs                                     , []
efb25d7d-11d3-4978-81da-966f8cb37d28, Sapne vs Everyone                       , sapne-vs-everyone-2023                      , "Two obsessive dreamers collide with the resistance of expectations, morality and each other."                                                                                                                                                                                                                                                                                                                                                                                                                                                                                                                                                                                                                                                                                                                                                                                                                                                                , https://image.tmdb.org/t/p/w500/ajBMZ9JNpfrecj4xpZz49tCONBm.jpg                                              , https://image.tmdb.org/t/p/original/xP8OH1O4DBd6Std0LVprox9cYQD.jpg, https://www.youtube.com/watch?v=eOboQz4p0lM     ,         2023,      0,       7.6  , Ambrish Verma                                                                           , "[""Paramvir Singh Cheema"",""Ambrish Verma"",""Vijayant Kohli""]"                                                                                                                                                 , "[""Drama""]"                                                                   , active, false   , false   , false  , false      , false       ,           0,             0, 2026-05-01 20:57:14.001481+00, 2026-08-01 12:17:01.170013+00, false    ,        999,  240983, hi      , false        , "[""en""]"    , Language: Hindi DD5.1 / ESubs                                       , []
f101231b-5afc-4b73-891a-ee4c5e717222, Declassified: Operation Sindoor         , declassified-operation-sindoor-2026         , "Following the Pahalgam terror attack in April, India's military leadership deliberates and plans Operation Sindoor, an 88-hour military operation launched on May 7, featuring accounts from operatives and experts."                                                                                                                                                                                                                                                                                                                                                                                                                                                                                                                                                                                                                                                                                                                                        , https://encrypted-tbn2.gstatic.com/images?q=tbn:ANd9GcT39uEDTVAakA7h5eH8FyXAfZUNsdr0CnfYjIUYwcDE_vdGTNcD     , https://image.tmdb.org/t/p/original/l4MzQWKOADiU1tvssnVPtzXAzPM.jpg, https://youtu.be/CKcPOxdByX0?si=SGq0ceRUmmTZdWze,         2026,      0,            ,                                                                                         , "[""Ajit Doval"",""Prabhu Asgaonkar"",""Manika Berry Asgaonkar""]"                                                                                                                                                 , "[""Adventure"",""Documentary""]"                                               , active, false   , false   , false  , true       , false       ,           4,             0, 2026-08-16 01:13:14.586082+00, 2026-08-17 07:46:46.393343+00, false    ,        999,  331793, en      , false        , "[""en""]"    , Language: English DD5.1 / ESubs                                     , "[""amazon-prime""]"
f5d178b9-bf79-4d2f-a8b3-fed764eb8471, Made in India: A Titan Story            , made-in-india-a-titan-story-2026            , "In a market ruled by smuggling and foreign brands, a determined Indian man Xerxes Desai, with the help of his team, dares to build a world-class watch from scratch. Battling rejection, failure, and global humiliation, they transform Titan into a symbol of national pride and innovation."                                                                                                                                                                                                                                                                                                                                                                                                                                                                                                                                                                                                                                                              , https://image.tmdb.org/t/p/w500/zAWOvPc6gdA9WvssVrxaOkuSHOx.jpg                                              , https://image.tmdb.org/t/p/original/dWd1gNBNZG4VrXqev1krjqT40MD.jpg, https://www.youtube.com/watch?v=MPNexsJZycw     ,         2026,      0,            ,                                                                                         , "[""Naseeruddin Shah"",""Jim Sarbh"",""Vaibhav Tatwawadi"",""Lakshvir Saran"",""Kaveri Seth"",""Namita Dubey"",""Joy Sengupta"",""Ashwath Bhatt"",""Prateeksha Lonkar"",""Paresh Ganatra""]"                       , "[""Drama""]"                                                                   , active, false   , false   , false  , true       , false       ,           0,             0, 2026-06-04 17:34:33.09761+00 , 2026-08-01 12:17:01.170013+00, false    ,        999,  297171, hi      , false        ,               , Language: Hindi DD5.1 / ESubs                                       , []
f5e3fb21-fed4-4b3b-b5a0-6f70416d607c, Batman: Caped Crusader                  , batman-caped-crusader-2024                  , "Welcome to Gotham City, where the corrupt outnumber the good, criminals run rampant and law-abiding citizens live in a constant state of fear. Forged in the fire of tragedy, wealthy socialite Bruce Wayne becomes something both more and less than human—the Batman. His one-man crusade for justice attracts unexpected allies within the GCPD and City Hall, but his heroic actions spawn deadly, unforeseen ramifications."                                                                                                                                                                                                                                                                                                                                                                                                                                                                                                                            , https://image.tmdb.org/t/p/w500/zCHmmoqtLsIsou866osiWtIWmoA.jpg                                              , https://image.tmdb.org/t/p/original/vTqkpDUe1DUUPcHDpcf0RT0gIQ0.jpg, https://www.youtube.com/watch?v=1TRK90KSkFM     ,         2024,      0,       7.261, Bruce Timm                                                                              , "[""Hamish Linklater""]"                                                                                                                                                                                           , "[""Animation"",""Crime"",""Action & Adventure"",""Mystery""]"                  , active, false   , false   , false  , false      , false       ,           0,             0, 2026-08-04 09:02:48.897538+00, 2026-08-04 09:02:48.897538+00, false    ,        999,  125909, en      , false        , "[""en""]"    , Language: English DD5.1 / ESubs                                     , "[""amazon-prime""]"
f694a5ce-e352-4cba-9b42-886b5d755166, Court Kacheri                           , court-kacheri-2025                          , "In a chaotic district court of rural India, the son of a legendary lawyer wrestles with his unwanted inheritance while cases expose the messy truth behind local justice."                                                                                                                                                                                                                                                                                                                                                                                                                                                                                                                                                                                                                                                                                                                                                                                   , https://image.tmdb.org/t/p/w500/vF8EPLO71t2eVdR3l7UgpMHrP3K.jpg                                              , https://image.tmdb.org/t/p/original/hR6hgCTYi8VMXpRPGiWVYitUDYt.jpg, https://youtu.be/OspPpKf_J7c?si=ctCk_6OxU-nfpEdr,         2025,      0,            , Arunabh Kumar                                                                           , "[""Ashish Verma"",""Puneet Batra"",""Pavan Malhotra"",""Priyasha Bhardwaj""]"                                                                                                                                     , "[""Comedy"",""Drama""]"                                                        , active, false   , false   , false  , true       , false       ,           0,             0, 2025-11-13 18:20:51.23436+00 , 2026-08-01 12:17:01.170013+00, false    ,        999,  298052, hi      , false        , "[""en""]"    , Language: Hindi DD5.1 / ESubs                                       , []
f970e969-3c88-467f-b755-90e2ccb9d3d7, My Brilliant Career                     , my-brilliant-career-2026                    , "Restless, razor-sharp, and refusing to conform, Sybylla is dead set on writing her own story in an era that expects her to find a man and settle down."                                                                                                                                                                                                                                                                                                                                                                                                                                                                                                                                                                                                                                                                                                                                                                                                      , https://image.tmdb.org/t/p/w500/fhpa8B6USatHybK04XBbPAB6Mlz.jpg                                              , https://image.tmdb.org/t/p/original/5ErhLuuVrxlNa2JiRzXfo0U10uZ.jpg, https://www.youtube.com/watch?v=WoPbcfUmMYw     ,         2026,      0,       5.8  , Liz Doran                                                                               , "[""Philippa Northeast"",""Christopher Chung"",""Anna Chancellor"",""Genevieve O'Reilly"",""Kate Mulvany"",""Jake Dunn"",""Alexander England"",""Sherry-Lee Watson"",""Miah Madden"",""Ella Oliphant""]"           , "[""Drama"",""Family""]"                                                        , active, false   , false   , false  , true       , false       ,           0,             0, 2026-08-14 01:55:33.20805+00 , 2026-08-14 01:55:33.20805+00 , false    ,        999,  309798, en      , false        , "[""en""]"    , Language: English DD5.1 / ESubs                                     , "[""netflix""]"
faf3b19a-820b-4110-acd8-7c5854a180be, Siren's Kiss                            , sirens-kiss-2026                            , "Ace insurance investigator Cha Woo-seok hunts a fraud ring tied to mysterious deaths and becomes dangerously entangled with Han Seol-ah, a flawless art auctioneer whose lovers all seem to die. As attraction and suspicion blur, he must uncover whether she’s a killer or a victim, before the truth costs him his life."                                                                                                                                                                                                                                                                                                                                                                                                                                                                                                                                                                                                                                 , https://image.tmdb.org/t/p/w500/8r8YU97YfSf6QtMKfePmTqhFTeQ.jpg                                              , https://image.tmdb.org/t/p/original/kgnukvQ1YKotz734ACQxDTvDCGe.jpg,                                                 ,         2026,      0,       6.7  , Lee Young                                                                               , "[""Park Min-young"",""Wi Ha-jun"",""Kim Jung-hyun"",""Han Jun-woo"",""Kong Seong-ha"",""Hong Gi-jun"",""Kim Keum-soon"",""Ha Seok-jin"",""Yoon Jong-hoon"",""Jung Eui-jae""]"                                     , "[""Drama"",""Crime"",""Mystery""]"                                             , active, false   , false   , false  , true       , false       ,           0,             0, 2026-03-03 22:32:04.925508+00, 2026-08-01 12:17:01.170013+00, false    ,        999,  310800, en      , true         , "[""en""]"    , Language: Dual Audio [Hindi (DD2.0) & English] / ESubs              , []
fc43c8a6-6102-4bd1-bf6c-5100d5b52416, Ride or Die                             , ride-or-die-2026                            , "Best friends, Judith and Debbie, know everything about each other … well, almost everything. Judith has been living a double life that Debbie knows nothing about: she is a highly trained assassin. When a hit goes horribly wrong, Judith and Debbie must go on the run together and work to repair their broken friendship—all while being targeted by a mysterious enemy who wants them dead. And only together, can they solve this layered mystery."                                                                                                                                                                                                                                                                                                                                                                                                                                                                                                   , https://image.tmdb.org/t/p/w500/uWqEnvpwa2U28QheMdUdEcr4U0M.jpg                                              , https://image.tmdb.org/t/p/original/jwCXxvbLno5GrGDA9KvQ22uLziM.jpg, https://www.youtube.com/watch?v=QFGAxkTRAG8     ,         2026,      0,       3.929, Tessa Coates                                                                            , "[""Hannah Waddingham"",""Octavia Spencer"",""Bill Nighy"",""Ed Skrein""]"                                                                                                                                         , "[""Action & Adventure""]"                                                      , active, false   , false   , false  , true       , false       ,           0,             0, 2026-07-16 06:34:34.509056+00, 2026-08-01 12:17:01.170013+00, false    ,        999,  241882, en      , false        , "[""en""]"    , Language: English DD5.1 / ESubs                                     , "[""amazon-prime""]"
fca6d04b-1d23-4748-9b19-012de9845d78, When I Fly Towards You                  , when-i-fly-towards-you-2023                 , "Set off by a sweet chance encounter, 16-year-old Su Zaizai finds herself helplessly drawn to Zhang Lurang — her smart, charming yet distant schoolmate."                                                                                                                                                                                                                                                                                                                                                                                                                                                                                                                                                                                                                                                                                                                                                                                                     , https://image.tmdb.org/t/p/w500/mjCChwZcEZ9902tUAG1hWZlfOHm.jpg                                              , https://image.tmdb.org/t/p/original/lszTdpvocgGlOo6DBmqBO50qd1h.jpg, https://www.youtube.com/watch?v=YKUOeI7xpdM     ,         2023,      0,       4.4  , Zhu Yi                                                                                  , "[""Zhou Yiran"",""Zhang Miaoyi"",""Jiang Zhinan"",""Bian Tianyang"",""Guo Zhe""]"                                                                                                                                 , "[""Drama"",""Comedy""]"                                                        , active, false   , true    , false  , false      , false       ,           0,             0, 2026-05-01 02:49:15.621089+00, 2026-08-01 12:17:01.170013+00, false    ,        999,  228547, hi      , true         , "[""en""]"    , Language: Dual Audio [Hindi (ORG 5.1) + English] / ESubs            , []
fdb52a6d-45e4-41cd-965d-5727812bb9e0, Daldal                                  , daldal-2026                                 , "Haunted by the guilt of her past and dealing with the demons of her present, a newly-appointed DCP, Rita Ferreira, must embark on an investigation of a series of murders that puts her on a collision course with a cold-blooded serial killer."                                                                                                                                                                                                                                                                                                                                                                                                                                                                                                                                                                                                                                                                                                            , https://image.tmdb.org/t/p/w500/wvAwkKeIs7bkb6EJAYRzpANhfxM.jpg                                              , https://image.tmdb.org/t/p/original/bd0usdz6dgmEE6HVhEhepR5r6MP.jpg,                                                 ,         2026,      0,            , Suresh Triveni                                                                          , "[""Bhumi Pednekar"",""Samara Tijori"",""Aditya Rawal"",""Rahul Bhat"",""Jaya Bhattacharya"",""Ananth Narayan Mahadevan""]"                                                                                        , "[""Drama"",""Mystery""]"                                                       , active, false   , false   , false  , true       , false       ,           0,             0, 2026-01-30 01:49:02.336159+00, 2026-08-01 12:17:01.170013+00, false    ,        999,  249766, hi      , false        , "[""en""]"    , Language: Hindi DD5.1 / ESubs                                       , []
fdb65087-0dd6-4412-8f04-0a92bd77d8cf, Citadel                                 , citadel-2023                                , "What if you lost your memory? What if a spy didn't know they were a spy? Years ago, the top agents of Citadel, Mason Kane and Nadia Sinh, had their minds wiped. But, they're called back to action as sinister forces emerge from the past. With the help of spymaster Bernard Orlick, these former lovers must remember the past to save the future."                                                                                                                                                                                                                                                                                                                                                                                                                                                                                                                                                                                                      , https://image.tmdb.org/t/p/w500/5MHtxPEfmN4b0rHzfEZRcm6v9WI.jpg                                              , https://image.tmdb.org/t/p/original/mce2ZupMnD6fmIT5AcpriP3zNTA.jpg, https://www.youtube.com/watch?v=saoqI5E4PIY     ,         2023,      0,       3.4  , "Josh Appelbaum, David Weil, Bryan Oh"                                                  , "[""Richard Madden"",""Priyanka Chopra Jonas"",""Ashleigh Cummings"",""Roland Møller"",""Lesley Manville"",""Stanley Tucci""]"                                                                                     , "[""Drama"",""Crime"",""Action & Adventure""]"                                  , active, false   , false   , false  , false      , false       ,           0,             0, 2026-05-07 07:43:33.640391+00, 2026-08-01 12:17:01.170013+00, false    ,        999,  114922, hi      , true         , "[""en""]"    , Language: Hindi DD5.1 / ESubs                                       , []
fe01848f-f896-4d79-8d11-f2d668a9a788, Cash Queens                             , cash-queens-2026                            , "When life pushes them to the brink, five desperate friends decide the only way out is to form a gang, swipe some guns and start holding up banks."                                                                                                                                                                                                                                                                                                                                                                                                                                                                                                                                                                                                                                                                                                                                                                                                           , https://image.tmdb.org/t/p/w500/hu9DpdDLU7W0nqmsAJPmWKDeRjT.jpg                                              , https://image.tmdb.org/t/p/original/djAGltv1bVw625yYku4CyA42gq0.jpg,                                                 ,         2026,      0,       2.2  , "Olivier Rosemberg, Carine Prevot"                                                      , "[""Rebecca Marder"",""Naidra Ayadi"",""Zoé Marchal"",""Pascale Arbillot"",""Jonathan Cohen"",""Tya Deslauriers"",""François Damiens"",""Brahim Koutari"",""Lucas Mortier"",""Sami Outalbali""]"                   , "[""Comedy"",""Action & Adventure"",""Drama""]"                                 , active, false   , false   , false  , true       , false       ,           0,             0, 2026-02-06 11:44:15.827937+00, 2026-08-01 12:17:01.170013+00, false    ,        999,  269160, en      , true         , "[""en""]"    , Language: Dual Audio [Hindi (DD5.1) & English] / ESubs              , []
ff086370-d003-408b-a6bc-fb76be4bbc97, India's Got Latent                      , indias-got-latent-2024                      , "Samay Raina and the guest judges hilariously critique the untapped, undeniably entertaining ""latent"" talents of aspiring performers, testing their self-awareness with a unique scoring system."                                                                                                                                                                                                                                                                                                                                                                                                                                                                                                                                                                                                                                                                                                                                                           , https://image.tmdb.org/t/p/w500/8jcdd5HqW4nhF2upVGFS0KJ6hdY.jpg                                              , https://image.tmdb.org/t/p/original/3qS74RxSO4K9TaxSSHPHc1vCGFW.jpg,                                                 ,         2024,      0,       4.4  , Samay Raina                                                                             , "[""Samay Raina""]"                                                                                                                                                                                                , "[""Reality"",""Comedy""]"                                                      , active, false   , true    , false  , false      , false       ,           0,             0, 2026-06-21 06:07:44.081676+00, 2026-08-01 12:17:01.170013+00, false    ,        999,  262838, en      , false        , "[""en""]"    ,                                                                     , []
ff09f11c-aa52-4b84-98a1-924ea1f0a077, Regai                                   , regai-2025                                  , SI Vetri investigates a medical team that is trying to cover up deaths of clinical trial participants by staging them as accidents. Can Vetri put an end to this sinister plot before it's too late?                                                                                                                                                                                                                                                                                                                                                                                                                                                                                                                                                                                                                                                                                                                                                          , https://image.tmdb.org/t/p/w500/2LTZYsTjEIThqI3kLScoeqZX3q0.jpg                                              , https://image.tmdb.org/t/p/original/qYJWMyvuJBaRnPlBqQpHOeESqhK.jpg, https://www.youtube.com/watch?v=PPxtmc0Yb_Y     ,         2025,      0,            , M. Dhinakaran                                                                           , "[""Bala Hasan"",""Pavithra Janani"",""Vinodhini Vaidyanathan"",""Anjali Rao"",""Indrajith Aju"",""Ashok Samrat"",""Poobalam Pragatheeswaran""]"                                                                   , "[""Crime"",""Mystery""]"                                                       , active, false   , false   , false  , true       , false       ,           0,             0, 2025-12-30 02:34:15.346475+00, 2026-08-01 12:17:01.170013+00, false    ,        999,  306825, ta      , true         , "[""en""]"    , Language: Dual Audio [Hindi (DD5.1) & Tamil] / ESubs                , []